ISO-10303-21;
HEADER;
/* Generated by software containing ST-Developer
 * from STEP Tools, Inc. (www.steptools.com) 
 */

FILE_DESCRIPTION(
/* description */ (''),
/* implementation_level */ '2;1');

FILE_NAME(
/* name */ 'Supporto marker Upright.stp',
/* time_stamp */ '2026-07-30T09:23:07+02:00',
/* author */ ('feder'),
/* organization */ (''),
/* preprocessor_version */ 'ST-DEVELOPER v20.1',
/* originating_system */ 'Autodesk Inventor 2026',
/* authorisation */ '');

FILE_SCHEMA (('AUTOMOTIVE_DESIGN { 1 0 10303 214 3 1 1 }'));
ENDSEC;

DATA;
#10=MECHANICAL_DESIGN_GEOMETRIC_PRESENTATION_REPRESENTATION('',(#13),#7286);
#11=SHAPE_REPRESENTATION_RELATIONSHIP('SRR','None',#7293,#12);
#12=ADVANCED_BREP_SHAPE_REPRESENTATION('',(#14),#7285);
#13=STYLED_ITEM('',(#7302),#14);
#14=MANIFOLD_SOLID_BREP('Solido1',#1226);
#15=FACE_BOUND('',#166,.T.);
#16=FACE_BOUND('',#167,.T.);
#17=FACE_BOUND('',#168,.T.);
#18=FACE_BOUND('',#169,.T.);
#19=FACE_BOUND('',#170,.T.);
#20=FACE_BOUND('',#171,.T.);
#21=FACE_BOUND('',#172,.T.);
#22=FACE_BOUND('',#173,.T.);
#23=FACE_BOUND('',#174,.T.);
#24=FACE_BOUND('',#175,.T.);
#25=FACE_BOUND('',#176,.T.);
#26=FACE_BOUND('',#177,.T.);
#27=FACE_BOUND('',#178,.T.);
#28=FACE_BOUND('',#185,.T.);
#29=FACE_BOUND('',#187,.T.);
#30=FACE_BOUND('',#189,.T.);
#31=FACE_BOUND('',#202,.T.);
#32=FACE_BOUND('',#203,.T.);
#33=FACE_BOUND('',#204,.T.);
#34=FACE_BOUND('',#205,.T.);
#35=FACE_BOUND('',#206,.T.);
#36=FACE_BOUND('',#207,.T.);
#37=FACE_BOUND('',#208,.T.);
#38=FACE_BOUND('',#209,.T.);
#39=FACE_BOUND('',#210,.T.);
#40=FACE_BOUND('',#211,.T.);
#41=CONICAL_SURFACE('',#1282,4.95,0.785398163397448);
#42=CONICAL_SURFACE('',#1302,4.95,0.785398163397448);
#43=CONICAL_SURFACE('',#1307,4.95,0.785398163397448);
#44=PLANE('',#1277);
#45=PLANE('',#1278);
#46=PLANE('',#1281);
#47=PLANE('',#1286);
#48=PLANE('',#1312);
#49=PLANE('',#1313);
#50=PLANE('',#1314);
#51=PLANE('',#1337);
#52=B_SPLINE_SURFACE_WITH_KNOTS('',3,3,((#2356,#2357,#2358,#2359,#2360,
#2361,#2362,#2363,#2364,#2365,#2366,#2367,#2368,#2369,#2370,#2371,#2372,
#2373,#2374,#2375,#2376,#2377,#2378,#2379,#2380,#2381,#2382,#2383,#2384,
#2385,#2386,#2387,#2388,#2389,#2390,#2391,#2392,#2393,#2394,#2395,#2396,
#2397,#2398,#2399,#2400,#2401,#2402,#2403,#2404,#2405),(#2406,#2407,#2408,
#2409,#2410,#2411,#2412,#2413,#2414,#2415,#2416,#2417,#2418,#2419,#2420,
#2421,#2422,#2423,#2424,#2425,#2426,#2427,#2428,#2429,#2430,#2431,#2432,
#2433,#2434,#2435,#2436,#2437,#2438,#2439,#2440,#2441,#2442,#2443,#2444,
#2445,#2446,#2447,#2448,#2449,#2450,#2451,#2452,#2453,#2454,#2455),(#2456,
#2457,#2458,#2459,#2460,#2461,#2462,#2463,#2464,#2465,#2466,#2467,#2468,
#2469,#2470,#2471,#2472,#2473,#2474,#2475,#2476,#2477,#2478,#2479,#2480,
#2481,#2482,#2483,#2484,#2485,#2486,#2487,#2488,#2489,#2490,#2491,#2492,
#2493,#2494,#2495,#2496,#2497,#2498,#2499,#2500,#2501,#2502,#2503,#2504,
#2505),(#2506,#2507,#2508,#2509,#2510,#2511,#2512,#2513,#2514,#2515,#2516,
#2517,#2518,#2519,#2520,#2521,#2522,#2523,#2524,#2525,#2526,#2527,#2528,
#2529,#2530,#2531,#2532,#2533,#2534,#2535,#2536,#2537,#2538,#2539,#2540,
#2541,#2542,#2543,#2544,#2545,#2546,#2547,#2548,#2549,#2550,#2551,#2552,
#2553,#2554,#2555)),.UNSPECIFIED.,.F.,.F.,.F.,(4,4),(4,1,1,1,1,1,1,1,1,
1,1,1,1,1,1,1,1,1,1,1,1,1,1,1,1,1,1,1,1,1,1,1,1,1,1,1,1,1,1,1,1,1,1,1,1,
1,1,4),(0.,0.0437523587657924),(0.785306891308788,1.78197702579682,2.77864716028486,
3.77531729477289,4.77198742926092,5.76865756374896,6.76532769823699,7.76199783272503,
8.75866796721306,9.7553381017011,10.7520082361891,11.7486783706772,12.7453485051652,
13.7420186396532,14.7386887741413,15.7353589086293,16.7320290431173,17.7286991776054,
18.7253693120934,19.7220394465814,20.7187095810695,21.7153797155575,22.7120498500455,
23.7087199845336,24.7053901190216,25.7020602535096,26.6987303879977,27.6954005224857,
28.6920706569737,29.6887407914618,30.6854109259498,31.6820810604378,32.6787511949259,
33.6754213294139,34.6720914639019,35.66876159839,36.665431732878,37.662101867366,
38.6587720018541,39.6554421363421,40.6521122708301,41.6487824053182,42.6454525398062,
43.6421226742942,44.6387928087823,45.6354629432703,46.6321330777583,47.6288032122464),
 .UNSPECIFIED.);
#53=B_SPLINE_SURFACE_WITH_KNOTS('',3,3,((#2771,#2772,#2773,#2774,#2775,
#2776,#2777,#2778,#2779,#2780,#2781,#2782,#2783,#2784,#2785,#2786,#2787,
#2788,#2789,#2790,#2791,#2792,#2793,#2794,#2795,#2796,#2797,#2798,#2799,
#2800,#2801,#2802,#2803,#2804,#2805,#2806,#2807,#2808,#2809,#2810,#2811,
#2812,#2813,#2814,#2815,#2816,#2817,#2818,#2819,#2820,#2821,#2822,#2823,
#2824,#2825,#2826,#2827,#2828,#2829),(#2830,#2831,#2832,#2833,#2834,#2835,
#2836,#2837,#2838,#2839,#2840,#2841,#2842,#2843,#2844,#2845,#2846,#2847,
#2848,#2849,#2850,#2851,#2852,#2853,#2854,#2855,#2856,#2857,#2858,#2859,
#2860,#2861,#2862,#2863,#2864,#2865,#2866,#2867,#2868,#2869,#2870,#2871,
#2872,#2873,#2874,#2875,#2876,#2877,#2878,#2879,#2880,#2881,#2882,#2883,
#2884,#2885,#2886,#2887,#2888),(#2889,#2890,#2891,#2892,#2893,#2894,#2895,
#2896,#2897,#2898,#2899,#2900,#2901,#2902,#2903,#2904,#2905,#2906,#2907,
#2908,#2909,#2910,#2911,#2912,#2913,#2914,#2915,#2916,#2917,#2918,#2919,
#2920,#2921,#2922,#2923,#2924,#2925,#2926,#2927,#2928,#2929,#2930,#2931,
#2932,#2933,#2934,#2935,#2936,#2937,#2938,#2939,#2940,#2941,#2942,#2943,
#2944,#2945,#2946,#2947),(#2948,#2949,#2950,#2951,#2952,#2953,#2954,#2955,
#2956,#2957,#2958,#2959,#2960,#2961,#2962,#2963,#2964,#2965,#2966,#2967,
#2968,#2969,#2970,#2971,#2972,#2973,#2974,#2975,#2976,#2977,#2978,#2979,
#2980,#2981,#2982,#2983,#2984,#2985,#2986,#2987,#2988,#2989,#2990,#2991,
#2992,#2993,#2994,#2995,#2996,#2997,#2998,#2999,#3000,#3001,#3002,#3003,
#3004,#3005,#3006),(#3007,#3008,#3009,#3010,#3011,#3012,#3013,#3014,#3015,
#3016,#3017,#3018,#3019,#3020,#3021,#3022,#3023,#3024,#3025,#3026,#3027,
#3028,#3029,#3030,#3031,#3032,#3033,#3034,#3035,#3036,#3037,#3038,#3039,
#3040,#3041,#3042,#3043,#3044,#3045,#3046,#3047,#3048,#3049,#3050,#3051,
#3052,#3053,#3054,#3055,#3056,#3057,#3058,#3059,#3060,#3061,#3062,#3063,
#3064,#3065)),.UNSPECIFIED.,.F.,.F.,.F.,(4,1,4),(4,1,1,1,1,1,1,1,1,1,1,
1,1,1,1,1,1,1,1,1,1,1,1,1,1,1,1,1,1,1,1,1,1,1,1,1,1,1,1,1,1,1,1,1,1,1,1,
1,1,1,1,1,1,1,1,1,4),(-1.04719755119658,-0.598398600683758,-2.38697950294409E-15),
(0.,0.498665500569809,0.997331001139617,1.99466200227923,2.99199300341885,
3.98932400455847,4.98665500569809,5.9839860068377,6.98131700797732,7.97864800911694,
8.97597901025655,9.97331001139617,10.9706410125358,11.9679720136754,12.965303014815,
13.9626340159546,14.9599650170943,15.9572960182339,16.9546270193735,17.9519580205131,
18.9492890216527,19.9466200227923,20.943951023932,21.9412820250716,22.9386130262112,
23.9359440273508,24.9332750284904,25.93060602963,26.9279370307697,27.9252680319093,
28.9225990330489,29.9199300341885,30.9172610353281,31.9145920364677,32.9119230376074,
33.909254038747,34.9065850398866,35.9039160410262,36.9012470421658,37.8985780433054,
38.8959090444451,39.8932400455847,40.8905710467243,41.8879020478639,42.8852330490035,
43.8825640501432,44.8798950512828,45.8772260524224,46.874557053562,47.8718880547016,
48.8692190558412,49.8665500569808,50.8638810581205,51.8612120592601,52.8585430603997,
53.3572085609695,53.8558740615393),.UNSPECIFIED.);
#54=B_SPLINE_SURFACE_WITH_KNOTS('',3,3,((#3216,#3217,#3218,#3219,#3220,
#3221,#3222,#3223,#3224,#3225,#3226,#3227,#3228,#3229,#3230,#3231,#3232,
#3233,#3234,#3235,#3236,#3237,#3238,#3239,#3240,#3241,#3242,#3243,#3244,
#3245,#3246,#3247,#3248,#3249,#3250,#3251,#3252,#3253,#3254,#3255,#3256,
#3257,#3258,#3259,#3260,#3261,#3262,#3263,#3264,#3265),(#3266,#3267,#3268,
#3269,#3270,#3271,#3272,#3273,#3274,#3275,#3276,#3277,#3278,#3279,#3280,
#3281,#3282,#3283,#3284,#3285,#3286,#3287,#3288,#3289,#3290,#3291,#3292,
#3293,#3294,#3295,#3296,#3297,#3298,#3299,#3300,#3301,#3302,#3303,#3304,
#3305,#3306,#3307,#3308,#3309,#3310,#3311,#3312,#3313,#3314,#3315),(#3316,
#3317,#3318,#3319,#3320,#3321,#3322,#3323,#3324,#3325,#3326,#3327,#3328,
#3329,#3330,#3331,#3332,#3333,#3334,#3335,#3336,#3337,#3338,#3339,#3340,
#3341,#3342,#3343,#3344,#3345,#3346,#3347,#3348,#3349,#3350,#3351,#3352,
#3353,#3354,#3355,#3356,#3357,#3358,#3359,#3360,#3361,#3362,#3363,#3364,
#3365),(#3366,#3367,#3368,#3369,#3370,#3371,#3372,#3373,#3374,#3375,#3376,
#3377,#3378,#3379,#3380,#3381,#3382,#3383,#3384,#3385,#3386,#3387,#3388,
#3389,#3390,#3391,#3392,#3393,#3394,#3395,#3396,#3397,#3398,#3399,#3400,
#3401,#3402,#3403,#3404,#3405,#3406,#3407,#3408,#3409,#3410,#3411,#3412,
#3413,#3414,#3415)),.UNSPECIFIED.,.F.,.F.,.F.,(4,4),(4,1,1,1,1,1,1,1,1,
1,1,1,1,1,1,1,1,1,1,1,1,1,1,1,1,1,1,1,1,1,1,1,1,1,1,1,1,1,1,1,1,1,1,1,1,
1,1,4),(0.,0.0437523587657924),(0.785306891308789,1.78197702579682,2.77864716028486,
3.77531729477289,4.77198742926092,5.76865756374896,6.76532769823699,7.76199783272503,
8.75866796721306,9.7553381017011,10.7520082361891,11.7486783706772,12.7453485051652,
13.7420186396532,14.7386887741413,15.7353589086293,16.7320290431173,17.7286991776054,
18.7253693120934,19.7220394465814,20.7187095810695,21.7153797155575,22.7120498500455,
23.7087199845336,24.7053901190216,25.7020602535096,26.6987303879977,27.6954005224857,
28.6920706569737,29.6887407914618,30.6854109259498,31.6820810604378,32.6787511949259,
33.6754213294139,34.6720914639019,35.66876159839,36.665431732878,37.662101867366,
38.6587720018541,39.6554421363421,40.6521122708301,41.6487824053182,42.6454525398062,
43.6421226742942,44.6387928087823,45.6354629432703,46.6321330777583,47.6288032122464),
 .UNSPECIFIED.);
#55=B_SPLINE_SURFACE_WITH_KNOTS('',3,3,((#3631,#3632,#3633,#3634,#3635,
#3636,#3637,#3638,#3639,#3640,#3641,#3642,#3643,#3644,#3645,#3646,#3647,
#3648,#3649,#3650,#3651,#3652,#3653,#3654,#3655,#3656,#3657,#3658,#3659,
#3660,#3661,#3662,#3663,#3664,#3665,#3666,#3667,#3668,#3669,#3670,#3671,
#3672,#3673,#3674,#3675,#3676,#3677,#3678,#3679,#3680,#3681,#3682,#3683,
#3684,#3685,#3686,#3687,#3688,#3689),(#3690,#3691,#3692,#3693,#3694,#3695,
#3696,#3697,#3698,#3699,#3700,#3701,#3702,#3703,#3704,#3705,#3706,#3707,
#3708,#3709,#3710,#3711,#3712,#3713,#3714,#3715,#3716,#3717,#3718,#3719,
#3720,#3721,#3722,#3723,#3724,#3725,#3726,#3727,#3728,#3729,#3730,#3731,
#3732,#3733,#3734,#3735,#3736,#3737,#3738,#3739,#3740,#3741,#3742,#3743,
#3744,#3745,#3746,#3747,#3748),(#3749,#3750,#3751,#3752,#3753,#3754,#3755,
#3756,#3757,#3758,#3759,#3760,#3761,#3762,#3763,#3764,#3765,#3766,#3767,
#3768,#3769,#3770,#3771,#3772,#3773,#3774,#3775,#3776,#3777,#3778,#3779,
#3780,#3781,#3782,#3783,#3784,#3785,#3786,#3787,#3788,#3789,#3790,#3791,
#3792,#3793,#3794,#3795,#3796,#3797,#3798,#3799,#3800,#3801,#3802,#3803,
#3804,#3805,#3806,#3807),(#3808,#3809,#3810,#3811,#3812,#3813,#3814,#3815,
#3816,#3817,#3818,#3819,#3820,#3821,#3822,#3823,#3824,#3825,#3826,#3827,
#3828,#3829,#3830,#3831,#3832,#3833,#3834,#3835,#3836,#3837,#3838,#3839,
#3840,#3841,#3842,#3843,#3844,#3845,#3846,#3847,#3848,#3849,#3850,#3851,
#3852,#3853,#3854,#3855,#3856,#3857,#3858,#3859,#3860,#3861,#3862,#3863,
#3864,#3865,#3866),(#3867,#3868,#3869,#3870,#3871,#3872,#3873,#3874,#3875,
#3876,#3877,#3878,#3879,#3880,#3881,#3882,#3883,#3884,#3885,#3886,#3887,
#3888,#3889,#3890,#3891,#3892,#3893,#3894,#3895,#3896,#3897,#3898,#3899,
#3900,#3901,#3902,#3903,#3904,#3905,#3906,#3907,#3908,#3909,#3910,#3911,
#3912,#3913,#3914,#3915,#3916,#3917,#3918,#3919,#3920,#3921,#3922,#3923,
#3924,#3925)),.UNSPECIFIED.,.F.,.F.,.F.,(4,1,4),(4,1,1,1,1,1,1,1,1,1,1,
1,1,1,1,1,1,1,1,1,1,1,1,1,1,1,1,1,1,1,1,1,1,1,1,1,1,1,1,1,1,1,1,1,1,1,1,
1,1,1,1,1,1,1,1,1,4),(-1.04719755119658,-0.598398600683758,-2.38697950294409E-15),
(0.,0.498665500569809,0.997331001139617,1.99466200227923,2.99199300341885,
3.98932400455847,4.98665500569809,5.9839860068377,6.98131700797732,7.97864800911694,
8.97597901025655,9.97331001139617,10.9706410125358,11.9679720136754,12.965303014815,
13.9626340159546,14.9599650170943,15.9572960182339,16.9546270193735,17.9519580205131,
18.9492890216527,19.9466200227923,20.943951023932,21.9412820250716,22.9386130262112,
23.9359440273508,24.9332750284904,25.93060602963,26.9279370307697,27.9252680319093,
28.9225990330489,29.9199300341885,30.9172610353281,31.9145920364677,32.9119230376074,
33.909254038747,34.9065850398866,35.9039160410262,36.9012470421658,37.8985780433054,
38.8959090444451,39.8932400455847,40.8905710467243,41.8879020478639,42.8852330490035,
43.8825640501432,44.8798950512828,45.8772260524224,46.874557053562,47.8718880547016,
48.8692190558412,49.8665500569808,50.8638810581205,51.8612120592601,52.8585430603997,
53.3572085609695,53.8558740615393),.UNSPECIFIED.);
#56=B_SPLINE_SURFACE_WITH_KNOTS('',3,3,((#4057,#4058,#4059,#4060,#4061,
#4062,#4063,#4064,#4065,#4066,#4067,#4068,#4069,#4070,#4071,#4072,#4073,
#4074,#4075,#4076,#4077,#4078,#4079,#4080,#4081,#4082,#4083,#4084,#4085,
#4086,#4087,#4088,#4089,#4090,#4091,#4092,#4093,#4094,#4095,#4096,#4097,
#4098,#4099,#4100,#4101,#4102,#4103,#4104,#4105,#4106,#4107,#4108,#4109,
#4110,#4111,#4112,#4113,#4114,#4115),(#4116,#4117,#4118,#4119,#4120,#4121,
#4122,#4123,#4124,#4125,#4126,#4127,#4128,#4129,#4130,#4131,#4132,#4133,
#4134,#4135,#4136,#4137,#4138,#4139,#4140,#4141,#4142,#4143,#4144,#4145,
#4146,#4147,#4148,#4149,#4150,#4151,#4152,#4153,#4154,#4155,#4156,#4157,
#4158,#4159,#4160,#4161,#4162,#4163,#4164,#4165,#4166,#4167,#4168,#4169,
#4170,#4171,#4172,#4173,#4174),(#4175,#4176,#4177,#4178,#4179,#4180,#4181,
#4182,#4183,#4184,#4185,#4186,#4187,#4188,#4189,#4190,#4191,#4192,#4193,
#4194,#4195,#4196,#4197,#4198,#4199,#4200,#4201,#4202,#4203,#4204,#4205,
#4206,#4207,#4208,#4209,#4210,#4211,#4212,#4213,#4214,#4215,#4216,#4217,
#4218,#4219,#4220,#4221,#4222,#4223,#4224,#4225,#4226,#4227,#4228,#4229,
#4230,#4231,#4232,#4233),(#4234,#4235,#4236,#4237,#4238,#4239,#4240,#4241,
#4242,#4243,#4244,#4245,#4246,#4247,#4248,#4249,#4250,#4251,#4252,#4253,
#4254,#4255,#4256,#4257,#4258,#4259,#4260,#4261,#4262,#4263,#4264,#4265,
#4266,#4267,#4268,#4269,#4270,#4271,#4272,#4273,#4274,#4275,#4276,#4277,
#4278,#4279,#4280,#4281,#4282,#4283,#4284,#4285,#4286,#4287,#4288,#4289,
#4290,#4291,#4292),(#4293,#4294,#4295,#4296,#4297,#4298,#4299,#4300,#4301,
#4302,#4303,#4304,#4305,#4306,#4307,#4308,#4309,#4310,#4311,#4312,#4313,
#4314,#4315,#4316,#4317,#4318,#4319,#4320,#4321,#4322,#4323,#4324,#4325,
#4326,#4327,#4328,#4329,#4330,#4331,#4332,#4333,#4334,#4335,#4336,#4337,
#4338,#4339,#4340,#4341,#4342,#4343,#4344,#4345,#4346,#4347,#4348,#4349,
#4350,#4351)),.UNSPECIFIED.,.F.,.F.,.F.,(4,1,4),(4,1,1,1,1,1,1,1,1,1,1,
1,1,1,1,1,1,1,1,1,1,1,1,1,1,1,1,1,1,1,1,1,1,1,1,1,1,1,1,1,1,1,1,1,1,1,1,
1,1,1,1,1,1,1,1,1,4),(-1.0471975511966,-0.598398600683777,-1.50126023785476E-14),
(0.,0.498665500569809,0.997331001139617,1.99466200227923,2.99199300341885,
3.98932400455847,4.98665500569809,5.9839860068377,6.98131700797732,7.97864800911694,
8.97597901025655,9.97331001139617,10.9706410125358,11.9679720136754,12.965303014815,
13.9626340159546,14.9599650170943,15.9572960182339,16.9546270193735,17.9519580205131,
18.9492890216527,19.9466200227923,20.943951023932,21.9412820250716,22.9386130262112,
23.9359440273508,24.9332750284904,25.93060602963,26.9279370307697,27.9252680319093,
28.9225990330489,29.9199300341885,30.9172610353281,31.9145920364677,32.9119230376074,
33.909254038747,34.9065850398866,35.9039160410262,36.9012470421658,37.8985780433054,
38.8959090444451,39.8932400455847,40.8905710467243,41.8879020478639,42.8852330490035,
43.8825640501432,44.8798950512828,45.8772260524224,46.874557053562,47.8718880547016,
48.8692190558412,49.8665500569808,50.8638810581205,51.8612120592601,52.8585430603997,
53.3572085609695,53.8558740615393),.UNSPECIFIED.);
#57=B_SPLINE_SURFACE_WITH_KNOTS('',3,3,((#4445,#4446,#4447,#4448,#4449,
#4450,#4451,#4452,#4453,#4454,#4455,#4456,#4457,#4458,#4459,#4460,#4461,
#4462,#4463,#4464,#4465,#4466,#4467,#4468,#4469,#4470,#4471,#4472,#4473,
#4474,#4475,#4476,#4477,#4478,#4479,#4480,#4481,#4482,#4483,#4484,#4485,
#4486,#4487,#4488,#4489,#4490,#4491,#4492,#4493,#4494),(#4495,#4496,#4497,
#4498,#4499,#4500,#4501,#4502,#4503,#4504,#4505,#4506,#4507,#4508,#4509,
#4510,#4511,#4512,#4513,#4514,#4515,#4516,#4517,#4518,#4519,#4520,#4521,
#4522,#4523,#4524,#4525,#4526,#4527,#4528,#4529,#4530,#4531,#4532,#4533,
#4534,#4535,#4536,#4537,#4538,#4539,#4540,#4541,#4542,#4543,#4544),(#4545,
#4546,#4547,#4548,#4549,#4550,#4551,#4552,#4553,#4554,#4555,#4556,#4557,
#4558,#4559,#4560,#4561,#4562,#4563,#4564,#4565,#4566,#4567,#4568,#4569,
#4570,#4571,#4572,#4573,#4574,#4575,#4576,#4577,#4578,#4579,#4580,#4581,
#4582,#4583,#4584,#4585,#4586,#4587,#4588,#4589,#4590,#4591,#4592,#4593,
#4594),(#4595,#4596,#4597,#4598,#4599,#4600,#4601,#4602,#4603,#4604,#4605,
#4606,#4607,#4608,#4609,#4610,#4611,#4612,#4613,#4614,#4615,#4616,#4617,
#4618,#4619,#4620,#4621,#4622,#4623,#4624,#4625,#4626,#4627,#4628,#4629,
#4630,#4631,#4632,#4633,#4634,#4635,#4636,#4637,#4638,#4639,#4640,#4641,
#4642,#4643,#4644)),.UNSPECIFIED.,.F.,.F.,.F.,(4,4),(4,1,1,1,1,1,1,1,1,
1,1,1,1,1,1,1,1,1,1,1,1,1,1,1,1,1,1,1,1,1,1,1,1,1,1,1,1,1,1,1,1,1,1,1,1,
1,1,4),(0.,0.0437523587657924),(3.53431049266742,4.53098062715545,5.52765076164349,
6.52432089613152,7.52099103061956,8.51766116510759,9.51433129959563,10.5110014340837,
11.5076715685717,12.5043417030597,13.5010118375478,14.4976819720358,15.4943521065238,
16.4910222410119,17.4876923754999,18.4843625099879,19.481032644476,20.477702778964,
21.474372913452,22.4710430479401,23.4677131824281,24.4643833169161,25.4610534514042,
26.4577235858922,27.4543937203802,28.4510638548683,29.4477339893563,30.4444041238443,
31.4410742583324,32.4377443928204,33.4344145273084,34.4310846617965,35.4277547962845,
36.4244249307725,37.4210950652606,38.4177651997486,39.4144353342366,40.4111054687247,
41.4077756032127,42.4044457377008,43.4011158721888,44.3977860066768,45.3944561411649,
46.3911262756529,47.3877964101409,48.3844665446289,49.381136679117,50.377806813605),
 .UNSPECIFIED.);
#58=B_SPLINE_SURFACE_WITH_KNOTS('',3,3,((#4809,#4810,#4811,#4812,#4813,
#4814,#4815,#4816,#4817,#4818,#4819,#4820,#4821,#4822,#4823,#4824,#4825,
#4826,#4827,#4828,#4829,#4830,#4831,#4832,#4833,#4834,#4835,#4836,#4837,
#4838,#4839,#4840,#4841,#4842,#4843,#4844,#4845,#4846,#4847,#4848,#4849,
#4850,#4851,#4852,#4853,#4854,#4855,#4856,#4857,#4858,#4859,#4860,#4861,
#4862,#4863,#4864,#4865,#4866,#4867),(#4868,#4869,#4870,#4871,#4872,#4873,
#4874,#4875,#4876,#4877,#4878,#4879,#4880,#4881,#4882,#4883,#4884,#4885,
#4886,#4887,#4888,#4889,#4890,#4891,#4892,#4893,#4894,#4895,#4896,#4897,
#4898,#4899,#4900,#4901,#4902,#4903,#4904,#4905,#4906,#4907,#4908,#4909,
#4910,#4911,#4912,#4913,#4914,#4915,#4916,#4917,#4918,#4919,#4920,#4921,
#4922,#4923,#4924,#4925,#4926),(#4927,#4928,#4929,#4930,#4931,#4932,#4933,
#4934,#4935,#4936,#4937,#4938,#4939,#4940,#4941,#4942,#4943,#4944,#4945,
#4946,#4947,#4948,#4949,#4950,#4951,#4952,#4953,#4954,#4955,#4956,#4957,
#4958,#4959,#4960,#4961,#4962,#4963,#4964,#4965,#4966,#4967,#4968,#4969,
#4970,#4971,#4972,#4973,#4974,#4975,#4976,#4977,#4978,#4979,#4980,#4981,
#4982,#4983,#4984,#4985),(#4986,#4987,#4988,#4989,#4990,#4991,#4992,#4993,
#4994,#4995,#4996,#4997,#4998,#4999,#5000,#5001,#5002,#5003,#5004,#5005,
#5006,#5007,#5008,#5009,#5010,#5011,#5012,#5013,#5014,#5015,#5016,#5017,
#5018,#5019,#5020,#5021,#5022,#5023,#5024,#5025,#5026,#5027,#5028,#5029,
#5030,#5031,#5032,#5033,#5034,#5035,#5036,#5037,#5038,#5039,#5040,#5041,
#5042,#5043,#5044),(#5045,#5046,#5047,#5048,#5049,#5050,#5051,#5052,#5053,
#5054,#5055,#5056,#5057,#5058,#5059,#5060,#5061,#5062,#5063,#5064,#5065,
#5066,#5067,#5068,#5069,#5070,#5071,#5072,#5073,#5074,#5075,#5076,#5077,
#5078,#5079,#5080,#5081,#5082,#5083,#5084,#5085,#5086,#5087,#5088,#5089,
#5090,#5091,#5092,#5093,#5094,#5095,#5096,#5097,#5098,#5099,#5100,#5101,
#5102,#5103)),.UNSPECIFIED.,.F.,.F.,.F.,(4,1,4),(4,1,1,1,1,1,1,1,1,1,1,
1,1,1,1,1,1,1,1,1,1,1,1,1,1,1,1,1,1,1,1,1,1,1,1,1,1,1,1,1,1,1,1,1,1,1,1,
1,1,1,1,1,1,1,1,1,4),(-1.0471975511966,-0.598398600683777,-1.50126023785476E-14),
(0.,0.498665500569809,0.997331001139617,1.99466200227923,2.99199300341885,
3.98932400455847,4.98665500569809,5.9839860068377,6.98131700797732,7.97864800911694,
8.97597901025655,9.97331001139617,10.9706410125358,11.9679720136754,12.965303014815,
13.9626340159546,14.9599650170943,15.9572960182339,16.9546270193735,17.9519580205131,
18.9492890216527,19.9466200227923,20.943951023932,21.9412820250716,22.9386130262112,
23.9359440273508,24.9332750284904,25.93060602963,26.9279370307697,27.9252680319093,
28.9225990330489,29.9199300341885,30.9172610353281,31.9145920364677,32.9119230376074,
33.909254038747,34.9065850398866,35.9039160410262,36.9012470421658,37.8985780433054,
38.8959090444451,39.8932400455847,40.8905710467243,41.8879020478639,42.8852330490035,
43.8825640501432,44.8798950512828,45.8772260524224,46.874557053562,47.8718880547016,
48.8692190558412,49.8665500569808,50.8638810581205,51.8612120592601,52.8585430603997,
53.3572085609695,53.8558740615393),.UNSPECIFIED.);
#59=B_SPLINE_SURFACE_WITH_KNOTS('',3,3,((#5197,#5198,#5199,#5200,#5201,
#5202,#5203,#5204,#5205,#5206,#5207,#5208,#5209,#5210,#5211,#5212,#5213,
#5214,#5215,#5216,#5217,#5218,#5219,#5220,#5221,#5222,#5223,#5224,#5225,
#5226,#5227,#5228,#5229,#5230,#5231,#5232,#5233,#5234,#5235,#5236,#5237,
#5238,#5239,#5240,#5241,#5242,#5243,#5244,#5245,#5246),(#5247,#5248,#5249,
#5250,#5251,#5252,#5253,#5254,#5255,#5256,#5257,#5258,#5259,#5260,#5261,
#5262,#5263,#5264,#5265,#5266,#5267,#5268,#5269,#5270,#5271,#5272,#5273,
#5274,#5275,#5276,#5277,#5278,#5279,#5280,#5281,#5282,#5283,#5284,#5285,
#5286,#5287,#5288,#5289,#5290,#5291,#5292,#5293,#5294,#5295,#5296),(#5297,
#5298,#5299,#5300,#5301,#5302,#5303,#5304,#5305,#5306,#5307,#5308,#5309,
#5310,#5311,#5312,#5313,#5314,#5315,#5316,#5317,#5318,#5319,#5320,#5321,
#5322,#5323,#5324,#5325,#5326,#5327,#5328,#5329,#5330,#5331,#5332,#5333,
#5334,#5335,#5336,#5337,#5338,#5339,#5340,#5341,#5342,#5343,#5344,#5345,
#5346),(#5347,#5348,#5349,#5350,#5351,#5352,#5353,#5354,#5355,#5356,#5357,
#5358,#5359,#5360,#5361,#5362,#5363,#5364,#5365,#5366,#5367,#5368,#5369,
#5370,#5371,#5372,#5373,#5374,#5375,#5376,#5377,#5378,#5379,#5380,#5381,
#5382,#5383,#5384,#5385,#5386,#5387,#5388,#5389,#5390,#5391,#5392,#5393,
#5394,#5395,#5396)),.UNSPECIFIED.,.F.,.F.,.F.,(4,4),(4,1,1,1,1,1,1,1,1,
1,1,1,1,1,1,1,1,1,1,1,1,1,1,1,1,1,1,1,1,1,1,1,1,1,1,1,1,1,1,1,1,1,1,1,1,
1,1,4),(0.,0.0437523587657924),(3.53431049266742,4.53098062715545,5.52765076164349,
6.52432089613152,7.52099103061956,8.51766116510759,9.51433129959562,10.5110014340837,
11.5076715685717,12.5043417030597,13.5010118375478,14.4976819720358,15.4943521065238,
16.4910222410119,17.4876923754999,18.4843625099879,19.481032644476,20.477702778964,
21.474372913452,22.4710430479401,23.4677131824281,24.4643833169161,25.4610534514042,
26.4577235858922,27.4543937203802,28.4510638548683,29.4477339893563,30.4444041238443,
31.4410742583324,32.4377443928204,33.4344145273084,34.4310846617965,35.4277547962845,
36.4244249307725,37.4210950652606,38.4177651997486,39.4144353342366,40.4111054687247,
41.4077756032127,42.4044457377007,43.4011158721888,44.3977860066768,45.3944561411648,
46.3911262756529,47.3877964101409,48.3844665446289,49.381136679117,50.377806813605),
 .UNSPECIFIED.);
#60=B_SPLINE_SURFACE_WITH_KNOTS('',3,3,((#5582,#5583,#5584,#5585,#5586,
#5587,#5588,#5589,#5590,#5591,#5592,#5593,#5594,#5595,#5596,#5597,#5598,
#5599,#5600,#5601,#5602,#5603,#5604,#5605,#5606,#5607,#5608,#5609,#5610,
#5611,#5612,#5613,#5614,#5615,#5616,#5617,#5618,#5619,#5620,#5621,#5622,
#5623,#5624,#5625,#5626,#5627,#5628,#5629,#5630,#5631),(#5632,#5633,#5634,
#5635,#5636,#5637,#5638,#5639,#5640,#5641,#5642,#5643,#5644,#5645,#5646,
#5647,#5648,#5649,#5650,#5651,#5652,#5653,#5654,#5655,#5656,#5657,#5658,
#5659,#5660,#5661,#5662,#5663,#5664,#5665,#5666,#5667,#5668,#5669,#5670,
#5671,#5672,#5673,#5674,#5675,#5676,#5677,#5678,#5679,#5680,#5681),(#5682,
#5683,#5684,#5685,#5686,#5687,#5688,#5689,#5690,#5691,#5692,#5693,#5694,
#5695,#5696,#5697,#5698,#5699,#5700,#5701,#5702,#5703,#5704,#5705,#5706,
#5707,#5708,#5709,#5710,#5711,#5712,#5713,#5714,#5715,#5716,#5717,#5718,
#5719,#5720,#5721,#5722,#5723,#5724,#5725,#5726,#5727,#5728,#5729,#5730,
#5731),(#5732,#5733,#5734,#5735,#5736,#5737,#5738,#5739,#5740,#5741,#5742,
#5743,#5744,#5745,#5746,#5747,#5748,#5749,#5750,#5751,#5752,#5753,#5754,
#5755,#5756,#5757,#5758,#5759,#5760,#5761,#5762,#5763,#5764,#5765,#5766,
#5767,#5768,#5769,#5770,#5771,#5772,#5773,#5774,#5775,#5776,#5777,#5778,
#5779,#5780,#5781)),.UNSPECIFIED.,.F.,.F.,.F.,(4,4),(4,1,1,1,1,1,1,1,1,
1,1,1,1,1,1,1,1,1,1,1,1,1,1,1,1,1,1,1,1,1,1,1,1,1,1,1,1,1,1,1,1,1,1,1,1,
1,1,4),(0.,0.0437523587657924),(0.78530689130879,1.78197702579682,2.77864716028486,
3.77531729477289,4.77198742926092,5.76865756374896,6.76532769823699,7.76199783272503,
8.75866796721306,9.75533810170109,10.7520082361891,11.7486783706772,12.7453485051652,
13.7420186396532,14.7386887741413,15.7353589086293,16.7320290431173,17.7286991776054,
18.7253693120934,19.7220394465814,20.7187095810695,21.7153797155575,22.7120498500455,
23.7087199845336,24.7053901190216,25.7020602535096,26.6987303879977,27.6954005224857,
28.6920706569737,29.6887407914618,30.6854109259498,31.6820810604378,32.6787511949259,
33.6754213294139,34.6720914639019,35.66876159839,36.665431732878,37.662101867366,
38.6587720018541,39.6554421363421,40.6521122708301,41.6487824053182,42.6454525398062,
43.6421226742942,44.6387928087823,45.6354629432703,46.6321330777583,47.6288032122464),
 .UNSPECIFIED.);
#61=B_SPLINE_SURFACE_WITH_KNOTS('',3,3,((#5997,#5998,#5999,#6000,#6001,
#6002,#6003,#6004,#6005,#6006,#6007,#6008,#6009,#6010,#6011,#6012,#6013,
#6014,#6015,#6016,#6017,#6018,#6019,#6020,#6021,#6022,#6023,#6024,#6025,
#6026,#6027,#6028,#6029,#6030,#6031,#6032,#6033,#6034,#6035,#6036,#6037,
#6038,#6039,#6040,#6041,#6042,#6043,#6044,#6045,#6046,#6047,#6048,#6049,
#6050,#6051,#6052,#6053,#6054,#6055),(#6056,#6057,#6058,#6059,#6060,#6061,
#6062,#6063,#6064,#6065,#6066,#6067,#6068,#6069,#6070,#6071,#6072,#6073,
#6074,#6075,#6076,#6077,#6078,#6079,#6080,#6081,#6082,#6083,#6084,#6085,
#6086,#6087,#6088,#6089,#6090,#6091,#6092,#6093,#6094,#6095,#6096,#6097,
#6098,#6099,#6100,#6101,#6102,#6103,#6104,#6105,#6106,#6107,#6108,#6109,
#6110,#6111,#6112,#6113,#6114),(#6115,#6116,#6117,#6118,#6119,#6120,#6121,
#6122,#6123,#6124,#6125,#6126,#6127,#6128,#6129,#6130,#6131,#6132,#6133,
#6134,#6135,#6136,#6137,#6138,#6139,#6140,#6141,#6142,#6143,#6144,#6145,
#6146,#6147,#6148,#6149,#6150,#6151,#6152,#6153,#6154,#6155,#6156,#6157,
#6158,#6159,#6160,#6161,#6162,#6163,#6164,#6165,#6166,#6167,#6168,#6169,
#6170,#6171,#6172,#6173),(#6174,#6175,#6176,#6177,#6178,#6179,#6180,#6181,
#6182,#6183,#6184,#6185,#6186,#6187,#6188,#6189,#6190,#6191,#6192,#6193,
#6194,#6195,#6196,#6197,#6198,#6199,#6200,#6201,#6202,#6203,#6204,#6205,
#6206,#6207,#6208,#6209,#6210,#6211,#6212,#6213,#6214,#6215,#6216,#6217,
#6218,#6219,#6220,#6221,#6222,#6223,#6224,#6225,#6226,#6227,#6228,#6229,
#6230,#6231,#6232),(#6233,#6234,#6235,#6236,#6237,#6238,#6239,#6240,#6241,
#6242,#6243,#6244,#6245,#6246,#6247,#6248,#6249,#6250,#6251,#6252,#6253,
#6254,#6255,#6256,#6257,#6258,#6259,#6260,#6261,#6262,#6263,#6264,#6265,
#6266,#6267,#6268,#6269,#6270,#6271,#6272,#6273,#6274,#6275,#6276,#6277,
#6278,#6279,#6280,#6281,#6282,#6283,#6284,#6285,#6286,#6287,#6288,#6289,
#6290,#6291)),.UNSPECIFIED.,.F.,.F.,.F.,(4,1,4),(4,1,1,1,1,1,1,1,1,1,1,
1,1,1,1,1,1,1,1,1,1,1,1,1,1,1,1,1,1,1,1,1,1,1,1,1,1,1,1,1,1,1,1,1,1,1,1,
1,1,1,1,1,1,1,1,1,4),(-1.04719755119658,-0.598398600683758,-2.38697950294409E-15),
(0.,0.498665500569809,0.997331001139617,1.99466200227923,2.99199300341885,
3.98932400455847,4.98665500569809,5.9839860068377,6.98131700797732,7.97864800911694,
8.97597901025655,9.97331001139617,10.9706410125358,11.9679720136754,12.965303014815,
13.9626340159546,14.9599650170943,15.9572960182339,16.9546270193735,17.9519580205131,
18.9492890216527,19.9466200227923,20.943951023932,21.9412820250716,22.9386130262112,
23.9359440273508,24.9332750284904,25.93060602963,26.9279370307697,27.9252680319093,
28.9225990330489,29.9199300341885,30.9172610353281,31.9145920364677,32.9119230376074,
33.909254038747,34.9065850398866,35.9039160410262,36.9012470421658,37.8985780433054,
38.8959090444451,39.8932400455847,40.8905710467243,41.8879020478639,42.8852330490035,
43.8825640501432,44.8798950512828,45.8772260524224,46.874557053562,47.8718880547016,
48.8692190558412,49.8665500569808,50.8638810581205,51.8612120592601,52.8585430603997,
53.3572085609695,53.8558740615393),.UNSPECIFIED.);
#62=B_SPLINE_SURFACE_WITH_KNOTS('',3,3,((#6423,#6424,#6425,#6426,#6427,
#6428,#6429,#6430,#6431,#6432,#6433,#6434,#6435,#6436,#6437,#6438,#6439,
#6440,#6441,#6442,#6443,#6444,#6445,#6446,#6447,#6448,#6449,#6450,#6451,
#6452,#6453,#6454,#6455,#6456,#6457,#6458,#6459,#6460,#6461,#6462,#6463,
#6464,#6465,#6466,#6467,#6468,#6469,#6470,#6471,#6472,#6473,#6474,#6475,
#6476,#6477,#6478,#6479,#6480,#6481),(#6482,#6483,#6484,#6485,#6486,#6487,
#6488,#6489,#6490,#6491,#6492,#6493,#6494,#6495,#6496,#6497,#6498,#6499,
#6500,#6501,#6502,#6503,#6504,#6505,#6506,#6507,#6508,#6509,#6510,#6511,
#6512,#6513,#6514,#6515,#6516,#6517,#6518,#6519,#6520,#6521,#6522,#6523,
#6524,#6525,#6526,#6527,#6528,#6529,#6530,#6531,#6532,#6533,#6534,#6535,
#6536,#6537,#6538,#6539,#6540),(#6541,#6542,#6543,#6544,#6545,#6546,#6547,
#6548,#6549,#6550,#6551,#6552,#6553,#6554,#6555,#6556,#6557,#6558,#6559,
#6560,#6561,#6562,#6563,#6564,#6565,#6566,#6567,#6568,#6569,#6570,#6571,
#6572,#6573,#6574,#6575,#6576,#6577,#6578,#6579,#6580,#6581,#6582,#6583,
#6584,#6585,#6586,#6587,#6588,#6589,#6590,#6591,#6592,#6593,#6594,#6595,
#6596,#6597,#6598,#6599),(#6600,#6601,#6602,#6603,#6604,#6605,#6606,#6607,
#6608,#6609,#6610,#6611,#6612,#6613,#6614,#6615,#6616,#6617,#6618,#6619,
#6620,#6621,#6622,#6623,#6624,#6625,#6626,#6627,#6628,#6629,#6630,#6631,
#6632,#6633,#6634,#6635,#6636,#6637,#6638,#6639,#6640,#6641,#6642,#6643,
#6644,#6645,#6646,#6647,#6648,#6649,#6650,#6651,#6652,#6653,#6654,#6655,
#6656,#6657,#6658),(#6659,#6660,#6661,#6662,#6663,#6664,#6665,#6666,#6667,
#6668,#6669,#6670,#6671,#6672,#6673,#6674,#6675,#6676,#6677,#6678,#6679,
#6680,#6681,#6682,#6683,#6684,#6685,#6686,#6687,#6688,#6689,#6690,#6691,
#6692,#6693,#6694,#6695,#6696,#6697,#6698,#6699,#6700,#6701,#6702,#6703,
#6704,#6705,#6706,#6707,#6708,#6709,#6710,#6711,#6712,#6713,#6714,#6715,
#6716,#6717)),.UNSPECIFIED.,.F.,.F.,.F.,(4,1,4),(4,1,1,1,1,1,1,1,1,1,1,
1,1,1,1,1,1,1,1,1,1,1,1,1,1,1,1,1,1,1,1,1,1,1,1,1,1,1,1,1,1,1,1,1,1,1,1,
1,1,1,1,1,1,1,1,1,4),(-1.0471975511966,-0.598398600683777,-1.50126023785476E-14),
(0.,0.498665500569809,0.997331001139617,1.99466200227923,2.99199300341885,
3.98932400455847,4.98665500569809,5.9839860068377,6.98131700797732,7.97864800911694,
8.97597901025655,9.97331001139617,10.9706410125358,11.9679720136754,12.965303014815,
13.9626340159546,14.9599650170943,15.9572960182339,16.9546270193735,17.9519580205131,
18.9492890216527,19.9466200227923,20.943951023932,21.9412820250716,22.9386130262112,
23.9359440273508,24.9332750284904,25.93060602963,26.9279370307697,27.9252680319093,
28.9225990330489,29.9199300341885,30.9172610353281,31.9145920364677,32.9119230376074,
33.909254038747,34.9065850398866,35.9039160410262,36.9012470421658,37.8985780433054,
38.8959090444451,39.8932400455847,40.8905710467243,41.8879020478639,42.8852330490035,
43.8825640501432,44.8798950512828,45.8772260524224,46.874557053562,47.8718880547016,
48.8692190558412,49.8665500569808,50.8638810581205,51.8612120592601,52.8585430603997,
53.3572085609695,53.8558740615393),.UNSPECIFIED.);
#63=B_SPLINE_SURFACE_WITH_KNOTS('',3,3,((#6811,#6812,#6813,#6814,#6815,
#6816,#6817,#6818,#6819,#6820,#6821,#6822,#6823,#6824,#6825,#6826,#6827,
#6828,#6829,#6830,#6831,#6832,#6833,#6834,#6835,#6836,#6837,#6838,#6839,
#6840,#6841,#6842,#6843,#6844,#6845,#6846,#6847,#6848,#6849,#6850,#6851,
#6852,#6853,#6854,#6855,#6856,#6857,#6858,#6859,#6860),(#6861,#6862,#6863,
#6864,#6865,#6866,#6867,#6868,#6869,#6870,#6871,#6872,#6873,#6874,#6875,
#6876,#6877,#6878,#6879,#6880,#6881,#6882,#6883,#6884,#6885,#6886,#6887,
#6888,#6889,#6890,#6891,#6892,#6893,#6894,#6895,#6896,#6897,#6898,#6899,
#6900,#6901,#6902,#6903,#6904,#6905,#6906,#6907,#6908,#6909,#6910),(#6911,
#6912,#6913,#6914,#6915,#6916,#6917,#6918,#6919,#6920,#6921,#6922,#6923,
#6924,#6925,#6926,#6927,#6928,#6929,#6930,#6931,#6932,#6933,#6934,#6935,
#6936,#6937,#6938,#6939,#6940,#6941,#6942,#6943,#6944,#6945,#6946,#6947,
#6948,#6949,#6950,#6951,#6952,#6953,#6954,#6955,#6956,#6957,#6958,#6959,
#6960),(#6961,#6962,#6963,#6964,#6965,#6966,#6967,#6968,#6969,#6970,#6971,
#6972,#6973,#6974,#6975,#6976,#6977,#6978,#6979,#6980,#6981,#6982,#6983,
#6984,#6985,#6986,#6987,#6988,#6989,#6990,#6991,#6992,#6993,#6994,#6995,
#6996,#6997,#6998,#6999,#7000,#7001,#7002,#7003,#7004,#7005,#7006,#7007,
#7008,#7009,#7010)),.UNSPECIFIED.,.F.,.F.,.F.,(4,4),(4,1,1,1,1,1,1,1,1,
1,1,1,1,1,1,1,1,1,1,1,1,1,1,1,1,1,1,1,1,1,1,1,1,1,1,1,1,1,1,1,1,1,1,1,1,
1,1,4),(0.,0.0437523587657924),(3.53431049266742,4.53098062715545,5.52765076164349,
6.52432089613152,7.52099103061956,8.51766116510759,9.51433129959562,10.5110014340837,
11.5076715685717,12.5043417030597,13.5010118375478,14.4976819720358,15.4943521065238,
16.4910222410119,17.4876923754999,18.4843625099879,19.481032644476,20.477702778964,
21.474372913452,22.4710430479401,23.4677131824281,24.4643833169161,25.4610534514042,
26.4577235858922,27.4543937203802,28.4510638548683,29.4477339893563,30.4444041238443,
31.4410742583324,32.4377443928204,33.4344145273084,34.4310846617965,35.4277547962845,
36.4244249307725,37.4210950652606,38.4177651997486,39.4144353342367,40.4111054687247,
41.4077756032127,42.4044457377008,43.4011158721888,44.3977860066768,45.3944561411649,
46.3911262756529,47.3877964101409,48.384466544629,49.381136679117,50.377806813605),
 .UNSPECIFIED.);
#64=FACE_OUTER_BOUND('',#125,.T.);
#65=FACE_OUTER_BOUND('',#126,.T.);
#66=FACE_OUTER_BOUND('',#127,.T.);
#67=FACE_OUTER_BOUND('',#128,.T.);
#68=FACE_OUTER_BOUND('',#129,.T.);
#69=FACE_OUTER_BOUND('',#130,.T.);
#70=FACE_OUTER_BOUND('',#131,.T.);
#71=FACE_OUTER_BOUND('',#132,.T.);
#72=FACE_OUTER_BOUND('',#133,.T.);
#73=FACE_OUTER_BOUND('',#134,.T.);
#74=FACE_OUTER_BOUND('',#135,.T.);
#75=FACE_OUTER_BOUND('',#136,.T.);
#76=FACE_OUTER_BOUND('',#137,.T.);
#77=FACE_OUTER_BOUND('',#138,.T.);
#78=FACE_OUTER_BOUND('',#139,.T.);
#79=FACE_OUTER_BOUND('',#140,.T.);
#80=FACE_OUTER_BOUND('',#141,.T.);
#81=FACE_OUTER_BOUND('',#142,.T.);
#82=FACE_OUTER_BOUND('',#143,.T.);
#83=FACE_OUTER_BOUND('',#144,.T.);
#84=FACE_OUTER_BOUND('',#145,.T.);
#85=FACE_OUTER_BOUND('',#146,.T.);
#86=FACE_OUTER_BOUND('',#147,.T.);
#87=FACE_OUTER_BOUND('',#148,.T.);
#88=FACE_OUTER_BOUND('',#149,.T.);
#89=FACE_OUTER_BOUND('',#150,.T.);
#90=FACE_OUTER_BOUND('',#151,.T.);
#91=FACE_OUTER_BOUND('',#152,.T.);
#92=FACE_OUTER_BOUND('',#153,.T.);
#93=FACE_OUTER_BOUND('',#154,.T.);
#94=FACE_OUTER_BOUND('',#155,.T.);
#95=FACE_OUTER_BOUND('',#156,.T.);
#96=FACE_OUTER_BOUND('',#157,.T.);
#97=FACE_OUTER_BOUND('',#158,.T.);
#98=FACE_OUTER_BOUND('',#159,.T.);
#99=FACE_OUTER_BOUND('',#160,.T.);
#100=FACE_OUTER_BOUND('',#161,.T.);
#101=FACE_OUTER_BOUND('',#162,.T.);
#102=FACE_OUTER_BOUND('',#163,.T.);
#103=FACE_OUTER_BOUND('',#164,.T.);
#104=FACE_OUTER_BOUND('',#165,.T.);
#105=FACE_OUTER_BOUND('',#179,.T.);
#106=FACE_OUTER_BOUND('',#180,.T.);
#107=FACE_OUTER_BOUND('',#181,.T.);
#108=FACE_OUTER_BOUND('',#182,.T.);
#109=FACE_OUTER_BOUND('',#183,.T.);
#110=FACE_OUTER_BOUND('',#184,.T.);
#111=FACE_OUTER_BOUND('',#186,.T.);
#112=FACE_OUTER_BOUND('',#188,.T.);
#113=FACE_OUTER_BOUND('',#190,.T.);
#114=FACE_OUTER_BOUND('',#191,.T.);
#115=FACE_OUTER_BOUND('',#192,.T.);
#116=FACE_OUTER_BOUND('',#193,.T.);
#117=FACE_OUTER_BOUND('',#194,.T.);
#118=FACE_OUTER_BOUND('',#195,.T.);
#119=FACE_OUTER_BOUND('',#196,.T.);
#120=FACE_OUTER_BOUND('',#197,.T.);
#121=FACE_OUTER_BOUND('',#198,.T.);
#122=FACE_OUTER_BOUND('',#199,.T.);
#123=FACE_OUTER_BOUND('',#200,.T.);
#124=FACE_OUTER_BOUND('',#201,.T.);
#125=EDGE_LOOP('',(#755,#756,#757,#758));
#126=EDGE_LOOP('',(#759,#760,#761,#762));
#127=EDGE_LOOP('',(#763,#764,#765,#766));
#128=EDGE_LOOP('',(#767,#768,#769,#770));
#129=EDGE_LOOP('',(#771,#772,#773,#774));
#130=EDGE_LOOP('',(#775,#776,#777,#778));
#131=EDGE_LOOP('',(#779,#780,#781,#782));
#132=EDGE_LOOP('',(#783,#784,#785,#786));
#133=EDGE_LOOP('',(#787,#788,#789,#790));
#134=EDGE_LOOP('',(#791,#792,#793,#794));
#135=EDGE_LOOP('',(#795,#796,#797,#798));
#136=EDGE_LOOP('',(#799,#800,#801,#802));
#137=EDGE_LOOP('',(#803,#804,#805,#806));
#138=EDGE_LOOP('',(#807,#808,#809,#810));
#139=EDGE_LOOP('',(#811,#812,#813,#814));
#140=EDGE_LOOP('',(#815,#816,#817,#818));
#141=EDGE_LOOP('',(#819,#820,#821,#822));
#142=EDGE_LOOP('',(#823,#824,#825,#826));
#143=EDGE_LOOP('',(#827,#828,#829,#830));
#144=EDGE_LOOP('',(#831,#832,#833,#834));
#145=EDGE_LOOP('',(#835,#836,#837,#838));
#146=EDGE_LOOP('',(#839,#840,#841,#842));
#147=EDGE_LOOP('',(#843,#844,#845,#846,#847,#848,#849,#850,#851,#852,#853));
#148=EDGE_LOOP('',(#854,#855,#856,#857,#858,#859,#860,#861,#862,#863,#864,
#865));
#149=EDGE_LOOP('',(#866,#867,#868,#869));
#150=EDGE_LOOP('',(#870,#871,#872,#873,#874,#875,#876,#877,#878,#879,#880));
#151=EDGE_LOOP('',(#881,#882,#883,#884,#885,#886,#887,#888,#889,#890,#891,
#892));
#152=EDGE_LOOP('',(#893,#894,#895,#896,#897,#898,#899,#900,#901,#902,#903,
#904));
#153=EDGE_LOOP('',(#905,#906,#907,#908,#909,#910,#911,#912,#913,#914,#915));
#154=EDGE_LOOP('',(#916,#917,#918,#919,#920,#921,#922,#923,#924,#925,#926,
#927));
#155=EDGE_LOOP('',(#928,#929,#930,#931,#932,#933,#934,#935,#936,#937,#938));
#156=EDGE_LOOP('',(#939,#940,#941,#942,#943,#944));
#157=EDGE_LOOP('',(#945,#946,#947,#948,#949,#950));
#158=EDGE_LOOP('',(#951,#952,#953,#954));
#159=EDGE_LOOP('',(#955,#956,#957,#958,#959,#960,#961,#962,#963,#964,#965));
#160=EDGE_LOOP('',(#966,#967,#968,#969,#970,#971,#972,#973,#974,#975,#976,
#977));
#161=EDGE_LOOP('',(#978,#979,#980,#981,#982,#983,#984,#985,#986,#987,#988,
#989));
#162=EDGE_LOOP('',(#990,#991,#992,#993,#994,#995,#996,#997,#998,#999,#1000));
#163=EDGE_LOOP('',(#1001,#1002,#1003,#1004,#1005,#1006));
#164=EDGE_LOOP('',(#1007,#1008,#1009,#1010,#1011));
#165=EDGE_LOOP('',(#1012));
#166=EDGE_LOOP('',(#1013));
#167=EDGE_LOOP('',(#1014));
#168=EDGE_LOOP('',(#1015));
#169=EDGE_LOOP('',(#1016));
#170=EDGE_LOOP('',(#1017));
#171=EDGE_LOOP('',(#1018));
#172=EDGE_LOOP('',(#1019));
#173=EDGE_LOOP('',(#1020));
#174=EDGE_LOOP('',(#1021));
#175=EDGE_LOOP('',(#1022));
#176=EDGE_LOOP('',(#1023));
#177=EDGE_LOOP('',(#1024));
#178=EDGE_LOOP('',(#1025));
#179=EDGE_LOOP('',(#1026,#1027,#1028,#1029,#1030));
#180=EDGE_LOOP('',(#1031,#1032,#1033,#1034,#1035));
#181=EDGE_LOOP('',(#1036,#1037,#1038,#1039,#1040));
#182=EDGE_LOOP('',(#1041,#1042,#1043,#1044,#1045));
#183=EDGE_LOOP('',(#1046,#1047,#1048,#1049,#1050));
#184=EDGE_LOOP('',(#1051));
#185=EDGE_LOOP('',(#1052,#1053,#1054,#1055,#1056,#1057));
#186=EDGE_LOOP('',(#1058));
#187=EDGE_LOOP('',(#1059,#1060,#1061,#1062,#1063,#1064));
#188=EDGE_LOOP('',(#1065));
#189=EDGE_LOOP('',(#1066,#1067,#1068,#1069,#1070,#1071));
#190=EDGE_LOOP('',(#1072,#1073,#1074,#1075));
#191=EDGE_LOOP('',(#1076,#1077,#1078,#1079));
#192=EDGE_LOOP('',(#1080,#1081,#1082,#1083));
#193=EDGE_LOOP('',(#1084,#1085,#1086,#1087));
#194=EDGE_LOOP('',(#1088,#1089,#1090,#1091));
#195=EDGE_LOOP('',(#1092,#1093,#1094,#1095));
#196=EDGE_LOOP('',(#1096,#1097,#1098,#1099));
#197=EDGE_LOOP('',(#1100,#1101,#1102,#1103));
#198=EDGE_LOOP('',(#1104,#1105,#1106,#1107));
#199=EDGE_LOOP('',(#1108,#1109,#1110,#1111));
#200=EDGE_LOOP('',(#1112,#1113,#1114,#1115));
#201=EDGE_LOOP('',(#1116));
#202=EDGE_LOOP('',(#1117));
#203=EDGE_LOOP('',(#1118));
#204=EDGE_LOOP('',(#1119));
#205=EDGE_LOOP('',(#1120));
#206=EDGE_LOOP('',(#1121));
#207=EDGE_LOOP('',(#1122));
#208=EDGE_LOOP('',(#1123));
#209=EDGE_LOOP('',(#1124));
#210=EDGE_LOOP('',(#1125));
#211=EDGE_LOOP('',(#1126));
#212=CIRCLE('',#1250,2.);
#213=CIRCLE('',#1258,2.);
#214=CIRCLE('',#1266,2.);
#215=CIRCLE('',#1274,2.);
#216=CIRCLE('',#1276,2.);
#217=CIRCLE('',#1280,2.);
#218=CIRCLE('',#1283,6.95);
#219=CIRCLE('',#1284,2.95);
#220=CIRCLE('',#1285,2.95);
#221=CIRCLE('',#1287,45.);
#222=CIRCLE('',#1288,6.95);
#223=CIRCLE('',#1289,4.1);
#224=CIRCLE('',#1290,4.1);
#225=CIRCLE('',#1291,4.1);
#226=CIRCLE('',#1292,4.1);
#227=CIRCLE('',#1293,4.1);
#228=CIRCLE('',#1294,4.1);
#229=CIRCLE('',#1295,4.1);
#230=CIRCLE('',#1296,4.1);
#231=CIRCLE('',#1297,4.1);
#232=CIRCLE('',#1298,30.);
#233=CIRCLE('',#1299,6.95);
#234=CIRCLE('',#1301,2.95);
#235=CIRCLE('',#1303,2.95);
#236=CIRCLE('',#1304,2.95);
#237=CIRCLE('',#1306,2.95);
#238=CIRCLE('',#1308,2.95);
#239=CIRCLE('',#1309,2.95);
#240=CIRCLE('',#1311,2.95);
#241=CIRCLE('',#1316,4.1);
#242=CIRCLE('',#1318,4.1);
#243=CIRCLE('',#1320,4.1);
#244=CIRCLE('',#1322,4.1);
#245=CIRCLE('',#1324,4.1);
#246=CIRCLE('',#1326,4.1);
#247=CIRCLE('',#1328,4.1);
#248=CIRCLE('',#1330,4.1);
#249=CIRCLE('',#1332,4.1);
#250=CIRCLE('',#1334,30.);
#251=CIRCLE('',#1336,45.);
#252=B_SPLINE_CURVE_WITH_KNOTS('',3,(#1562,#1563,#1564,#1565,#1566,#1567,
#1568,#1569,#1570,#1571),.UNSPECIFIED.,.F.,.F.,(4,1,1,1,1,1,1,4),(42.4115008234622,
43.4011158721888,44.3977860066768,45.3944561411649,46.3911262756529,47.3877964101409,
48.384466544629,48.4142055439502),.UNSPECIFIED.);
#253=B_SPLINE_CURVE_WITH_KNOTS('',3,(#1574,#1575,#1576,#1577,#1578,#1579,
#1580,#1581,#1582,#1583,#1584,#1585,#1586,#1587,#1588,#1589,#1590,#1591,
#1592),.UNSPECIFIED.,.F.,.F.,(4,3,3,3,3,3,4),(-47.6288032122464,-46.6321330777583,
-45.6354629432703,-44.6387928087823,-43.6421226742942,-42.6454525398062,
-42.4115008234622),.UNSPECIFIED.);
#254=B_SPLINE_CURVE_WITH_KNOTS('',3,(#1597,#1598,#1599,#1600,#1601,#1602,
#1603,#1604,#1605,#1606,#1607),.UNSPECIFIED.,.F.,.F.,(4,1,1,1,1,1,1,1,4),
(36.1283155162826,36.4244249307725,37.4210950652606,38.4177651997486,39.4144353342367,
40.4111054687247,41.4077756032127,42.4044457377008,42.4115008234622),
 .UNSPECIFIED.);
#255=B_SPLINE_CURVE_WITH_KNOTS('',3,(#1608,#1609,#1610,#1611,#1612,#1613,
#1614,#1615,#1616,#1617,#1618,#1619,#1620,#1621,#1622,#1623,#1624,#1625,
#1626,#1627,#1628,#1629),.UNSPECIFIED.,.F.,.F.,(4,3,3,3,3,3,3,4),(-42.4115008234622,
-41.6487824053182,-40.6521122708301,-39.6554421363421,-38.6587720018541,
-37.662101867366,-36.665431732878,-36.1283155162826),.UNSPECIFIED.);
#256=B_SPLINE_CURVE_WITH_KNOTS('',3,(#1634,#1635,#1636,#1637,#1638,#1639,
#1640,#1641,#1642,#1643),.UNSPECIFIED.,.F.,.F.,(4,1,1,1,1,1,1,4),(29.845130209103,
30.4444041238443,31.4410742583324,32.4377443928204,33.4344145273084,34.4310846617965,
35.4277547962845,36.1283155162826),.UNSPECIFIED.);
#257=B_SPLINE_CURVE_WITH_KNOTS('',3,(#1644,#1645,#1646,#1647,#1648,#1649,
#1650,#1651,#1652,#1653,#1654,#1655,#1656,#1657,#1658,#1659,#1660,#1661,
#1662,#1663,#1664,#1665),.UNSPECIFIED.,.F.,.F.,(4,3,3,3,3,3,3,4),(-36.1283155162826,
-35.66876159839,-34.6720914639019,-33.6754213294139,-32.6787511949259,-31.6820810604378,
-30.6854109259498,-29.845130209103),.UNSPECIFIED.);
#258=B_SPLINE_CURVE_WITH_KNOTS('',3,(#1670,#1671,#1672,#1673,#1674,#1675,
#1676,#1677,#1678,#1679),.UNSPECIFIED.,.F.,.F.,(4,1,1,1,1,1,1,4),(23.5619449019234,
24.4643833169161,25.4610534514042,26.4577235858922,27.4543937203802,28.4510638548683,
29.4477339893563,29.845130209103),.UNSPECIFIED.);
#259=B_SPLINE_CURVE_WITH_KNOTS('',3,(#1680,#1681,#1682,#1683,#1684,#1685,
#1686,#1687,#1688,#1689,#1690,#1691,#1692,#1693,#1694,#1695,#1696,#1697,
#1698,#1699,#1700,#1701,#1702,#1703,#1704),.UNSPECIFIED.,.F.,.F.,(4,3,3,
3,3,3,3,3,4),(-29.845130209103,-29.6887407914618,-28.6920706569737,-27.6954005224857,
-26.6987303879977,-25.7020602535096,-24.7053901190216,-23.7087199845336,
-23.5619449019235),.UNSPECIFIED.);
#260=B_SPLINE_CURVE_WITH_KNOTS('',3,(#1709,#1710,#1711,#1712,#1713,#1714,
#1715,#1716,#1717,#1718,#1719),.UNSPECIFIED.,.F.,.F.,(4,1,1,1,1,1,1,1,4),
(17.2787595947439,17.4876923754999,18.4843625099879,19.481032644476,20.477702778964,
21.474372913452,22.4710430479401,23.4677131824281,23.5619449019234),
 .UNSPECIFIED.);
#261=B_SPLINE_CURVE_WITH_KNOTS('',3,(#1720,#1721,#1722,#1723,#1724,#1725,
#1726,#1727,#1728,#1729,#1730,#1731,#1732,#1733,#1734,#1735,#1736,#1737,
#1738,#1739,#1740,#1741),.UNSPECIFIED.,.F.,.F.,(4,3,3,3,3,3,3,4),(-23.5619449019235,
-22.7120498500455,-21.7153797155575,-20.7187095810695,-19.7220394465814,
-18.7253693120934,-17.7286991776054,-17.2787595947439),.UNSPECIFIED.);
#262=B_SPLINE_CURVE_WITH_KNOTS('',3,(#1746,#1747,#1748,#1749,#1750,#1751,
#1752,#1753,#1754,#1755),.UNSPECIFIED.,.F.,.F.,(4,1,1,1,1,1,1,4),(10.9955742875643,
11.5076715685717,12.5043417030597,13.5010118375478,14.4976819720358,15.4943521065238,
16.4910222410119,17.2787595947439),.UNSPECIFIED.);
#263=B_SPLINE_CURVE_WITH_KNOTS('',3,(#1756,#1757,#1758,#1759,#1760,#1761,
#1762,#1763,#1764,#1765,#1766,#1767,#1768,#1769,#1770,#1771,#1772,#1773,
#1774,#1775,#1776,#1777),.UNSPECIFIED.,.F.,.F.,(4,3,3,3,3,3,3,4),(-17.2787595947439,
-16.7320290431173,-15.7353589086293,-14.7386887741413,-13.7420186396532,
-12.7453485051652,-11.7486783706772,-10.9955742875643),.UNSPECIFIED.);
#264=B_SPLINE_CURVE_WITH_KNOTS('',3,(#1782,#1783,#1784,#1785,#1786,#1787,
#1788,#1789,#1790,#1791),.UNSPECIFIED.,.F.,.F.,(4,1,1,1,1,1,1,4),(4.71238898038467,
5.52765076164349,6.52432089613152,7.52099103061956,8.51766116510759,9.51433129959562,
10.5110014340837,10.9955742875643),.UNSPECIFIED.);
#265=B_SPLINE_CURVE_WITH_KNOTS('',3,(#1792,#1793,#1794,#1795,#1796,#1797,
#1798,#1799,#1800,#1801,#1802,#1803,#1804,#1805,#1806,#1807,#1808,#1809,
#1810,#1811,#1812,#1813,#1814,#1815,#1816),.UNSPECIFIED.,.F.,.F.,(4,3,3,
3,3,3,3,3,4),(-10.9955742875643,-10.7520082361891,-9.75533810170109,-8.75866796721306,
-7.76199783272503,-6.76532769823699,-5.76865756374896,-4.77198742926092,
-4.71238898038469),.UNSPECIFIED.);
#266=B_SPLINE_CURVE_WITH_KNOTS('',3,(#1822,#1823,#1824,#1825,#1826,#1827,
#1828,#1829,#1830,#1831),.UNSPECIFIED.,.F.,.F.,(4,1,1,1,1,1,1,4),(42.4115008234622,
43.4011158721888,44.3977860066768,45.3944561411648,46.3911262756529,47.3877964101409,
48.3844665446289,48.4142055439502),.UNSPECIFIED.);
#267=B_SPLINE_CURVE_WITH_KNOTS('',3,(#1834,#1835,#1836,#1837,#1838,#1839,
#1840,#1841,#1842,#1843,#1844,#1845,#1846,#1847,#1848,#1849,#1850,#1851,
#1852),.UNSPECIFIED.,.F.,.F.,(4,3,3,3,3,3,4),(-47.6288032122464,-46.6321330777583,
-45.6354629432703,-44.6387928087823,-43.6421226742942,-42.6454525398062,
-42.4115008234622),.UNSPECIFIED.);
#268=B_SPLINE_CURVE_WITH_KNOTS('',3,(#1857,#1858,#1859,#1860,#1861,#1862,
#1863,#1864,#1865,#1866,#1867),.UNSPECIFIED.,.F.,.F.,(4,1,1,1,1,1,1,1,4),
(36.1283155162826,36.4244249307725,37.4210950652606,38.4177651997486,39.4144353342366,
40.4111054687247,41.4077756032127,42.4044457377007,42.4115008234622),
 .UNSPECIFIED.);
#269=B_SPLINE_CURVE_WITH_KNOTS('',3,(#1868,#1869,#1870,#1871,#1872,#1873,
#1874,#1875,#1876,#1877,#1878,#1879,#1880,#1881,#1882,#1883,#1884,#1885,
#1886,#1887,#1888,#1889),.UNSPECIFIED.,.F.,.F.,(4,3,3,3,3,3,3,4),(-42.4115008234622,
-41.6487824053182,-40.6521122708301,-39.6554421363421,-38.6587720018541,
-37.662101867366,-36.665431732878,-36.1283155162826),.UNSPECIFIED.);
#270=B_SPLINE_CURVE_WITH_KNOTS('',3,(#1894,#1895,#1896,#1897,#1898,#1899,
#1900,#1901,#1902,#1903),.UNSPECIFIED.,.F.,.F.,(4,1,1,1,1,1,1,4),(29.845130209103,
30.4444041238443,31.4410742583324,32.4377443928204,33.4344145273084,34.4310846617965,
35.4277547962845,36.1283155162826),.UNSPECIFIED.);
#271=B_SPLINE_CURVE_WITH_KNOTS('',3,(#1904,#1905,#1906,#1907,#1908,#1909,
#1910,#1911,#1912,#1913,#1914,#1915,#1916,#1917,#1918,#1919,#1920,#1921,
#1922,#1923,#1924,#1925),.UNSPECIFIED.,.F.,.F.,(4,3,3,3,3,3,3,4),(-36.1283155162826,
-35.66876159839,-34.6720914639019,-33.6754213294139,-32.6787511949259,-31.6820810604378,
-30.6854109259498,-29.845130209103),.UNSPECIFIED.);
#272=B_SPLINE_CURVE_WITH_KNOTS('',3,(#1930,#1931,#1932,#1933,#1934,#1935,
#1936,#1937,#1938,#1939),.UNSPECIFIED.,.F.,.F.,(4,1,1,1,1,1,1,4),(23.5619449019234,
24.4643833169161,25.4610534514042,26.4577235858922,27.4543937203802,28.4510638548683,
29.4477339893563,29.845130209103),.UNSPECIFIED.);
#273=B_SPLINE_CURVE_WITH_KNOTS('',3,(#1940,#1941,#1942,#1943,#1944,#1945,
#1946,#1947,#1948,#1949,#1950,#1951,#1952,#1953,#1954,#1955,#1956,#1957,
#1958,#1959,#1960,#1961,#1962,#1963,#1964),.UNSPECIFIED.,.F.,.F.,(4,3,3,
3,3,3,3,3,4),(-29.845130209103,-29.6887407914618,-28.6920706569737,-27.6954005224857,
-26.6987303879977,-25.7020602535096,-24.7053901190216,-23.7087199845336,
-23.5619449019235),.UNSPECIFIED.);
#274=B_SPLINE_CURVE_WITH_KNOTS('',3,(#1969,#1970,#1971,#1972,#1973,#1974,
#1975,#1976,#1977,#1978,#1979),.UNSPECIFIED.,.F.,.F.,(4,1,1,1,1,1,1,1,4),
(17.2787595947439,17.4876923754999,18.4843625099879,19.481032644476,20.477702778964,
21.474372913452,22.4710430479401,23.4677131824281,23.5619449019234),
 .UNSPECIFIED.);
#275=B_SPLINE_CURVE_WITH_KNOTS('',3,(#1980,#1981,#1982,#1983,#1984,#1985,
#1986,#1987,#1988,#1989,#1990,#1991,#1992,#1993,#1994,#1995,#1996,#1997,
#1998,#1999,#2000,#2001),.UNSPECIFIED.,.F.,.F.,(4,3,3,3,3,3,3,4),(-23.5619449019235,
-22.7120498500455,-21.7153797155575,-20.7187095810695,-19.7220394465814,
-18.7253693120934,-17.7286991776054,-17.2787595947439),.UNSPECIFIED.);
#276=B_SPLINE_CURVE_WITH_KNOTS('',3,(#2006,#2007,#2008,#2009,#2010,#2011,
#2012,#2013,#2014,#2015),.UNSPECIFIED.,.F.,.F.,(4,1,1,1,1,1,1,4),(10.9955742875643,
11.5076715685717,12.5043417030597,13.5010118375478,14.4976819720358,15.4943521065238,
16.4910222410119,17.2787595947439),.UNSPECIFIED.);
#277=B_SPLINE_CURVE_WITH_KNOTS('',3,(#2016,#2017,#2018,#2019,#2020,#2021,
#2022,#2023,#2024,#2025,#2026,#2027,#2028,#2029,#2030,#2031,#2032,#2033,
#2034,#2035,#2036,#2037),.UNSPECIFIED.,.F.,.F.,(4,3,3,3,3,3,3,4),(-17.2787595947439,
-16.7320290431173,-15.7353589086293,-14.7386887741413,-13.7420186396532,
-12.7453485051652,-11.7486783706772,-10.9955742875643),.UNSPECIFIED.);
#278=B_SPLINE_CURVE_WITH_KNOTS('',3,(#2042,#2043,#2044,#2045,#2046,#2047,
#2048,#2049,#2050,#2051),.UNSPECIFIED.,.F.,.F.,(4,1,1,1,1,1,1,4),(4.71238898038467,
5.52765076164349,6.52432089613152,7.52099103061956,8.51766116510759,9.51433129959562,
10.5110014340837,10.9955742875643),.UNSPECIFIED.);
#279=B_SPLINE_CURVE_WITH_KNOTS('',3,(#2052,#2053,#2054,#2055,#2056,#2057,
#2058,#2059,#2060,#2061,#2062,#2063,#2064,#2065,#2066,#2067,#2068,#2069,
#2070,#2071,#2072,#2073,#2074,#2075,#2076),.UNSPECIFIED.,.F.,.F.,(4,3,3,
3,3,3,3,3,4),(-10.9955742875643,-10.7520082361891,-9.7553381017011,-8.75866796721306,
-7.76199783272503,-6.76532769823699,-5.76865756374896,-4.77198742926092,
-4.71238898038469),.UNSPECIFIED.);
#280=B_SPLINE_CURVE_WITH_KNOTS('',3,(#2082,#2083,#2084,#2085,#2086,#2087,
#2088,#2089,#2090,#2091),.UNSPECIFIED.,.F.,.F.,(4,1,1,1,1,1,1,4),(42.4115008234622,
43.4011158721888,44.3977860066768,45.3944561411649,46.3911262756529,47.3877964101409,
48.3844665446289,48.4142055439502),.UNSPECIFIED.);
#281=B_SPLINE_CURVE_WITH_KNOTS('',3,(#2094,#2095,#2096,#2097,#2098,#2099,
#2100,#2101,#2102,#2103,#2104,#2105,#2106,#2107,#2108,#2109,#2110,#2111,
#2112),.UNSPECIFIED.,.F.,.F.,(4,3,3,3,3,3,4),(-47.6288032122464,-46.6321330777583,
-45.6354629432703,-44.6387928087823,-43.6421226742942,-42.6454525398062,
-42.4115008234622),.UNSPECIFIED.);
#282=B_SPLINE_CURVE_WITH_KNOTS('',3,(#2117,#2118,#2119,#2120,#2121,#2122,
#2123,#2124,#2125,#2126,#2127),.UNSPECIFIED.,.F.,.F.,(4,1,1,1,1,1,1,1,4),
(36.1283155162826,36.4244249307725,37.4210950652606,38.4177651997486,39.4144353342366,
40.4111054687247,41.4077756032127,42.4044457377008,42.4115008234622),
 .UNSPECIFIED.);
#283=B_SPLINE_CURVE_WITH_KNOTS('',3,(#2128,#2129,#2130,#2131,#2132,#2133,
#2134,#2135,#2136,#2137,#2138,#2139,#2140,#2141,#2142,#2143,#2144,#2145,
#2146,#2147,#2148,#2149),.UNSPECIFIED.,.F.,.F.,(4,3,3,3,3,3,3,4),(-42.4115008234622,
-41.6487824053182,-40.6521122708301,-39.6554421363421,-38.6587720018541,
-37.662101867366,-36.665431732878,-36.1283155162826),.UNSPECIFIED.);
#284=B_SPLINE_CURVE_WITH_KNOTS('',3,(#2154,#2155,#2156,#2157,#2158,#2159,
#2160,#2161,#2162,#2163),.UNSPECIFIED.,.F.,.F.,(4,1,1,1,1,1,1,4),(29.845130209103,
30.4444041238443,31.4410742583324,32.4377443928204,33.4344145273084,34.4310846617965,
35.4277547962845,36.1283155162826),.UNSPECIFIED.);
#285=B_SPLINE_CURVE_WITH_KNOTS('',3,(#2164,#2165,#2166,#2167,#2168,#2169,
#2170,#2171,#2172,#2173,#2174,#2175,#2176,#2177,#2178,#2179,#2180,#2181,
#2182,#2183,#2184,#2185),.UNSPECIFIED.,.F.,.F.,(4,3,3,3,3,3,3,4),(-36.1283155162826,
-35.66876159839,-34.6720914639019,-33.6754213294139,-32.6787511949259,-31.6820810604378,
-30.6854109259498,-29.845130209103),.UNSPECIFIED.);
#286=B_SPLINE_CURVE_WITH_KNOTS('',3,(#2190,#2191,#2192,#2193,#2194,#2195,
#2196,#2197,#2198,#2199),.UNSPECIFIED.,.F.,.F.,(4,1,1,1,1,1,1,4),(23.5619449019234,
24.4643833169161,25.4610534514042,26.4577235858922,27.4543937203802,28.4510638548683,
29.4477339893563,29.845130209103),.UNSPECIFIED.);
#287=B_SPLINE_CURVE_WITH_KNOTS('',3,(#2200,#2201,#2202,#2203,#2204,#2205,
#2206,#2207,#2208,#2209,#2210,#2211,#2212,#2213,#2214,#2215,#2216,#2217,
#2218,#2219,#2220,#2221,#2222,#2223,#2224),.UNSPECIFIED.,.F.,.F.,(4,3,3,
3,3,3,3,3,4),(-29.845130209103,-29.6887407914618,-28.6920706569737,-27.6954005224857,
-26.6987303879977,-25.7020602535096,-24.7053901190216,-23.7087199845336,
-23.5619449019235),.UNSPECIFIED.);
#288=B_SPLINE_CURVE_WITH_KNOTS('',3,(#2229,#2230,#2231,#2232,#2233,#2234,
#2235,#2236,#2237,#2238,#2239),.UNSPECIFIED.,.F.,.F.,(4,1,1,1,1,1,1,1,4),
(17.2787595947439,17.4876923754999,18.4843625099879,19.481032644476,20.477702778964,
21.474372913452,22.4710430479401,23.4677131824281,23.5619449019234),
 .UNSPECIFIED.);
#289=B_SPLINE_CURVE_WITH_KNOTS('',3,(#2240,#2241,#2242,#2243,#2244,#2245,
#2246,#2247,#2248,#2249,#2250,#2251,#2252,#2253,#2254,#2255,#2256,#2257,
#2258,#2259,#2260,#2261),.UNSPECIFIED.,.F.,.F.,(4,3,3,3,3,3,3,4),(-23.5619449019235,
-22.7120498500455,-21.7153797155575,-20.7187095810695,-19.7220394465814,
-18.7253693120934,-17.7286991776054,-17.2787595947439),.UNSPECIFIED.);
#290=B_SPLINE_CURVE_WITH_KNOTS('',3,(#2266,#2267,#2268,#2269,#2270,#2271,
#2272,#2273,#2274,#2275),.UNSPECIFIED.,.F.,.F.,(4,1,1,1,1,1,1,4),(10.9955742875643,
11.5076715685717,12.5043417030597,13.5010118375478,14.4976819720358,15.4943521065238,
16.4910222410119,17.2787595947439),.UNSPECIFIED.);
#291=B_SPLINE_CURVE_WITH_KNOTS('',3,(#2276,#2277,#2278,#2279,#2280,#2281,
#2282,#2283,#2284,#2285,#2286,#2287,#2288,#2289,#2290,#2291,#2292,#2293,
#2294,#2295,#2296,#2297),.UNSPECIFIED.,.F.,.F.,(4,3,3,3,3,3,3,4),(-17.2787595947439,
-16.7320290431173,-15.7353589086293,-14.7386887741413,-13.7420186396532,
-12.7453485051652,-11.7486783706772,-10.9955742875643),.UNSPECIFIED.);
#292=B_SPLINE_CURVE_WITH_KNOTS('',3,(#2302,#2303,#2304,#2305,#2306,#2307,
#2308,#2309,#2310,#2311),.UNSPECIFIED.,.F.,.F.,(4,1,1,1,1,1,1,4),(4.71238898038467,
5.52765076164349,6.52432089613152,7.52099103061956,8.51766116510759,9.51433129959563,
10.5110014340837,10.9955742875643),.UNSPECIFIED.);
#293=B_SPLINE_CURVE_WITH_KNOTS('',3,(#2312,#2313,#2314,#2315,#2316,#2317,
#2318,#2319,#2320,#2321,#2322,#2323,#2324,#2325,#2326,#2327,#2328,#2329,
#2330,#2331,#2332,#2333,#2334,#2335,#2336),.UNSPECIFIED.,.F.,.F.,(4,3,3,
3,3,3,3,3,4),(-10.9955742875643,-10.7520082361891,-9.7553381017011,-8.75866796721306,
-7.76199783272503,-6.76532769823699,-5.76865756374896,-4.77198742926092,
-4.71238898038469),.UNSPECIFIED.);
#294=B_SPLINE_CURVE_WITH_KNOTS('',3,(#2339,#2340,#2341,#2342,#2343,#2344,
#2345,#2346,#2347,#2348),.UNSPECIFIED.,.F.,.F.,(4,3,3,4),(-4.71238898038469,
-3.77531729477288,-2.77864716028484,-2.7489081609636),.UNSPECIFIED.);
#295=B_SPLINE_CURVE_WITH_KNOTS('',3,(#2351,#2352,#2353,#2354,#2355),
 .UNSPECIFIED.,.F.,.F.,(4,1,4),(3.53431049266742,4.53098062715545,4.71238898038467),
 .UNSPECIFIED.);
#296=B_SPLINE_CURVE_WITH_KNOTS('',3,(#2557,#2558,#2559,#2560,#2561,#2562,
#2563,#2564,#2565,#2566,#2567,#2568,#2569,#2570,#2571,#2572,#2573,#2574,
#2575,#2576,#2577,#2578,#2579,#2580,#2581,#2582,#2583,#2584,#2585,#2586,
#2587,#2588,#2589,#2590,#2591,#2592,#2593,#2594,#2595,#2596,#2597,#2598,
#2599,#2600,#2601,#2602,#2603,#2604,#2605,#2606,#2607,#2608,#2609,#2610,
#2611,#2612,#2613,#2614,#2615,#2616,#2617,#2618,#2619,#2620,#2621,#2622,
#2623,#2624,#2625,#2626,#2627,#2628,#2629,#2630,#2631,#2632,#2633,#2634,
#2635,#2636,#2637,#2638,#2639,#2640,#2641),.UNSPECIFIED.,.F.,.F.,(4,3,3,
3,3,3,3,3,3,3,3,3,3,3,3,3,3,3,3,3,3,3,3,3,3,3,3,3,4),(-0.357653248808014,
-0.335731430658273,-0.320451906757859,-0.315801770623033,-0.310811646337179,
-0.292320429123772,-0.275574141203968,-0.271620708123296,-0.250317639211648,
-0.22946336410729,-0.213883891750935,-0.205843724884915,-0.202082837709949,
-0.198985550176536,-0.178819173006132,-0.167145474681869,-0.146252290346636,
-0.137111522199971,-0.132639584681493,-0.129164133480525,-0.109124713933588,
-0.0891259029116586,-0.0695303173108117,-0.065553400940425,-0.0620974036978562,
-0.0428919392031706,-0.0240408046474806,-0.00582725988117669,0.),
 .UNSPECIFIED.);
#297=B_SPLINE_CURVE_WITH_KNOTS('',3,(#2643,#2644,#2645,#2646,#2647,#2648,
#2649,#2650,#2651,#2652,#2653,#2654,#2655,#2656,#2657,#2658,#2659,#2660,
#2661,#2662,#2663,#2664,#2665,#2666,#2667,#2668,#2669,#2670,#2671,#2672,
#2673,#2674,#2675,#2676,#2677,#2678,#2679,#2680,#2681,#2682,#2683,#2684,
#2685,#2686,#2687,#2688,#2689,#2690,#2691),.UNSPECIFIED.,.F.,.F.,(4,1,1,
1,1,1,1,1,1,1,1,1,1,1,1,1,1,1,1,1,1,1,1,1,1,1,1,1,1,1,1,1,1,1,1,1,1,1,1,
1,1,1,1,1,1,1,4),(0.785306891308788,1.78197702579682,2.77864716028486,3.77531729477289,
4.77198742926092,5.76865756374896,6.76532769823699,7.76199783272503,8.75866796721306,
9.7553381017011,10.7520082361891,11.7486783706772,12.7453485051652,13.7420186396532,
14.7386887741413,15.7353589086293,16.7320290431173,17.7286991776054,18.7253693120934,
19.7220394465814,20.7187095810695,21.7153797155575,22.7120498500455,23.7087199845336,
24.7053901190216,25.7020602535096,26.6987303879977,27.6954005224857,28.6920706569737,
29.6887407914618,30.6854109259498,31.6820810604378,32.6787511949259,33.6754213294139,
34.6720914639019,35.66876159839,36.665431732878,37.662101867366,38.6587720018541,
39.6554421363421,40.6521122708301,41.6487824053182,42.6454525398062,43.6421226742942,
44.6387928087823,45.6354629432703,45.6652019425916),.UNSPECIFIED.);
#298=B_SPLINE_CURVE_WITH_KNOTS('',3,(#2692,#2693,#2694,#2695,#2696,#2697,
#2698,#2699,#2700,#2701,#2702,#2703,#2704,#2705,#2706,#2707,#2708,#2709,
#2710,#2711,#2712,#2713,#2714,#2715,#2716,#2717,#2718,#2719,#2720,#2721,
#2722,#2723,#2724,#2725,#2726,#2727,#2728,#2729,#2730,#2731,#2732,#2733,
#2734,#2735,#2736,#2737,#2738,#2739,#2740,#2741,#2742,#2743,#2744,#2745,
#2746,#2747,#2748,#2749,#2750,#2751,#2752,#2753,#2754,#2755,#2756,#2757,
#2758,#2759,#2760,#2761,#2762,#2763,#2764,#2765,#2766,#2767,#2768,#2769,
#2770),.UNSPECIFIED.,.F.,.F.,(4,3,3,3,3,3,3,3,3,3,3,3,3,3,3,3,3,3,3,3,3,
3,3,3,3,3,4),(0.,0.0215537124232378,0.0436880719673973,0.0614888374952128,
0.0705135346211856,0.0759747340187713,0.0797901240291013,0.101278074190752,
0.122482104690544,0.138385127565388,0.147157351121676,0.152331979968767,
0.172640271676034,0.186094196189922,0.207739481026113,0.217665363558069,
0.221064128712544,0.241222969767893,0.261402343547966,0.281237844890147,
0.287639094295135,0.291546599673383,0.308474068474901,0.322945779245371,
0.327392207000735,0.346003949934914,0.359256474879455),.UNSPECIFIED.);
#299=B_SPLINE_CURVE_WITH_KNOTS('',3,(#3067,#3068,#3069,#3070,#3071,#3072),
 .UNSPECIFIED.,.F.,.F.,(4,2,4),(-0.140639887572448,-0.0643958057854311,
0.),.UNSPECIFIED.);
#300=B_SPLINE_CURVE_WITH_KNOTS('',3,(#3074,#3075,#3076,#3077,#3078),
 .UNSPECIFIED.,.F.,.F.,(4,1,4),(44.8797392612635,44.8798950512828,44.880085932073),
 .UNSPECIFIED.);
#301=B_SPLINE_CURVE_WITH_KNOTS('',3,(#3080,#3081,#3082,#3083,#3084,#3085,
#3086,#3087),.UNSPECIFIED.,.F.,.F.,(4,1,1,1,1,4),(40.8407044966673,40.8905710467243,
41.8879020478639,42.8852330490035,43.8825640501432,44.8797392612635),
 .UNSPECIFIED.);
#302=B_SPLINE_CURVE_WITH_KNOTS('',3,(#3089,#3090,#3091,#3092,#3093,#3094,
#3095,#3096,#3097,#3098),.UNSPECIFIED.,.F.,.F.,(4,1,1,1,1,1,1,4),(34.5575191894877,
34.9065850398866,35.9039160410262,36.9012470421658,37.8985780433054,38.8959090444451,
39.8932400455847,40.8407044966673),.UNSPECIFIED.);
#303=B_SPLINE_CURVE_WITH_KNOTS('',3,(#3100,#3101,#3102,#3103,#3104,#3105,
#3106,#3107,#3108,#3109),.UNSPECIFIED.,.F.,.F.,(4,1,1,1,1,1,1,4),(28.2743338823081,
28.9225990330489,29.9199300341885,30.9172610353281,31.9145920364677,32.9119230376074,
33.909254038747,34.5575191894877),.UNSPECIFIED.);
#304=B_SPLINE_CURVE_WITH_KNOTS('',3,(#3111,#3112,#3113,#3114,#3115,#3116,
#3117,#3118,#3119,#3120),.UNSPECIFIED.,.F.,.F.,(4,1,1,1,1,1,1,4),(21.9911485751285,
22.9386130262112,23.9359440273508,24.9332750284904,25.93060602963,26.9279370307697,
27.9252680319093,28.2743338823081),.UNSPECIFIED.);
#305=B_SPLINE_CURVE_WITH_KNOTS('',3,(#3122,#3123,#3124,#3125,#3126,#3127,
#3128,#3129,#3130,#3131,#3132),.UNSPECIFIED.,.F.,.F.,(4,1,1,1,1,1,1,1,4),
(15.707963267949,15.9572960182339,16.9546270193735,17.9519580205131,18.9492890216527,
19.9466200227923,20.943951023932,21.9412820250716,21.9911485751285),
 .UNSPECIFIED.);
#306=B_SPLINE_CURVE_WITH_KNOTS('',3,(#3134,#3135,#3136,#3137,#3138,#3139,
#3140,#3141,#3142,#3143),.UNSPECIFIED.,.F.,.F.,(4,1,1,1,1,1,1,4),(9.42477796076938,
9.97331001139617,10.9706410125358,11.9679720136754,12.965303014815,13.9626340159546,
14.9599650170943,15.707963267949),.UNSPECIFIED.);
#307=B_SPLINE_CURVE_WITH_KNOTS('',3,(#3145,#3146,#3147,#3148,#3149,#3150,
#3151,#3152,#3153,#3154),.UNSPECIFIED.,.F.,.F.,(4,1,1,1,1,1,1,4),(3.14159265358979,
3.98932400455847,4.98665500569809,5.9839860068377,6.98131700797732,7.97864800911694,
8.97597901025655,9.42477796076938),.UNSPECIFIED.);
#308=B_SPLINE_CURVE_WITH_KNOTS('',3,(#3156,#3157,#3158,#3159,#3160,#3161,
#3162),.UNSPECIFIED.,.F.,.F.,(4,1,1,1,4),(6.28337444365031,6.98131700797732,
7.97864800911694,8.97597901025655,9.42477796076936),.UNSPECIFIED.);
#309=B_SPLINE_CURVE_WITH_KNOTS('',3,(#3163,#3164,#3165,#3166,#3167,#3168,
#3169,#3170,#3171,#3172,#3173,#3174,#3175,#3176,#3177,#3178,#3179,#3180,
#3181,#3182,#3183,#3184,#3185,#3186,#3187,#3188,#3189,#3190,#3191,#3192,
#3193,#3194,#3195,#3196),.UNSPECIFIED.,.F.,.F.,(4,3,3,3,3,3,3,3,3,3,3,4),
(0.,0.00870562995657941,0.01707454641917,0.0252100982260973,0.0333456500330245,
0.0345422290008002,0.0388449775477527,0.0484771577068942,0.0585743067258785,
0.0592365341558746,0.0703074215040992,0.0810204281174363),.UNSPECIFIED.);
#310=B_SPLINE_CURVE_WITH_KNOTS('',3,(#3199,#3200,#3201,#3202,#3203,#3204,
#3205,#3206,#3207,#3208),.UNSPECIFIED.,.F.,.F.,(4,3,3,4),(-4.71238898038469,
-3.77531729477288,-2.77864716028484,-2.7489081609636),.UNSPECIFIED.);
#311=B_SPLINE_CURVE_WITH_KNOTS('',3,(#3211,#3212,#3213,#3214,#3215),
 .UNSPECIFIED.,.F.,.F.,(4,1,4),(3.53431049266742,4.53098062715545,4.71238898038467),
 .UNSPECIFIED.);
#312=B_SPLINE_CURVE_WITH_KNOTS('',3,(#3417,#3418,#3419,#3420,#3421,#3422,
#3423,#3424,#3425,#3426,#3427,#3428,#3429,#3430,#3431,#3432,#3433,#3434,
#3435,#3436,#3437,#3438,#3439,#3440,#3441,#3442,#3443,#3444,#3445,#3446,
#3447,#3448,#3449,#3450,#3451,#3452,#3453,#3454,#3455,#3456,#3457,#3458,
#3459,#3460,#3461,#3462,#3463,#3464,#3465,#3466,#3467,#3468,#3469,#3470,
#3471,#3472,#3473,#3474,#3475,#3476,#3477,#3478,#3479,#3480,#3481,#3482,
#3483,#3484,#3485,#3486,#3487,#3488,#3489,#3490,#3491,#3492,#3493,#3494,
#3495,#3496,#3497,#3498,#3499,#3500,#3501),.UNSPECIFIED.,.F.,.F.,(4,3,3,
3,3,3,3,3,3,3,3,3,3,3,3,3,3,3,3,3,3,3,3,3,3,3,3,3,4),(-0.357653248808022,
-0.33573142058421,-0.320451923855274,-0.315801789045318,-0.310811650007476,
-0.292320439847063,-0.275574161304479,-0.271620715609465,-0.250317647777513,
-0.22946337715818,-0.213883901539103,-0.205843750184171,-0.202082829760571,
-0.198985536714392,-0.178819164044518,-0.167145474681871,-0.146252290346637,
-0.137111522199972,-0.132639588094655,-0.129164135267616,-0.109124714987865,
-0.0891259047257859,-0.0695303243919031,-0.0655534413454514,-0.0620974114306017,
-0.0428919495490355,-0.0240408214564757,-0.00582728794159204,0.),
 .UNSPECIFIED.);
#313=B_SPLINE_CURVE_WITH_KNOTS('',3,(#3503,#3504,#3505,#3506,#3507,#3508,
#3509,#3510,#3511,#3512,#3513,#3514,#3515,#3516,#3517,#3518,#3519,#3520,
#3521,#3522,#3523,#3524,#3525,#3526,#3527,#3528,#3529,#3530,#3531,#3532,
#3533,#3534,#3535,#3536,#3537,#3538,#3539,#3540,#3541,#3542,#3543,#3544,
#3545,#3546,#3547,#3548,#3549,#3550,#3551),.UNSPECIFIED.,.F.,.F.,(4,1,1,
1,1,1,1,1,1,1,1,1,1,1,1,1,1,1,1,1,1,1,1,1,1,1,1,1,1,1,1,1,1,1,1,1,1,1,1,
1,1,1,1,1,1,1,4),(0.785306891308789,1.78197702579682,2.77864716028486,3.77531729477289,
4.77198742926092,5.76865756374896,6.76532769823699,7.76199783272503,8.75866796721306,
9.7553381017011,10.7520082361891,11.7486783706772,12.7453485051652,13.7420186396532,
14.7386887741413,15.7353589086293,16.7320290431173,17.7286991776054,18.7253693120934,
19.7220394465814,20.7187095810695,21.7153797155575,22.7120498500455,23.7087199845336,
24.7053901190216,25.7020602535096,26.6987303879977,27.6954005224857,28.6920706569737,
29.6887407914618,30.6854109259498,31.6820810604378,32.6787511949259,33.6754213294139,
34.6720914639019,35.66876159839,36.665431732878,37.662101867366,38.6587720018541,
39.6554421363421,40.6521122708301,41.6487824053182,42.6454525398062,43.6421226742942,
44.6387928087823,45.6354629432703,45.6652019425916),.UNSPECIFIED.);
#314=B_SPLINE_CURVE_WITH_KNOTS('',3,(#3552,#3553,#3554,#3555,#3556,#3557,
#3558,#3559,#3560,#3561,#3562,#3563,#3564,#3565,#3566,#3567,#3568,#3569,
#3570,#3571,#3572,#3573,#3574,#3575,#3576,#3577,#3578,#3579,#3580,#3581,
#3582,#3583,#3584,#3585,#3586,#3587,#3588,#3589,#3590,#3591,#3592,#3593,
#3594,#3595,#3596,#3597,#3598,#3599,#3600,#3601,#3602,#3603,#3604,#3605,
#3606,#3607,#3608,#3609,#3610,#3611,#3612,#3613,#3614,#3615,#3616,#3617,
#3618,#3619,#3620,#3621,#3622,#3623,#3624,#3625,#3626,#3627,#3628,#3629,
#3630),.UNSPECIFIED.,.F.,.F.,(4,3,3,3,3,3,3,3,3,3,3,3,3,3,3,3,3,3,3,3,3,
3,3,3,3,3,4),(0.,0.0215537101339565,0.0436880694871322,0.0614888353249799,
0.070513534040248,0.0759747232661568,0.0797901210239144,0.101278070295074,
0.122482101768784,0.138385125374066,0.147157345744497,0.152331981248332,
0.172640263941598,0.186094196189914,0.207739481026106,0.21766536506096,
0.221064131842657,0.241222969233622,0.26140234770254,0.281237861398321,
0.287639126654171,0.291546659981065,0.308474113705662,0.322945855211364,
0.327392270445223,0.346004028725089,0.359256474879452),.UNSPECIFIED.);
#315=B_SPLINE_CURVE_WITH_KNOTS('',3,(#3927,#3928,#3929,#3930,#3931,#3932),
 .UNSPECIFIED.,.F.,.F.,(4,2,4),(-0.140639887572463,-0.0643958057854318,
0.),.UNSPECIFIED.);
#316=B_SPLINE_CURVE_WITH_KNOTS('',3,(#3934,#3935,#3936,#3937,#3938),
 .UNSPECIFIED.,.F.,.F.,(4,1,4),(44.8797392612635,44.8798950512828,44.880085932073),
 .UNSPECIFIED.);
#317=B_SPLINE_CURVE_WITH_KNOTS('',3,(#3940,#3941,#3942,#3943,#3944,#3945,
#3946,#3947),.UNSPECIFIED.,.F.,.F.,(4,1,1,1,1,4),(40.8407044966673,40.8905710467243,
41.8879020478639,42.8852330490035,43.8825640501432,44.8797392612635),
 .UNSPECIFIED.);
#318=B_SPLINE_CURVE_WITH_KNOTS('',3,(#3949,#3950,#3951,#3952,#3953,#3954,
#3955,#3956,#3957,#3958),.UNSPECIFIED.,.F.,.F.,(4,1,1,1,1,1,1,4),(34.5575191894877,
34.9065850398866,35.9039160410262,36.9012470421658,37.8985780433054,38.8959090444451,
39.8932400455847,40.8407044966673),.UNSPECIFIED.);
#319=B_SPLINE_CURVE_WITH_KNOTS('',3,(#3960,#3961,#3962,#3963,#3964,#3965,
#3966,#3967,#3968,#3969),.UNSPECIFIED.,.F.,.F.,(4,1,1,1,1,1,1,4),(28.2743338823081,
28.9225990330489,29.9199300341885,30.9172610353281,31.9145920364677,32.9119230376074,
33.909254038747,34.5575191894877),.UNSPECIFIED.);
#320=B_SPLINE_CURVE_WITH_KNOTS('',3,(#3971,#3972,#3973,#3974,#3975,#3976,
#3977,#3978,#3979,#3980),.UNSPECIFIED.,.F.,.F.,(4,1,1,1,1,1,1,4),(21.9911485751285,
22.9386130262112,23.9359440273508,24.9332750284904,25.93060602963,26.9279370307697,
27.9252680319093,28.2743338823081),.UNSPECIFIED.);
#321=B_SPLINE_CURVE_WITH_KNOTS('',3,(#3982,#3983,#3984,#3985,#3986,#3987,
#3988,#3989,#3990,#3991,#3992),.UNSPECIFIED.,.F.,.F.,(4,1,1,1,1,1,1,1,4),
(15.707963267949,15.9572960182339,16.9546270193735,17.9519580205131,18.9492890216527,
19.9466200227923,20.943951023932,21.9412820250716,21.9911485751285),
 .UNSPECIFIED.);
#322=B_SPLINE_CURVE_WITH_KNOTS('',3,(#3994,#3995,#3996,#3997,#3998,#3999,
#4000,#4001,#4002,#4003),.UNSPECIFIED.,.F.,.F.,(4,1,1,1,1,1,1,4),(9.42477796076938,
9.97331001139617,10.9706410125358,11.9679720136754,12.965303014815,13.9626340159546,
14.9599650170943,15.707963267949),.UNSPECIFIED.);
#323=B_SPLINE_CURVE_WITH_KNOTS('',3,(#4005,#4006,#4007,#4008,#4009,#4010,
#4011,#4012,#4013,#4014),.UNSPECIFIED.,.F.,.F.,(4,1,1,1,1,1,1,4),(3.14159265358979,
3.98932400455847,4.98665500569809,5.9839860068377,6.98131700797732,7.97864800911694,
8.97597901025655,9.42477796076938),.UNSPECIFIED.);
#324=B_SPLINE_CURVE_WITH_KNOTS('',3,(#4016,#4017,#4018,#4019,#4020,#4021,
#4022),.UNSPECIFIED.,.F.,.F.,(4,1,1,1,4),(6.28337444365031,6.98131700797732,
7.97864800911694,8.97597901025655,9.42477796076936),.UNSPECIFIED.);
#325=B_SPLINE_CURVE_WITH_KNOTS('',3,(#4023,#4024,#4025,#4026,#4027,#4028,
#4029,#4030,#4031,#4032,#4033,#4034,#4035,#4036,#4037,#4038,#4039,#4040,
#4041,#4042,#4043,#4044,#4045,#4046,#4047,#4048,#4049,#4050,#4051,#4052,
#4053,#4054,#4055,#4056),.UNSPECIFIED.,.F.,.F.,(4,3,3,3,3,3,3,3,3,3,3,4),
(0.,0.0087056279617713,0.0170745389845894,0.0252100945088226,0.0333456500330558,
0.0345422290008334,0.0388449775477916,0.0484771584403454,0.0585743079802538,
0.059236534155939,0.0703074183971701,0.0810204281175356),.UNSPECIFIED.);
#326=B_SPLINE_CURVE_WITH_KNOTS('',3,(#4353,#4354,#4355,#4356,#4357,#4358,
#4359,#4360,#4361,#4362,#4363,#4364,#4365,#4366,#4367,#4368,#4369,#4370,
#4371,#4372,#4373,#4374,#4375,#4376,#4377,#4378,#4379,#4380,#4381,#4382,
#4383),.UNSPECIFIED.,.F.,.F.,(4,3,3,3,3,3,3,3,3,3,4),(-0.0810212084950773,
-0.0699477893945592,-0.0592364576412076,-0.0532489387608241,-0.0444456008077037,
-0.0388440759952376,-0.0309473389380099,-0.0228422051435604,-0.0145557175354901,
-0.00592787807897777,0.),.UNSPECIFIED.);
#327=B_SPLINE_CURVE_WITH_KNOTS('',3,(#4385,#4386,#4387,#4388,#4389,#4390,
#4391,#4392,#4393,#4394,#4395,#4396,#4397,#4398,#4399,#4400,#4401,#4402,
#4403,#4404,#4405,#4406,#4407,#4408,#4409,#4410,#4411,#4412,#4413,#4414,
#4415,#4416,#4417,#4418,#4419,#4420,#4421,#4422,#4423,#4424,#4425,#4426,
#4427,#4428,#4429,#4430,#4431,#4432,#4433),.UNSPECIFIED.,.F.,.F.,(4,1,1,
1,1,1,1,1,1,1,1,1,1,1,1,1,1,1,1,1,1,1,1,1,1,1,1,1,1,1,1,1,1,1,1,1,1,1,1,
1,1,1,1,1,1,1,4),(5.49791176232223,5.9839860068377,6.98131700797732,7.97864800911694,
8.97597901025655,9.97331001139617,10.9706410125358,11.9679720136754,12.965303014815,
13.9626340159546,14.9599650170943,15.9572960182339,16.9546270193735,17.9519580205131,
18.9492890216527,19.9466200227923,20.943951023932,21.9412820250716,22.9386130262112,
23.9359440273508,24.9332750284904,25.93060602963,26.9279370307697,27.9252680319093,
28.9225990330489,29.9199300341885,30.9172610353281,31.9145920364677,32.9119230376074,
33.909254038747,34.9065850398866,35.9039160410262,36.9012470421658,37.8985780433054,
38.8959090444451,39.8932400455847,40.8905710467243,41.8879020478639,42.8852330490035,
43.8825640501432,44.8798950512828,45.8772260524224,46.874557053562,47.8718880547016,
48.8692190558412,49.8665500569808,50.377806813605),.UNSPECIFIED.);
#328=B_SPLINE_CURVE_WITH_KNOTS('',3,(#4435,#4436,#4437,#4438,#4439,#4440),
 .UNSPECIFIED.,.F.,.F.,(4,2,4),(0.,0.0643958057811742,0.140639887574414),
 .UNSPECIFIED.);
#329=B_SPLINE_CURVE_WITH_KNOTS('',3,(#4441,#4442,#4443,#4444),
 .UNSPECIFIED.,.F.,.F.,(4,4),(6.28302777284081,6.28337444365031),
 .UNSPECIFIED.);
#330=B_SPLINE_CURVE_WITH_KNOTS('',3,(#4645,#4646,#4647,#4648,#4649,#4650,
#4651,#4652,#4653,#4654,#4655,#4656,#4657,#4658,#4659,#4660,#4661,#4662,
#4663,#4664,#4665,#4666,#4667,#4668,#4669,#4670,#4671,#4672,#4673,#4674,
#4675,#4676,#4677,#4678,#4679,#4680,#4681,#4682,#4683,#4684,#4685,#4686,
#4687,#4688,#4689,#4690,#4691,#4692,#4693,#4694,#4695,#4696,#4697,#4698,
#4699,#4700,#4701,#4702,#4703,#4704,#4705,#4706,#4707,#4708,#4709,#4710,
#4711,#4712,#4713,#4714,#4715,#4716,#4717,#4718,#4719,#4720,#4721,#4722,
#4723,#4724,#4725,#4726,#4727,#4728,#4729),.UNSPECIFIED.,.F.,.F.,(4,3,3,
3,3,3,3,3,3,3,3,3,3,3,3,3,3,3,3,3,3,3,3,3,3,3,3,3,4),(-0.359256474879483,
-0.340797952791842,-0.33087985790702,-0.325456358743444,-0.321010234692169,
-0.304145729879391,-0.294944443832571,-0.288563932699231,-0.284583621105621,
-0.264711895659679,-0.244496613596371,-0.229896009244763,-0.222051571236694,
-0.218271864665043,-0.197439509615443,-0.18609419618994,-0.165925097607368,
-0.155554779006907,-0.150418481915241,-0.147060893036839,-0.126247494636796,
-0.104957743731288,-0.0834685275293703,-0.0781907731390135,-0.0738733521056718,
-0.0518295095561071,-0.0297052284357758,-0.00804702781077021,0.),
 .UNSPECIFIED.);
#331=B_SPLINE_CURVE_WITH_KNOTS('',3,(#4730,#4731,#4732,#4733,#4734,#4735,
#4736,#4737,#4738,#4739,#4740,#4741,#4742,#4743,#4744,#4745,#4746,#4747,
#4748,#4749,#4750,#4751,#4752,#4753,#4754,#4755,#4756,#4757,#4758,#4759,
#4760,#4761,#4762,#4763,#4764,#4765,#4766,#4767,#4768,#4769,#4770,#4771,
#4772,#4773,#4774,#4775,#4776,#4777,#4778,#4779,#4780,#4781,#4782,#4783,
#4784,#4785,#4786,#4787,#4788,#4789,#4790,#4791,#4792,#4793,#4794,#4795,
#4796,#4797,#4798,#4799,#4800,#4801,#4802,#4803,#4804,#4805,#4806,#4807,
#4808),.UNSPECIFIED.,.F.,.F.,(4,3,3,3,3,3,3,3,3,3,3,3,3,3,3,3,3,3,3,3,3,
3,3,3,3,3,4),(0.,0.018161276708372,0.0371417639824423,0.053392227819871,
0.0609864799630876,0.064537590658225,0.0841144950516167,0.10487223995918,
0.120440548639853,0.129002397779038,0.133778958352656,0.154468828835802,
0.167145474681872,0.187213470941972,0.1978659570586,0.201392507675995,0.204756426409404,
0.225454085094494,0.24658814390673,0.262629276459046,0.273963995656653,
0.27797981608048,0.297898174262366,0.315272441485271,0.320307947832093,
0.342365824884205,0.357653248808023),.UNSPECIFIED.);
#332=B_SPLINE_CURVE_WITH_KNOTS('',3,(#5105,#5106,#5107,#5108,#5109,#5110,
#5111,#5112,#5113,#5114,#5115,#5116,#5117,#5118,#5119,#5120,#5121,#5122,
#5123,#5124,#5125,#5126,#5127,#5128,#5129,#5130,#5131,#5132,#5133,#5134,
#5135),.UNSPECIFIED.,.F.,.F.,(4,3,3,3,3,3,3,3,3,3,4),(-0.0810212084951558,
-0.0699477889081825,-0.0592364576412553,-0.0532489387608626,-0.044445600807731,
-0.0388440759952598,-0.030947338656592,-0.0228422046539027,-0.0145557168829954,
-0.00592787740193161,0.),.UNSPECIFIED.);
#333=B_SPLINE_CURVE_WITH_KNOTS('',3,(#5137,#5138,#5139,#5140,#5141,#5142,
#5143,#5144,#5145,#5146,#5147,#5148,#5149,#5150,#5151,#5152,#5153,#5154,
#5155,#5156,#5157,#5158,#5159,#5160,#5161,#5162,#5163,#5164,#5165,#5166,
#5167,#5168,#5169,#5170,#5171,#5172,#5173,#5174,#5175,#5176,#5177,#5178,
#5179,#5180,#5181,#5182,#5183,#5184,#5185),.UNSPECIFIED.,.F.,.F.,(4,1,1,
1,1,1,1,1,1,1,1,1,1,1,1,1,1,1,1,1,1,1,1,1,1,1,1,1,1,1,1,1,1,1,1,1,1,1,1,
1,1,1,1,1,1,1,4),(5.49791176232223,5.9839860068377,6.98131700797732,7.97864800911694,
8.97597901025655,9.97331001139617,10.9706410125358,11.9679720136754,12.965303014815,
13.9626340159546,14.9599650170943,15.9572960182339,16.9546270193735,17.9519580205131,
18.9492890216527,19.9466200227923,20.943951023932,21.9412820250716,22.9386130262112,
23.9359440273508,24.9332750284904,25.93060602963,26.9279370307697,27.9252680319093,
28.9225990330489,29.9199300341885,30.9172610353281,31.9145920364677,32.9119230376074,
33.909254038747,34.9065850398866,35.9039160410262,36.9012470421658,37.8985780433054,
38.8959090444451,39.8932400455847,40.8905710467243,41.8879020478639,42.8852330490035,
43.8825640501432,44.8798950512828,45.8772260524224,46.874557053562,47.8718880547016,
48.8692190558412,49.8665500569808,50.377806813605),.UNSPECIFIED.);
#334=B_SPLINE_CURVE_WITH_KNOTS('',3,(#5187,#5188,#5189,#5190,#5191,#5192),
 .UNSPECIFIED.,.F.,.F.,(4,2,4),(0.,0.064395805781175,0.140639887574421),
 .UNSPECIFIED.);
#335=B_SPLINE_CURVE_WITH_KNOTS('',3,(#5193,#5194,#5195,#5196),
 .UNSPECIFIED.,.F.,.F.,(4,4),(6.28302777284081,6.28337444365031),
 .UNSPECIFIED.);
#336=B_SPLINE_CURVE_WITH_KNOTS('',3,(#5397,#5398,#5399,#5400,#5401,#5402,
#5403,#5404,#5405,#5406,#5407,#5408,#5409,#5410,#5411,#5412,#5413,#5414,
#5415,#5416,#5417,#5418,#5419,#5420,#5421,#5422,#5423,#5424,#5425,#5426,
#5427,#5428,#5429,#5430,#5431,#5432,#5433,#5434,#5435,#5436,#5437,#5438,
#5439,#5440,#5441,#5442,#5443,#5444,#5445,#5446,#5447,#5448,#5449,#5450,
#5451,#5452,#5453,#5454,#5455,#5456,#5457,#5458,#5459,#5460,#5461,#5462,
#5463,#5464,#5465,#5466,#5467,#5468,#5469,#5470,#5471,#5472,#5473,#5474,
#5475,#5476,#5477,#5478,#5479,#5480,#5481),.UNSPECIFIED.,.F.,.F.,(4,3,3,
3,3,3,3,3,3,3,3,3,3,3,3,3,3,3,3,3,3,3,3,3,3,3,3,3,4),(-0.359256474879479,
-0.340797956389552,-0.330879859031408,-0.325456361524354,-0.32101023723575,
-0.304145732105024,-0.294944448455034,-0.28856382908038,-0.284583603122297,
-0.264711879783472,-0.244496597614603,-0.229895997258436,-0.222051565869473,
-0.218271866353589,-0.197439511106836,-0.186094196189938,-0.165925095413687,
-0.155554776950331,-0.150418473127831,-0.147060873637902,-0.126247472554229,
-0.104957720205771,-0.0834685038514524,-0.0781907347305411,-0.0738733432530274,
-0.0518295000558698,-0.0297052189926029,-0.00804701816316848,0.),
 .UNSPECIFIED.);
#337=B_SPLINE_CURVE_WITH_KNOTS('',3,(#5482,#5483,#5484,#5485,#5486,#5487,
#5488,#5489,#5490,#5491,#5492,#5493,#5494,#5495,#5496,#5497,#5498,#5499,
#5500,#5501,#5502,#5503,#5504,#5505,#5506,#5507,#5508,#5509,#5510,#5511,
#5512,#5513,#5514,#5515,#5516,#5517,#5518,#5519,#5520,#5521,#5522,#5523,
#5524,#5525,#5526,#5527,#5528,#5529,#5530,#5531,#5532,#5533,#5534,#5535,
#5536,#5537,#5538,#5539,#5540,#5541,#5542,#5543,#5544,#5545,#5546,#5547,
#5548,#5549,#5550,#5551,#5552,#5553,#5554,#5555,#5556,#5557,#5558,#5559,
#5560),.UNSPECIFIED.,.F.,.F.,(4,3,3,3,3,3,3,3,3,3,3,3,3,3,3,3,3,3,3,3,3,
3,3,3,3,3,4),(0.,0.0181612792036446,0.0371417676718727,0.0533922310481244,
0.0609864848543802,0.0645375933193145,0.0841144989414346,0.104872242876547,
0.120440550827882,0.129002399615866,0.133778958519473,0.154468828834259,
0.167145474681886,0.187213471792209,0.1978659578557,0.201392508323734,0.204756426407162,
0.225454085997164,0.246588145749856,0.262629275341385,0.273963993371553,
0.277979815602303,0.297898173903743,0.315272440849676,0.320307947572485,
0.342365823171618,0.357653248808066),.UNSPECIFIED.);
#338=B_SPLINE_CURVE_WITH_KNOTS('',3,(#5565,#5566,#5567,#5568,#5569,#5570,
#5571,#5572,#5573,#5574),.UNSPECIFIED.,.F.,.F.,(4,3,3,4),(-4.71238898038469,
-3.77531729477288,-2.77864716028484,-2.7489081609636),.UNSPECIFIED.);
#339=B_SPLINE_CURVE_WITH_KNOTS('',3,(#5577,#5578,#5579,#5580,#5581),
 .UNSPECIFIED.,.F.,.F.,(4,1,4),(3.53431049266742,4.53098062715545,4.71238898038467),
 .UNSPECIFIED.);
#340=B_SPLINE_CURVE_WITH_KNOTS('',3,(#5783,#5784,#5785,#5786,#5787,#5788,
#5789,#5790,#5791,#5792,#5793,#5794,#5795,#5796,#5797,#5798,#5799,#5800,
#5801,#5802,#5803,#5804,#5805,#5806,#5807,#5808,#5809,#5810,#5811,#5812,
#5813,#5814,#5815,#5816,#5817,#5818,#5819,#5820,#5821,#5822,#5823,#5824,
#5825,#5826,#5827,#5828,#5829,#5830,#5831,#5832,#5833,#5834,#5835,#5836,
#5837,#5838,#5839,#5840,#5841,#5842,#5843,#5844,#5845,#5846,#5847,#5848,
#5849,#5850,#5851,#5852,#5853,#5854,#5855,#5856,#5857,#5858,#5859,#5860,
#5861,#5862,#5863,#5864,#5865,#5866,#5867),.UNSPECIFIED.,.F.,.F.,(4,3,3,
3,3,3,3,3,3,3,3,3,3,3,3,3,3,3,3,3,3,3,3,3,3,3,3,3,4),(-0.35765324880803,
-0.335730896456783,-0.320452811001704,-0.315802743207644,-0.310811839939069,
-0.292320995124994,-0.275575201963683,-0.27162110024008,-0.250318090311447,
-0.22946405519745,-0.213884410068555,-0.205845067170147,-0.202082408110846,
-0.198984821886084,-0.178818685531436,-0.167145474681872,-0.146252290346638,
-0.137111522199973,-0.1326397702628,-0.129164229979917,-0.109124772417628,
-0.0891260049799124,-0.0695307056866051,-0.0655556046464904,-0.0620978201349384,
-0.0428924991178039,-0.0240417149722743,-0.00582877756777422,0.),
 .UNSPECIFIED.);
#341=B_SPLINE_CURVE_WITH_KNOTS('',3,(#5869,#5870,#5871,#5872,#5873,#5874,
#5875,#5876,#5877,#5878,#5879,#5880,#5881,#5882,#5883,#5884,#5885,#5886,
#5887,#5888,#5889,#5890,#5891,#5892,#5893,#5894,#5895,#5896,#5897,#5898,
#5899,#5900,#5901,#5902,#5903,#5904,#5905,#5906,#5907,#5908,#5909,#5910,
#5911,#5912,#5913,#5914,#5915,#5916,#5917),.UNSPECIFIED.,.F.,.F.,(4,1,1,
1,1,1,1,1,1,1,1,1,1,1,1,1,1,1,1,1,1,1,1,1,1,1,1,1,1,1,1,1,1,1,1,1,1,1,1,
1,1,1,1,1,1,1,4),(0.78530689130879,1.78197702579682,2.77864716028486,3.77531729477289,
4.77198742926092,5.76865756374896,6.76532769823699,7.76199783272503,8.75866796721306,
9.75533810170109,10.7520082361891,11.7486783706772,12.7453485051652,13.7420186396532,
14.7386887741413,15.7353589086293,16.7320290431173,17.7286991776054,18.7253693120934,
19.7220394465814,20.7187095810695,21.7153797155575,22.7120498500455,23.7087199845336,
24.7053901190216,25.7020602535096,26.6987303879977,27.6954005224857,28.6920706569737,
29.6887407914618,30.6854109259498,31.6820810604378,32.6787511949259,33.6754213294139,
34.6720914639019,35.66876159839,36.665431732878,37.662101867366,38.6587720018541,
39.6554421363421,40.6521122708301,41.6487824053182,42.6454525398062,43.6421226742942,
44.6387928087823,45.6354629432703,45.6652019425916),.UNSPECIFIED.);
#342=B_SPLINE_CURVE_WITH_KNOTS('',3,(#5918,#5919,#5920,#5921,#5922,#5923,
#5924,#5925,#5926,#5927,#5928,#5929,#5930,#5931,#5932,#5933,#5934,#5935,
#5936,#5937,#5938,#5939,#5940,#5941,#5942,#5943,#5944,#5945,#5946,#5947,
#5948,#5949,#5950,#5951,#5952,#5953,#5954,#5955,#5956,#5957,#5958,#5959,
#5960,#5961,#5962,#5963,#5964,#5965,#5966,#5967,#5968,#5969,#5970,#5971,
#5972,#5973,#5974,#5975,#5976,#5977,#5978,#5979,#5980,#5981,#5982,#5983,
#5984,#5985,#5986,#5987,#5988,#5989,#5990,#5991,#5992,#5993,#5994,#5995,
#5996),.UNSPECIFIED.,.F.,.F.,(4,3,3,3,3,3,3,3,3,3,3,3,3,3,3,3,3,3,3,3,3,
3,3,3,3,3,4),(0.,0.0215535869252306,0.0436879364033214,0.0614887188766467,
0.0705135041034482,0.0759741578638631,0.0797899628039579,0.101277865807299,
0.122481948402955,0.138385010349697,0.14715706250073,0.152332048456706,
0.172639858299185,0.186094196189924,0.207739481026117,0.217665442840461,
0.221064293343929,0.241222936538888,0.261402557122408,0.281238713696907,
0.28764079795615,0.291549780728057,0.30847645426591,0.322949786817214,0.327395568462377,
0.346008126428519,0.359256474879468),.UNSPECIFIED.);
#343=B_SPLINE_CURVE_WITH_KNOTS('',3,(#6293,#6294,#6295,#6296,#6297,#6298),
 .UNSPECIFIED.,.F.,.F.,(4,2,4),(-0.14063988757244,-0.06439580578543,0.),
 .UNSPECIFIED.);
#344=B_SPLINE_CURVE_WITH_KNOTS('',3,(#6300,#6301,#6302,#6303,#6304),
 .UNSPECIFIED.,.F.,.F.,(4,1,4),(44.8797392612635,44.8798950512828,44.880085932073),
 .UNSPECIFIED.);
#345=B_SPLINE_CURVE_WITH_KNOTS('',3,(#6306,#6307,#6308,#6309,#6310,#6311,
#6312,#6313),.UNSPECIFIED.,.F.,.F.,(4,1,1,1,1,4),(40.8407044966673,40.8905710467243,
41.8879020478639,42.8852330490035,43.8825640501432,44.8797392612635),
 .UNSPECIFIED.);
#346=B_SPLINE_CURVE_WITH_KNOTS('',3,(#6315,#6316,#6317,#6318,#6319,#6320,
#6321,#6322,#6323,#6324),.UNSPECIFIED.,.F.,.F.,(4,1,1,1,1,1,1,4),(34.5575191894877,
34.9065850398866,35.9039160410262,36.9012470421658,37.8985780433054,38.8959090444451,
39.8932400455847,40.8407044966673),.UNSPECIFIED.);
#347=B_SPLINE_CURVE_WITH_KNOTS('',3,(#6326,#6327,#6328,#6329,#6330,#6331,
#6332,#6333,#6334,#6335),.UNSPECIFIED.,.F.,.F.,(4,1,1,1,1,1,1,4),(28.2743338823081,
28.9225990330489,29.9199300341885,30.9172610353281,31.9145920364677,32.9119230376074,
33.909254038747,34.5575191894877),.UNSPECIFIED.);
#348=B_SPLINE_CURVE_WITH_KNOTS('',3,(#6337,#6338,#6339,#6340,#6341,#6342,
#6343,#6344,#6345,#6346),.UNSPECIFIED.,.F.,.F.,(4,1,1,1,1,1,1,4),(21.9911485751285,
22.9386130262112,23.9359440273508,24.9332750284904,25.93060602963,26.9279370307697,
27.9252680319093,28.2743338823081),.UNSPECIFIED.);
#349=B_SPLINE_CURVE_WITH_KNOTS('',3,(#6348,#6349,#6350,#6351,#6352,#6353,
#6354,#6355,#6356,#6357,#6358),.UNSPECIFIED.,.F.,.F.,(4,1,1,1,1,1,1,1,4),
(15.707963267949,15.9572960182339,16.9546270193735,17.9519580205131,18.9492890216527,
19.9466200227923,20.943951023932,21.9412820250716,21.9911485751285),
 .UNSPECIFIED.);
#350=B_SPLINE_CURVE_WITH_KNOTS('',3,(#6360,#6361,#6362,#6363,#6364,#6365,
#6366,#6367,#6368,#6369),.UNSPECIFIED.,.F.,.F.,(4,1,1,1,1,1,1,4),(9.42477796076938,
9.97331001139617,10.9706410125358,11.9679720136754,12.965303014815,13.9626340159546,
14.9599650170943,15.707963267949),.UNSPECIFIED.);
#351=B_SPLINE_CURVE_WITH_KNOTS('',3,(#6371,#6372,#6373,#6374,#6375,#6376,
#6377,#6378,#6379,#6380),.UNSPECIFIED.,.F.,.F.,(4,1,1,1,1,1,1,4),(3.14159265358979,
3.98932400455847,4.98665500569809,5.9839860068377,6.98131700797732,7.97864800911694,
8.97597901025655,9.42477796076938),.UNSPECIFIED.);
#352=B_SPLINE_CURVE_WITH_KNOTS('',3,(#6382,#6383,#6384,#6385,#6386,#6387,
#6388),.UNSPECIFIED.,.F.,.F.,(4,1,1,1,4),(6.28337444365031,6.98131700797732,
7.97864800911694,8.97597901025655,9.42477796076936),.UNSPECIFIED.);
#353=B_SPLINE_CURVE_WITH_KNOTS('',3,(#6389,#6390,#6391,#6392,#6393,#6394,
#6395,#6396,#6397,#6398,#6399,#6400,#6401,#6402,#6403,#6404,#6405,#6406,
#6407,#6408,#6409,#6410,#6411,#6412,#6413,#6414,#6415,#6416,#6417,#6418,
#6419,#6420,#6421,#6422),.UNSPECIFIED.,.F.,.F.,(4,3,3,3,3,3,3,3,3,3,3,4),
(0.,0.00870501829950261,0.0170722559830448,0.0252089530080401,0.0333456500330354,
0.0345422290008119,0.0388449775477662,0.0484774000092577,0.0585747162839519,
0.0592365341558982,0.0703064437928703,0.0810204281174766),.UNSPECIFIED.);
#354=B_SPLINE_CURVE_WITH_KNOTS('',3,(#6719,#6720,#6721,#6722,#6723,#6724,
#6725,#6726,#6727,#6728,#6729,#6730,#6731,#6732,#6733,#6734,#6735,#6736,
#6737,#6738,#6739,#6740,#6741,#6742,#6743,#6744,#6745,#6746,#6747,#6748,
#6749),.UNSPECIFIED.,.F.,.F.,(4,3,3,3,3,3,3,3,3,3,4),(-0.0810212084951116,
-0.06994762315513,-0.059236457641226,-0.0532489387608364,-0.0444456008077095,
-0.0388440759952413,-0.0309472612838481,-0.0228420712796822,-0.014555540603692,
-0.00592769619694522,0.),.UNSPECIFIED.);
#355=B_SPLINE_CURVE_WITH_KNOTS('',3,(#6751,#6752,#6753,#6754,#6755,#6756,
#6757,#6758,#6759,#6760,#6761,#6762,#6763,#6764,#6765,#6766,#6767,#6768,
#6769,#6770,#6771,#6772,#6773,#6774,#6775,#6776,#6777,#6778,#6779,#6780,
#6781,#6782,#6783,#6784,#6785,#6786,#6787,#6788,#6789,#6790,#6791,#6792,
#6793,#6794,#6795,#6796,#6797,#6798,#6799),.UNSPECIFIED.,.F.,.F.,(4,1,1,
1,1,1,1,1,1,1,1,1,1,1,1,1,1,1,1,1,1,1,1,1,1,1,1,1,1,1,1,1,1,1,1,1,1,1,1,
1,1,1,1,1,1,1,4),(5.49791176232223,5.9839860068377,6.98131700797732,7.97864800911694,
8.97597901025655,9.97331001139617,10.9706410125358,11.9679720136754,12.965303014815,
13.9626340159546,14.9599650170943,15.9572960182339,16.9546270193735,17.9519580205131,
18.9492890216527,19.9466200227923,20.943951023932,21.9412820250716,22.9386130262112,
23.9359440273508,24.9332750284904,25.93060602963,26.9279370307697,27.9252680319093,
28.9225990330489,29.9199300341885,30.9172610353281,31.9145920364677,32.9119230376074,
33.909254038747,34.9065850398866,35.9039160410262,36.9012470421658,37.8985780433054,
38.8959090444451,39.8932400455847,40.8905710467243,41.8879020478639,42.8852330490035,
43.8825640501432,44.8798950512828,45.8772260524224,46.874557053562,47.8718880547016,
48.8692190558412,49.8665500569808,50.377806813605),.UNSPECIFIED.);
#356=B_SPLINE_CURVE_WITH_KNOTS('',3,(#6801,#6802,#6803,#6804,#6805,#6806),
 .UNSPECIFIED.,.F.,.F.,(4,2,4),(0.,0.0643958057811707,0.140639887574391),
 .UNSPECIFIED.);
#357=B_SPLINE_CURVE_WITH_KNOTS('',3,(#6807,#6808,#6809,#6810),
 .UNSPECIFIED.,.F.,.F.,(4,4),(6.28302777284081,6.28337444365031),
 .UNSPECIFIED.);
#358=B_SPLINE_CURVE_WITH_KNOTS('',3,(#7011,#7012,#7013,#7014,#7015,#7016,
#7017,#7018,#7019,#7020,#7021,#7022,#7023,#7024,#7025,#7026,#7027,#7028,
#7029,#7030,#7031,#7032,#7033,#7034,#7035,#7036,#7037,#7038,#7039,#7040,
#7041,#7042,#7043,#7044,#7045,#7046,#7047,#7048,#7049,#7050,#7051,#7052,
#7053,#7054,#7055,#7056,#7057,#7058,#7059,#7060,#7061,#7062,#7063,#7064,
#7065,#7066,#7067,#7068,#7069,#7070,#7071,#7072,#7073,#7074,#7075,#7076,
#7077,#7078,#7079,#7080,#7081,#7082,#7083,#7084,#7085,#7086,#7087,#7088,
#7089,#7090,#7091,#7092,#7093,#7094,#7095),.UNSPECIFIED.,.F.,.F.,(4,3,3,
3,3,3,3,3,3,3,3,3,3,3,3,3,3,3,3,3,3,3,3,3,3,3,3,3,4),(-0.35925647487947,
-0.340797026057902,-0.330879568336382,-0.325455642127461,-0.321009582261886,
-0.304145159002892,-0.294943259778151,-0.288590198090135,-0.284588066012743,
-0.264715794460054,-0.244500543188725,-0.229898956439028,-0.222052885492936,
-0.218271453375169,-0.197439152415349,-0.186094196189937,-0.165925666799268,
-0.155555312624313,-0.150420766029244,-0.147065912555412,-0.126253210125754,
-0.10496383270939,-0.0834746557747017,-0.078200705219032,-0.0738756137199304,
-0.0518319380519465,-0.0297076420819186,-0.00804949783712843,0.),
 .UNSPECIFIED.);
#359=B_SPLINE_CURVE_WITH_KNOTS('',3,(#7096,#7097,#7098,#7099,#7100,#7101,
#7102,#7103,#7104,#7105,#7106,#7107,#7108,#7109,#7110,#7111,#7112,#7113,
#7114,#7115,#7116,#7117,#7118,#7119,#7120,#7121,#7122,#7123,#7124,#7125,
#7126,#7127,#7128,#7129,#7130,#7131,#7132,#7133,#7134,#7135,#7136,#7137,
#7138,#7139,#7140,#7141,#7142,#7143,#7144,#7145,#7146,#7147,#7148,#7149,
#7150,#7151,#7152,#7153,#7154,#7155,#7156,#7157,#7158,#7159,#7160,#7161,
#7162,#7163,#7164,#7165,#7166,#7167,#7168,#7169,#7170,#7171,#7172,#7173,
#7174),.UNSPECIFIED.,.F.,.F.,(4,3,3,3,3,3,3,3,3,3,3,3,3,3,3,3,3,3,3,3,3,
3,3,3,3,3,4),(0.,0.0181606231377297,0.037140795499288,0.0533913803971118,
0.0609851967911243,0.0645368939120596,0.0841134743285641,0.104871474416893,
0.120439974483139,0.129001918097165,0.133778914970279,0.154468827379867,
0.167145474681878,0.187213250240298,0.197865750150782,0.201392336886926,
0.204756425518508,0.22545384933954,0.24658766390581,0.262629560663239,0.27396457805828,
0.277979938273926,0.297898265907456,0.315272603836815,0.320308014235973,
0.342366264400735,0.357653248808046),.UNSPECIFIED.);
#360=LINE('',#1560,#398);
#361=LINE('',#1596,#399);
#362=LINE('',#1633,#400);
#363=LINE('',#1669,#401);
#364=LINE('',#1708,#402);
#365=LINE('',#1745,#403);
#366=LINE('',#1781,#404);
#367=LINE('',#1820,#405);
#368=LINE('',#1856,#406);
#369=LINE('',#1893,#407);
#370=LINE('',#1929,#408);
#371=LINE('',#1968,#409);
#372=LINE('',#2005,#410);
#373=LINE('',#2041,#411);
#374=LINE('',#2080,#412);
#375=LINE('',#2116,#413);
#376=LINE('',#2153,#414);
#377=LINE('',#2189,#415);
#378=LINE('',#2228,#416);
#379=LINE('',#2265,#417);
#380=LINE('',#2301,#418);
#381=LINE('',#7180,#419);
#382=LINE('',#7214,#420);
#383=LINE('',#7217,#421);
#384=LINE('',#7224,#422);
#385=LINE('',#7227,#423);
#386=LINE('',#7234,#424);
#387=LINE('',#7240,#425);
#388=LINE('',#7244,#426);
#389=LINE('',#7248,#427);
#390=LINE('',#7252,#428);
#391=LINE('',#7256,#429);
#392=LINE('',#7260,#430);
#393=LINE('',#7264,#431);
#394=LINE('',#7268,#432);
#395=LINE('',#7272,#433);
#396=LINE('',#7276,#434);
#397=LINE('',#7280,#435);
#398=VECTOR('',#1342,2.);
#399=VECTOR('',#1347,2.);
#400=VECTOR('',#1350,2.);
#401=VECTOR('',#1353,2.);
#402=VECTOR('',#1356,2.);
#403=VECTOR('',#1359,2.);
#404=VECTOR('',#1362,2.);
#405=VECTOR('',#1365,2.);
#406=VECTOR('',#1370,2.);
#407=VECTOR('',#1373,2.);
#408=VECTOR('',#1376,2.);
#409=VECTOR('',#1379,2.);
#410=VECTOR('',#1382,2.);
#411=VECTOR('',#1385,2.);
#412=VECTOR('',#1388,2.);
#413=VECTOR('',#1393,2.);
#414=VECTOR('',#1396,2.);
#415=VECTOR('',#1399,2.);
#416=VECTOR('',#1402,2.);
#417=VECTOR('',#1405,2.);
#418=VECTOR('',#1408,2.);
#419=VECTOR('',#1431,4.95);
#420=VECTOR('',#1468,2.95);
#421=VECTOR('',#1471,4.95);
#422=VECTOR('',#1480,2.95);
#423=VECTOR('',#1483,4.95);
#424=VECTOR('',#1492,2.95);
#425=VECTOR('',#1501,4.1);
#426=VECTOR('',#1506,4.1);
#427=VECTOR('',#1511,4.1);
#428=VECTOR('',#1516,4.1);
#429=VECTOR('',#1521,4.1);
#430=VECTOR('',#1526,4.1);
#431=VECTOR('',#1531,4.1);
#432=VECTOR('',#1536,4.1);
#433=VECTOR('',#1541,4.1);
#434=VECTOR('',#1546,30.);
#435=VECTOR('',#1551,45.);
#436=VERTEX_POINT('',#1558);
#437=VERTEX_POINT('',#1559);
#438=VERTEX_POINT('',#1561);
#439=VERTEX_POINT('',#1572);
#440=VERTEX_POINT('',#1594);
#441=VERTEX_POINT('',#1595);
#442=VERTEX_POINT('',#1631);
#443=VERTEX_POINT('',#1632);
#444=VERTEX_POINT('',#1667);
#445=VERTEX_POINT('',#1668);
#446=VERTEX_POINT('',#1706);
#447=VERTEX_POINT('',#1707);
#448=VERTEX_POINT('',#1743);
#449=VERTEX_POINT('',#1744);
#450=VERTEX_POINT('',#1779);
#451=VERTEX_POINT('',#1780);
#452=VERTEX_POINT('',#1818);
#453=VERTEX_POINT('',#1819);
#454=VERTEX_POINT('',#1821);
#455=VERTEX_POINT('',#1832);
#456=VERTEX_POINT('',#1854);
#457=VERTEX_POINT('',#1855);
#458=VERTEX_POINT('',#1891);
#459=VERTEX_POINT('',#1892);
#460=VERTEX_POINT('',#1927);
#461=VERTEX_POINT('',#1928);
#462=VERTEX_POINT('',#1966);
#463=VERTEX_POINT('',#1967);
#464=VERTEX_POINT('',#2003);
#465=VERTEX_POINT('',#2004);
#466=VERTEX_POINT('',#2039);
#467=VERTEX_POINT('',#2040);
#468=VERTEX_POINT('',#2078);
#469=VERTEX_POINT('',#2079);
#470=VERTEX_POINT('',#2081);
#471=VERTEX_POINT('',#2092);
#472=VERTEX_POINT('',#2114);
#473=VERTEX_POINT('',#2115);
#474=VERTEX_POINT('',#2151);
#475=VERTEX_POINT('',#2152);
#476=VERTEX_POINT('',#2187);
#477=VERTEX_POINT('',#2188);
#478=VERTEX_POINT('',#2226);
#479=VERTEX_POINT('',#2227);
#480=VERTEX_POINT('',#2263);
#481=VERTEX_POINT('',#2264);
#482=VERTEX_POINT('',#2299);
#483=VERTEX_POINT('',#2300);
#484=VERTEX_POINT('',#2338);
#485=VERTEX_POINT('',#2349);
#486=VERTEX_POINT('',#2556);
#487=VERTEX_POINT('',#2642);
#488=VERTEX_POINT('',#3066);
#489=VERTEX_POINT('',#3073);
#490=VERTEX_POINT('',#3079);
#491=VERTEX_POINT('',#3088);
#492=VERTEX_POINT('',#3099);
#493=VERTEX_POINT('',#3110);
#494=VERTEX_POINT('',#3121);
#495=VERTEX_POINT('',#3133);
#496=VERTEX_POINT('',#3144);
#497=VERTEX_POINT('',#3155);
#498=VERTEX_POINT('',#3198);
#499=VERTEX_POINT('',#3209);
#500=VERTEX_POINT('',#3416);
#501=VERTEX_POINT('',#3502);
#502=VERTEX_POINT('',#3926);
#503=VERTEX_POINT('',#3933);
#504=VERTEX_POINT('',#3939);
#505=VERTEX_POINT('',#3948);
#506=VERTEX_POINT('',#3959);
#507=VERTEX_POINT('',#3970);
#508=VERTEX_POINT('',#3981);
#509=VERTEX_POINT('',#3993);
#510=VERTEX_POINT('',#4004);
#511=VERTEX_POINT('',#4015);
#512=VERTEX_POINT('',#4352);
#513=VERTEX_POINT('',#4384);
#514=VERTEX_POINT('',#4434);
#515=VERTEX_POINT('',#5104);
#516=VERTEX_POINT('',#5136);
#517=VERTEX_POINT('',#5186);
#518=VERTEX_POINT('',#5564);
#519=VERTEX_POINT('',#5575);
#520=VERTEX_POINT('',#5782);
#521=VERTEX_POINT('',#5868);
#522=VERTEX_POINT('',#6292);
#523=VERTEX_POINT('',#6299);
#524=VERTEX_POINT('',#6305);
#525=VERTEX_POINT('',#6314);
#526=VERTEX_POINT('',#6325);
#527=VERTEX_POINT('',#6336);
#528=VERTEX_POINT('',#6347);
#529=VERTEX_POINT('',#6359);
#530=VERTEX_POINT('',#6370);
#531=VERTEX_POINT('',#6381);
#532=VERTEX_POINT('',#6718);
#533=VERTEX_POINT('',#6750);
#534=VERTEX_POINT('',#6800);
#535=VERTEX_POINT('',#7177);
#536=VERTEX_POINT('',#7179);
#537=VERTEX_POINT('',#7181);
#538=VERTEX_POINT('',#7185);
#539=VERTEX_POINT('',#7187);
#540=VERTEX_POINT('',#7189);
#541=VERTEX_POINT('',#7191);
#542=VERTEX_POINT('',#7193);
#543=VERTEX_POINT('',#7195);
#544=VERTEX_POINT('',#7197);
#545=VERTEX_POINT('',#7199);
#546=VERTEX_POINT('',#7201);
#547=VERTEX_POINT('',#7203);
#548=VERTEX_POINT('',#7205);
#549=VERTEX_POINT('',#7207);
#550=VERTEX_POINT('',#7209);
#551=VERTEX_POINT('',#7212);
#552=VERTEX_POINT('',#7216);
#553=VERTEX_POINT('',#7218);
#554=VERTEX_POINT('',#7222);
#555=VERTEX_POINT('',#7226);
#556=VERTEX_POINT('',#7228);
#557=VERTEX_POINT('',#7232);
#558=VERTEX_POINT('',#7239);
#559=VERTEX_POINT('',#7243);
#560=VERTEX_POINT('',#7247);
#561=VERTEX_POINT('',#7251);
#562=VERTEX_POINT('',#7255);
#563=VERTEX_POINT('',#7259);
#564=VERTEX_POINT('',#7263);
#565=VERTEX_POINT('',#7267);
#566=VERTEX_POINT('',#7271);
#567=VERTEX_POINT('',#7275);
#568=VERTEX_POINT('',#7279);
#569=EDGE_CURVE('',#436,#437,#360,.T.);
#570=EDGE_CURVE('',#436,#438,#252,.T.);
#571=EDGE_CURVE('',#438,#439,#212,.T.);
#572=EDGE_CURVE('',#439,#437,#253,.T.);
#573=EDGE_CURVE('',#440,#441,#361,.T.);
#574=EDGE_CURVE('',#440,#436,#254,.T.);
#575=EDGE_CURVE('',#437,#441,#255,.T.);
#576=EDGE_CURVE('',#442,#443,#362,.T.);
#577=EDGE_CURVE('',#442,#440,#256,.T.);
#578=EDGE_CURVE('',#441,#443,#257,.T.);
#579=EDGE_CURVE('',#444,#445,#363,.T.);
#580=EDGE_CURVE('',#444,#442,#258,.T.);
#581=EDGE_CURVE('',#443,#445,#259,.T.);
#582=EDGE_CURVE('',#446,#447,#364,.T.);
#583=EDGE_CURVE('',#446,#444,#260,.T.);
#584=EDGE_CURVE('',#445,#447,#261,.T.);
#585=EDGE_CURVE('',#448,#449,#365,.T.);
#586=EDGE_CURVE('',#448,#446,#262,.T.);
#587=EDGE_CURVE('',#447,#449,#263,.T.);
#588=EDGE_CURVE('',#450,#451,#366,.T.);
#589=EDGE_CURVE('',#450,#448,#264,.T.);
#590=EDGE_CURVE('',#449,#451,#265,.T.);
#591=EDGE_CURVE('',#452,#453,#367,.T.);
#592=EDGE_CURVE('',#452,#454,#266,.T.);
#593=EDGE_CURVE('',#454,#455,#213,.T.);
#594=EDGE_CURVE('',#455,#453,#267,.T.);
#595=EDGE_CURVE('',#456,#457,#368,.T.);
#596=EDGE_CURVE('',#456,#452,#268,.T.);
#597=EDGE_CURVE('',#453,#457,#269,.T.);
#598=EDGE_CURVE('',#458,#459,#369,.T.);
#599=EDGE_CURVE('',#458,#456,#270,.T.);
#600=EDGE_CURVE('',#457,#459,#271,.T.);
#601=EDGE_CURVE('',#460,#461,#370,.T.);
#602=EDGE_CURVE('',#460,#458,#272,.T.);
#603=EDGE_CURVE('',#459,#461,#273,.T.);
#604=EDGE_CURVE('',#462,#463,#371,.T.);
#605=EDGE_CURVE('',#462,#460,#274,.T.);
#606=EDGE_CURVE('',#461,#463,#275,.T.);
#607=EDGE_CURVE('',#464,#465,#372,.T.);
#608=EDGE_CURVE('',#464,#462,#276,.T.);
#609=EDGE_CURVE('',#463,#465,#277,.T.);
#610=EDGE_CURVE('',#466,#467,#373,.T.);
#611=EDGE_CURVE('',#466,#464,#278,.T.);
#612=EDGE_CURVE('',#465,#467,#279,.T.);
#613=EDGE_CURVE('',#468,#469,#374,.T.);
#614=EDGE_CURVE('',#468,#470,#280,.T.);
#615=EDGE_CURVE('',#470,#471,#214,.T.);
#616=EDGE_CURVE('',#471,#469,#281,.T.);
#617=EDGE_CURVE('',#472,#473,#375,.T.);
#618=EDGE_CURVE('',#472,#468,#282,.T.);
#619=EDGE_CURVE('',#469,#473,#283,.T.);
#620=EDGE_CURVE('',#474,#475,#376,.T.);
#621=EDGE_CURVE('',#474,#472,#284,.T.);
#622=EDGE_CURVE('',#473,#475,#285,.T.);
#623=EDGE_CURVE('',#476,#477,#377,.T.);
#624=EDGE_CURVE('',#476,#474,#286,.T.);
#625=EDGE_CURVE('',#475,#477,#287,.T.);
#626=EDGE_CURVE('',#478,#479,#378,.T.);
#627=EDGE_CURVE('',#478,#476,#288,.T.);
#628=EDGE_CURVE('',#477,#479,#289,.T.);
#629=EDGE_CURVE('',#480,#481,#379,.T.);
#630=EDGE_CURVE('',#480,#478,#290,.T.);
#631=EDGE_CURVE('',#479,#481,#291,.T.);
#632=EDGE_CURVE('',#482,#483,#380,.T.);
#633=EDGE_CURVE('',#482,#480,#292,.T.);
#634=EDGE_CURVE('',#481,#483,#293,.T.);
#635=EDGE_CURVE('',#483,#484,#294,.T.);
#636=EDGE_CURVE('',#485,#484,#215,.T.);
#637=EDGE_CURVE('',#485,#482,#295,.T.);
#638=EDGE_CURVE('',#471,#486,#296,.T.);
#639=EDGE_CURVE('',#487,#486,#297,.T.);
#640=EDGE_CURVE('',#484,#487,#298,.T.);
#641=EDGE_CURVE('',#486,#488,#299,.T.);
#642=EDGE_CURVE('',#489,#488,#300,.T.);
#643=EDGE_CURVE('',#490,#489,#301,.T.);
#644=EDGE_CURVE('',#491,#490,#302,.T.);
#645=EDGE_CURVE('',#492,#491,#303,.T.);
#646=EDGE_CURVE('',#493,#492,#304,.T.);
#647=EDGE_CURVE('',#494,#493,#305,.T.);
#648=EDGE_CURVE('',#495,#494,#306,.T.);
#649=EDGE_CURVE('',#496,#495,#307,.T.);
#650=EDGE_CURVE('',#497,#496,#308,.T.);
#651=EDGE_CURVE('',#487,#497,#309,.T.);
#652=EDGE_CURVE('',#467,#498,#310,.T.);
#653=EDGE_CURVE('',#499,#498,#216,.T.);
#654=EDGE_CURVE('',#499,#466,#311,.T.);
#655=EDGE_CURVE('',#455,#500,#312,.T.);
#656=EDGE_CURVE('',#501,#500,#313,.T.);
#657=EDGE_CURVE('',#498,#501,#314,.T.);
#658=EDGE_CURVE('',#500,#502,#315,.T.);
#659=EDGE_CURVE('',#503,#502,#316,.T.);
#660=EDGE_CURVE('',#504,#503,#317,.T.);
#661=EDGE_CURVE('',#505,#504,#318,.T.);
#662=EDGE_CURVE('',#506,#505,#319,.T.);
#663=EDGE_CURVE('',#507,#506,#320,.T.);
#664=EDGE_CURVE('',#508,#507,#321,.T.);
#665=EDGE_CURVE('',#509,#508,#322,.T.);
#666=EDGE_CURVE('',#510,#509,#323,.T.);
#667=EDGE_CURVE('',#511,#510,#324,.T.);
#668=EDGE_CURVE('',#501,#511,#325,.T.);
#669=EDGE_CURVE('',#489,#512,#326,.T.);
#670=EDGE_CURVE('',#513,#512,#327,.T.);
#671=EDGE_CURVE('',#514,#513,#328,.T.);
#672=EDGE_CURVE('',#514,#497,#329,.T.);
#673=EDGE_CURVE('',#512,#470,#330,.T.);
#674=EDGE_CURVE('',#513,#485,#331,.T.);
#675=EDGE_CURVE('',#503,#515,#332,.T.);
#676=EDGE_CURVE('',#516,#515,#333,.T.);
#677=EDGE_CURVE('',#517,#516,#334,.T.);
#678=EDGE_CURVE('',#517,#511,#335,.T.);
#679=EDGE_CURVE('',#515,#454,#336,.T.);
#680=EDGE_CURVE('',#516,#499,#337,.T.);
#681=EDGE_CURVE('',#451,#518,#338,.T.);
#682=EDGE_CURVE('',#519,#518,#217,.T.);
#683=EDGE_CURVE('',#519,#450,#339,.T.);
#684=EDGE_CURVE('',#439,#520,#340,.T.);
#685=EDGE_CURVE('',#521,#520,#341,.T.);
#686=EDGE_CURVE('',#518,#521,#342,.T.);
#687=EDGE_CURVE('',#520,#522,#343,.T.);
#688=EDGE_CURVE('',#523,#522,#344,.T.);
#689=EDGE_CURVE('',#524,#523,#345,.T.);
#690=EDGE_CURVE('',#525,#524,#346,.T.);
#691=EDGE_CURVE('',#526,#525,#347,.T.);
#692=EDGE_CURVE('',#527,#526,#348,.T.);
#693=EDGE_CURVE('',#528,#527,#349,.T.);
#694=EDGE_CURVE('',#529,#528,#350,.T.);
#695=EDGE_CURVE('',#530,#529,#351,.T.);
#696=EDGE_CURVE('',#531,#530,#352,.T.);
#697=EDGE_CURVE('',#521,#531,#353,.T.);
#698=EDGE_CURVE('',#523,#532,#354,.T.);
#699=EDGE_CURVE('',#533,#532,#355,.T.);
#700=EDGE_CURVE('',#534,#533,#356,.T.);
#701=EDGE_CURVE('',#534,#531,#357,.T.);
#702=EDGE_CURVE('',#532,#438,#358,.T.);
#703=EDGE_CURVE('',#533,#519,#359,.T.);
#704=EDGE_CURVE('',#535,#535,#218,.T.);
#705=EDGE_CURVE('',#535,#536,#381,.T.);
#706=EDGE_CURVE('',#536,#537,#219,.T.);
#707=EDGE_CURVE('',#537,#536,#220,.T.);
#708=EDGE_CURVE('',#538,#538,#221,.T.);
#709=EDGE_CURVE('',#539,#539,#222,.T.);
#710=EDGE_CURVE('',#540,#540,#223,.T.);
#711=EDGE_CURVE('',#541,#541,#224,.T.);
#712=EDGE_CURVE('',#542,#542,#225,.T.);
#713=EDGE_CURVE('',#543,#543,#226,.T.);
#714=EDGE_CURVE('',#544,#544,#227,.T.);
#715=EDGE_CURVE('',#545,#545,#228,.T.);
#716=EDGE_CURVE('',#546,#546,#229,.T.);
#717=EDGE_CURVE('',#547,#547,#230,.T.);
#718=EDGE_CURVE('',#548,#548,#231,.T.);
#719=EDGE_CURVE('',#549,#549,#232,.T.);
#720=EDGE_CURVE('',#550,#550,#233,.T.);
#721=EDGE_CURVE('',#551,#551,#234,.T.);
#722=EDGE_CURVE('',#551,#537,#382,.T.);
#723=EDGE_CURVE('',#539,#552,#383,.T.);
#724=EDGE_CURVE('',#552,#553,#235,.T.);
#725=EDGE_CURVE('',#553,#552,#236,.T.);
#726=EDGE_CURVE('',#554,#554,#237,.T.);
#727=EDGE_CURVE('',#554,#553,#384,.T.);
#728=EDGE_CURVE('',#550,#555,#385,.T.);
#729=EDGE_CURVE('',#555,#556,#238,.T.);
#730=EDGE_CURVE('',#556,#555,#239,.T.);
#731=EDGE_CURVE('',#557,#557,#240,.T.);
#732=EDGE_CURVE('',#557,#556,#386,.T.);
#733=EDGE_CURVE('',#540,#558,#387,.T.);
#734=EDGE_CURVE('',#558,#558,#241,.T.);
#735=EDGE_CURVE('',#541,#559,#388,.T.);
#736=EDGE_CURVE('',#559,#559,#242,.T.);
#737=EDGE_CURVE('',#542,#560,#389,.T.);
#738=EDGE_CURVE('',#560,#560,#243,.T.);
#739=EDGE_CURVE('',#543,#561,#390,.T.);
#740=EDGE_CURVE('',#561,#561,#244,.T.);
#741=EDGE_CURVE('',#544,#562,#391,.T.);
#742=EDGE_CURVE('',#562,#562,#245,.T.);
#743=EDGE_CURVE('',#545,#563,#392,.T.);
#744=EDGE_CURVE('',#563,#563,#246,.T.);
#745=EDGE_CURVE('',#546,#564,#393,.T.);
#746=EDGE_CURVE('',#564,#564,#247,.T.);
#747=EDGE_CURVE('',#547,#565,#394,.T.);
#748=EDGE_CURVE('',#565,#565,#248,.T.);
#749=EDGE_CURVE('',#548,#566,#395,.T.);
#750=EDGE_CURVE('',#566,#566,#249,.T.);
#751=EDGE_CURVE('',#549,#567,#396,.T.);
#752=EDGE_CURVE('',#567,#567,#250,.T.);
#753=EDGE_CURVE('',#538,#568,#397,.T.);
#754=EDGE_CURVE('',#568,#568,#251,.T.);
#755=ORIENTED_EDGE('',*,*,#569,.F.);
#756=ORIENTED_EDGE('',*,*,#570,.T.);
#757=ORIENTED_EDGE('',*,*,#571,.T.);
#758=ORIENTED_EDGE('',*,*,#572,.T.);
#759=ORIENTED_EDGE('',*,*,#573,.F.);
#760=ORIENTED_EDGE('',*,*,#574,.T.);
#761=ORIENTED_EDGE('',*,*,#569,.T.);
#762=ORIENTED_EDGE('',*,*,#575,.T.);
#763=ORIENTED_EDGE('',*,*,#576,.F.);
#764=ORIENTED_EDGE('',*,*,#577,.T.);
#765=ORIENTED_EDGE('',*,*,#573,.T.);
#766=ORIENTED_EDGE('',*,*,#578,.T.);
#767=ORIENTED_EDGE('',*,*,#579,.F.);
#768=ORIENTED_EDGE('',*,*,#580,.T.);
#769=ORIENTED_EDGE('',*,*,#576,.T.);
#770=ORIENTED_EDGE('',*,*,#581,.T.);
#771=ORIENTED_EDGE('',*,*,#582,.F.);
#772=ORIENTED_EDGE('',*,*,#583,.T.);
#773=ORIENTED_EDGE('',*,*,#579,.T.);
#774=ORIENTED_EDGE('',*,*,#584,.T.);
#775=ORIENTED_EDGE('',*,*,#585,.F.);
#776=ORIENTED_EDGE('',*,*,#586,.T.);
#777=ORIENTED_EDGE('',*,*,#582,.T.);
#778=ORIENTED_EDGE('',*,*,#587,.T.);
#779=ORIENTED_EDGE('',*,*,#588,.F.);
#780=ORIENTED_EDGE('',*,*,#589,.T.);
#781=ORIENTED_EDGE('',*,*,#585,.T.);
#782=ORIENTED_EDGE('',*,*,#590,.T.);
#783=ORIENTED_EDGE('',*,*,#591,.F.);
#784=ORIENTED_EDGE('',*,*,#592,.T.);
#785=ORIENTED_EDGE('',*,*,#593,.T.);
#786=ORIENTED_EDGE('',*,*,#594,.T.);
#787=ORIENTED_EDGE('',*,*,#595,.F.);
#788=ORIENTED_EDGE('',*,*,#596,.T.);
#789=ORIENTED_EDGE('',*,*,#591,.T.);
#790=ORIENTED_EDGE('',*,*,#597,.T.);
#791=ORIENTED_EDGE('',*,*,#598,.F.);
#792=ORIENTED_EDGE('',*,*,#599,.T.);
#793=ORIENTED_EDGE('',*,*,#595,.T.);
#794=ORIENTED_EDGE('',*,*,#600,.T.);
#795=ORIENTED_EDGE('',*,*,#601,.F.);
#796=ORIENTED_EDGE('',*,*,#602,.T.);
#797=ORIENTED_EDGE('',*,*,#598,.T.);
#798=ORIENTED_EDGE('',*,*,#603,.T.);
#799=ORIENTED_EDGE('',*,*,#604,.F.);
#800=ORIENTED_EDGE('',*,*,#605,.T.);
#801=ORIENTED_EDGE('',*,*,#601,.T.);
#802=ORIENTED_EDGE('',*,*,#606,.T.);
#803=ORIENTED_EDGE('',*,*,#607,.F.);
#804=ORIENTED_EDGE('',*,*,#608,.T.);
#805=ORIENTED_EDGE('',*,*,#604,.T.);
#806=ORIENTED_EDGE('',*,*,#609,.T.);
#807=ORIENTED_EDGE('',*,*,#610,.F.);
#808=ORIENTED_EDGE('',*,*,#611,.T.);
#809=ORIENTED_EDGE('',*,*,#607,.T.);
#810=ORIENTED_EDGE('',*,*,#612,.T.);
#811=ORIENTED_EDGE('',*,*,#613,.F.);
#812=ORIENTED_EDGE('',*,*,#614,.T.);
#813=ORIENTED_EDGE('',*,*,#615,.T.);
#814=ORIENTED_EDGE('',*,*,#616,.T.);
#815=ORIENTED_EDGE('',*,*,#617,.F.);
#816=ORIENTED_EDGE('',*,*,#618,.T.);
#817=ORIENTED_EDGE('',*,*,#613,.T.);
#818=ORIENTED_EDGE('',*,*,#619,.T.);
#819=ORIENTED_EDGE('',*,*,#620,.F.);
#820=ORIENTED_EDGE('',*,*,#621,.T.);
#821=ORIENTED_EDGE('',*,*,#617,.T.);
#822=ORIENTED_EDGE('',*,*,#622,.T.);
#823=ORIENTED_EDGE('',*,*,#623,.F.);
#824=ORIENTED_EDGE('',*,*,#624,.T.);
#825=ORIENTED_EDGE('',*,*,#620,.T.);
#826=ORIENTED_EDGE('',*,*,#625,.T.);
#827=ORIENTED_EDGE('',*,*,#626,.F.);
#828=ORIENTED_EDGE('',*,*,#627,.T.);
#829=ORIENTED_EDGE('',*,*,#623,.T.);
#830=ORIENTED_EDGE('',*,*,#628,.T.);
#831=ORIENTED_EDGE('',*,*,#629,.F.);
#832=ORIENTED_EDGE('',*,*,#630,.T.);
#833=ORIENTED_EDGE('',*,*,#626,.T.);
#834=ORIENTED_EDGE('',*,*,#631,.T.);
#835=ORIENTED_EDGE('',*,*,#632,.F.);
#836=ORIENTED_EDGE('',*,*,#633,.T.);
#837=ORIENTED_EDGE('',*,*,#629,.T.);
#838=ORIENTED_EDGE('',*,*,#634,.T.);
#839=ORIENTED_EDGE('',*,*,#632,.T.);
#840=ORIENTED_EDGE('',*,*,#635,.T.);
#841=ORIENTED_EDGE('',*,*,#636,.F.);
#842=ORIENTED_EDGE('',*,*,#637,.T.);
#843=ORIENTED_EDGE('',*,*,#638,.T.);
#844=ORIENTED_EDGE('',*,*,#639,.F.);
#845=ORIENTED_EDGE('',*,*,#640,.F.);
#846=ORIENTED_EDGE('',*,*,#635,.F.);
#847=ORIENTED_EDGE('',*,*,#634,.F.);
#848=ORIENTED_EDGE('',*,*,#631,.F.);
#849=ORIENTED_EDGE('',*,*,#628,.F.);
#850=ORIENTED_EDGE('',*,*,#625,.F.);
#851=ORIENTED_EDGE('',*,*,#622,.F.);
#852=ORIENTED_EDGE('',*,*,#619,.F.);
#853=ORIENTED_EDGE('',*,*,#616,.F.);
#854=ORIENTED_EDGE('',*,*,#641,.T.);
#855=ORIENTED_EDGE('',*,*,#642,.F.);
#856=ORIENTED_EDGE('',*,*,#643,.F.);
#857=ORIENTED_EDGE('',*,*,#644,.F.);
#858=ORIENTED_EDGE('',*,*,#645,.F.);
#859=ORIENTED_EDGE('',*,*,#646,.F.);
#860=ORIENTED_EDGE('',*,*,#647,.F.);
#861=ORIENTED_EDGE('',*,*,#648,.F.);
#862=ORIENTED_EDGE('',*,*,#649,.F.);
#863=ORIENTED_EDGE('',*,*,#650,.F.);
#864=ORIENTED_EDGE('',*,*,#651,.F.);
#865=ORIENTED_EDGE('',*,*,#639,.T.);
#866=ORIENTED_EDGE('',*,*,#610,.T.);
#867=ORIENTED_EDGE('',*,*,#652,.T.);
#868=ORIENTED_EDGE('',*,*,#653,.F.);
#869=ORIENTED_EDGE('',*,*,#654,.T.);
#870=ORIENTED_EDGE('',*,*,#655,.T.);
#871=ORIENTED_EDGE('',*,*,#656,.F.);
#872=ORIENTED_EDGE('',*,*,#657,.F.);
#873=ORIENTED_EDGE('',*,*,#652,.F.);
#874=ORIENTED_EDGE('',*,*,#612,.F.);
#875=ORIENTED_EDGE('',*,*,#609,.F.);
#876=ORIENTED_EDGE('',*,*,#606,.F.);
#877=ORIENTED_EDGE('',*,*,#603,.F.);
#878=ORIENTED_EDGE('',*,*,#600,.F.);
#879=ORIENTED_EDGE('',*,*,#597,.F.);
#880=ORIENTED_EDGE('',*,*,#594,.F.);
#881=ORIENTED_EDGE('',*,*,#658,.T.);
#882=ORIENTED_EDGE('',*,*,#659,.F.);
#883=ORIENTED_EDGE('',*,*,#660,.F.);
#884=ORIENTED_EDGE('',*,*,#661,.F.);
#885=ORIENTED_EDGE('',*,*,#662,.F.);
#886=ORIENTED_EDGE('',*,*,#663,.F.);
#887=ORIENTED_EDGE('',*,*,#664,.F.);
#888=ORIENTED_EDGE('',*,*,#665,.F.);
#889=ORIENTED_EDGE('',*,*,#666,.F.);
#890=ORIENTED_EDGE('',*,*,#667,.F.);
#891=ORIENTED_EDGE('',*,*,#668,.F.);
#892=ORIENTED_EDGE('',*,*,#656,.T.);
#893=ORIENTED_EDGE('',*,*,#669,.T.);
#894=ORIENTED_EDGE('',*,*,#670,.F.);
#895=ORIENTED_EDGE('',*,*,#671,.F.);
#896=ORIENTED_EDGE('',*,*,#672,.T.);
#897=ORIENTED_EDGE('',*,*,#650,.T.);
#898=ORIENTED_EDGE('',*,*,#649,.T.);
#899=ORIENTED_EDGE('',*,*,#648,.T.);
#900=ORIENTED_EDGE('',*,*,#647,.T.);
#901=ORIENTED_EDGE('',*,*,#646,.T.);
#902=ORIENTED_EDGE('',*,*,#645,.T.);
#903=ORIENTED_EDGE('',*,*,#644,.T.);
#904=ORIENTED_EDGE('',*,*,#643,.T.);
#905=ORIENTED_EDGE('',*,*,#673,.T.);
#906=ORIENTED_EDGE('',*,*,#614,.F.);
#907=ORIENTED_EDGE('',*,*,#618,.F.);
#908=ORIENTED_EDGE('',*,*,#621,.F.);
#909=ORIENTED_EDGE('',*,*,#624,.F.);
#910=ORIENTED_EDGE('',*,*,#627,.F.);
#911=ORIENTED_EDGE('',*,*,#630,.F.);
#912=ORIENTED_EDGE('',*,*,#633,.F.);
#913=ORIENTED_EDGE('',*,*,#637,.F.);
#914=ORIENTED_EDGE('',*,*,#674,.F.);
#915=ORIENTED_EDGE('',*,*,#670,.T.);
#916=ORIENTED_EDGE('',*,*,#675,.T.);
#917=ORIENTED_EDGE('',*,*,#676,.F.);
#918=ORIENTED_EDGE('',*,*,#677,.F.);
#919=ORIENTED_EDGE('',*,*,#678,.T.);
#920=ORIENTED_EDGE('',*,*,#667,.T.);
#921=ORIENTED_EDGE('',*,*,#666,.T.);
#922=ORIENTED_EDGE('',*,*,#665,.T.);
#923=ORIENTED_EDGE('',*,*,#664,.T.);
#924=ORIENTED_EDGE('',*,*,#663,.T.);
#925=ORIENTED_EDGE('',*,*,#662,.T.);
#926=ORIENTED_EDGE('',*,*,#661,.T.);
#927=ORIENTED_EDGE('',*,*,#660,.T.);
#928=ORIENTED_EDGE('',*,*,#679,.T.);
#929=ORIENTED_EDGE('',*,*,#592,.F.);
#930=ORIENTED_EDGE('',*,*,#596,.F.);
#931=ORIENTED_EDGE('',*,*,#599,.F.);
#932=ORIENTED_EDGE('',*,*,#602,.F.);
#933=ORIENTED_EDGE('',*,*,#605,.F.);
#934=ORIENTED_EDGE('',*,*,#608,.F.);
#935=ORIENTED_EDGE('',*,*,#611,.F.);
#936=ORIENTED_EDGE('',*,*,#654,.F.);
#937=ORIENTED_EDGE('',*,*,#680,.F.);
#938=ORIENTED_EDGE('',*,*,#676,.T.);
#939=ORIENTED_EDGE('',*,*,#674,.T.);
#940=ORIENTED_EDGE('',*,*,#636,.T.);
#941=ORIENTED_EDGE('',*,*,#640,.T.);
#942=ORIENTED_EDGE('',*,*,#651,.T.);
#943=ORIENTED_EDGE('',*,*,#672,.F.);
#944=ORIENTED_EDGE('',*,*,#671,.T.);
#945=ORIENTED_EDGE('',*,*,#680,.T.);
#946=ORIENTED_EDGE('',*,*,#653,.T.);
#947=ORIENTED_EDGE('',*,*,#657,.T.);
#948=ORIENTED_EDGE('',*,*,#668,.T.);
#949=ORIENTED_EDGE('',*,*,#678,.F.);
#950=ORIENTED_EDGE('',*,*,#677,.T.);
#951=ORIENTED_EDGE('',*,*,#588,.T.);
#952=ORIENTED_EDGE('',*,*,#681,.T.);
#953=ORIENTED_EDGE('',*,*,#682,.F.);
#954=ORIENTED_EDGE('',*,*,#683,.T.);
#955=ORIENTED_EDGE('',*,*,#684,.T.);
#956=ORIENTED_EDGE('',*,*,#685,.F.);
#957=ORIENTED_EDGE('',*,*,#686,.F.);
#958=ORIENTED_EDGE('',*,*,#681,.F.);
#959=ORIENTED_EDGE('',*,*,#590,.F.);
#960=ORIENTED_EDGE('',*,*,#587,.F.);
#961=ORIENTED_EDGE('',*,*,#584,.F.);
#962=ORIENTED_EDGE('',*,*,#581,.F.);
#963=ORIENTED_EDGE('',*,*,#578,.F.);
#964=ORIENTED_EDGE('',*,*,#575,.F.);
#965=ORIENTED_EDGE('',*,*,#572,.F.);
#966=ORIENTED_EDGE('',*,*,#687,.T.);
#967=ORIENTED_EDGE('',*,*,#688,.F.);
#968=ORIENTED_EDGE('',*,*,#689,.F.);
#969=ORIENTED_EDGE('',*,*,#690,.F.);
#970=ORIENTED_EDGE('',*,*,#691,.F.);
#971=ORIENTED_EDGE('',*,*,#692,.F.);
#972=ORIENTED_EDGE('',*,*,#693,.F.);
#973=ORIENTED_EDGE('',*,*,#694,.F.);
#974=ORIENTED_EDGE('',*,*,#695,.F.);
#975=ORIENTED_EDGE('',*,*,#696,.F.);
#976=ORIENTED_EDGE('',*,*,#697,.F.);
#977=ORIENTED_EDGE('',*,*,#685,.T.);
#978=ORIENTED_EDGE('',*,*,#698,.T.);
#979=ORIENTED_EDGE('',*,*,#699,.F.);
#980=ORIENTED_EDGE('',*,*,#700,.F.);
#981=ORIENTED_EDGE('',*,*,#701,.T.);
#982=ORIENTED_EDGE('',*,*,#696,.T.);
#983=ORIENTED_EDGE('',*,*,#695,.T.);
#984=ORIENTED_EDGE('',*,*,#694,.T.);
#985=ORIENTED_EDGE('',*,*,#693,.T.);
#986=ORIENTED_EDGE('',*,*,#692,.T.);
#987=ORIENTED_EDGE('',*,*,#691,.T.);
#988=ORIENTED_EDGE('',*,*,#690,.T.);
#989=ORIENTED_EDGE('',*,*,#689,.T.);
#990=ORIENTED_EDGE('',*,*,#702,.T.);
#991=ORIENTED_EDGE('',*,*,#570,.F.);
#992=ORIENTED_EDGE('',*,*,#574,.F.);
#993=ORIENTED_EDGE('',*,*,#577,.F.);
#994=ORIENTED_EDGE('',*,*,#580,.F.);
#995=ORIENTED_EDGE('',*,*,#583,.F.);
#996=ORIENTED_EDGE('',*,*,#586,.F.);
#997=ORIENTED_EDGE('',*,*,#589,.F.);
#998=ORIENTED_EDGE('',*,*,#683,.F.);
#999=ORIENTED_EDGE('',*,*,#703,.F.);
#1000=ORIENTED_EDGE('',*,*,#699,.T.);
#1001=ORIENTED_EDGE('',*,*,#703,.T.);
#1002=ORIENTED_EDGE('',*,*,#682,.T.);
#1003=ORIENTED_EDGE('',*,*,#686,.T.);
#1004=ORIENTED_EDGE('',*,*,#697,.T.);
#1005=ORIENTED_EDGE('',*,*,#701,.F.);
#1006=ORIENTED_EDGE('',*,*,#700,.T.);
#1007=ORIENTED_EDGE('',*,*,#704,.T.);
#1008=ORIENTED_EDGE('',*,*,#705,.T.);
#1009=ORIENTED_EDGE('',*,*,#706,.T.);
#1010=ORIENTED_EDGE('',*,*,#707,.T.);
#1011=ORIENTED_EDGE('',*,*,#705,.F.);
#1012=ORIENTED_EDGE('',*,*,#708,.T.);
#1013=ORIENTED_EDGE('',*,*,#709,.F.);
#1014=ORIENTED_EDGE('',*,*,#710,.T.);
#1015=ORIENTED_EDGE('',*,*,#711,.T.);
#1016=ORIENTED_EDGE('',*,*,#712,.T.);
#1017=ORIENTED_EDGE('',*,*,#713,.T.);
#1018=ORIENTED_EDGE('',*,*,#714,.T.);
#1019=ORIENTED_EDGE('',*,*,#715,.T.);
#1020=ORIENTED_EDGE('',*,*,#716,.T.);
#1021=ORIENTED_EDGE('',*,*,#717,.T.);
#1022=ORIENTED_EDGE('',*,*,#718,.T.);
#1023=ORIENTED_EDGE('',*,*,#719,.T.);
#1024=ORIENTED_EDGE('',*,*,#720,.F.);
#1025=ORIENTED_EDGE('',*,*,#704,.F.);
#1026=ORIENTED_EDGE('',*,*,#721,.F.);
#1027=ORIENTED_EDGE('',*,*,#722,.T.);
#1028=ORIENTED_EDGE('',*,*,#706,.F.);
#1029=ORIENTED_EDGE('',*,*,#707,.F.);
#1030=ORIENTED_EDGE('',*,*,#722,.F.);
#1031=ORIENTED_EDGE('',*,*,#709,.T.);
#1032=ORIENTED_EDGE('',*,*,#723,.T.);
#1033=ORIENTED_EDGE('',*,*,#724,.T.);
#1034=ORIENTED_EDGE('',*,*,#725,.T.);
#1035=ORIENTED_EDGE('',*,*,#723,.F.);
#1036=ORIENTED_EDGE('',*,*,#726,.F.);
#1037=ORIENTED_EDGE('',*,*,#727,.T.);
#1038=ORIENTED_EDGE('',*,*,#724,.F.);
#1039=ORIENTED_EDGE('',*,*,#725,.F.);
#1040=ORIENTED_EDGE('',*,*,#727,.F.);
#1041=ORIENTED_EDGE('',*,*,#720,.T.);
#1042=ORIENTED_EDGE('',*,*,#728,.T.);
#1043=ORIENTED_EDGE('',*,*,#729,.T.);
#1044=ORIENTED_EDGE('',*,*,#730,.T.);
#1045=ORIENTED_EDGE('',*,*,#728,.F.);
#1046=ORIENTED_EDGE('',*,*,#731,.F.);
#1047=ORIENTED_EDGE('',*,*,#732,.T.);
#1048=ORIENTED_EDGE('',*,*,#729,.F.);
#1049=ORIENTED_EDGE('',*,*,#730,.F.);
#1050=ORIENTED_EDGE('',*,*,#732,.F.);
#1051=ORIENTED_EDGE('',*,*,#726,.T.);
#1052=ORIENTED_EDGE('',*,*,#659,.T.);
#1053=ORIENTED_EDGE('',*,*,#658,.F.);
#1054=ORIENTED_EDGE('',*,*,#655,.F.);
#1055=ORIENTED_EDGE('',*,*,#593,.F.);
#1056=ORIENTED_EDGE('',*,*,#679,.F.);
#1057=ORIENTED_EDGE('',*,*,#675,.F.);
#1058=ORIENTED_EDGE('',*,*,#721,.T.);
#1059=ORIENTED_EDGE('',*,*,#642,.T.);
#1060=ORIENTED_EDGE('',*,*,#641,.F.);
#1061=ORIENTED_EDGE('',*,*,#638,.F.);
#1062=ORIENTED_EDGE('',*,*,#615,.F.);
#1063=ORIENTED_EDGE('',*,*,#673,.F.);
#1064=ORIENTED_EDGE('',*,*,#669,.F.);
#1065=ORIENTED_EDGE('',*,*,#731,.T.);
#1066=ORIENTED_EDGE('',*,*,#688,.T.);
#1067=ORIENTED_EDGE('',*,*,#687,.F.);
#1068=ORIENTED_EDGE('',*,*,#684,.F.);
#1069=ORIENTED_EDGE('',*,*,#571,.F.);
#1070=ORIENTED_EDGE('',*,*,#702,.F.);
#1071=ORIENTED_EDGE('',*,*,#698,.F.);
#1072=ORIENTED_EDGE('',*,*,#710,.F.);
#1073=ORIENTED_EDGE('',*,*,#733,.T.);
#1074=ORIENTED_EDGE('',*,*,#734,.T.);
#1075=ORIENTED_EDGE('',*,*,#733,.F.);
#1076=ORIENTED_EDGE('',*,*,#711,.F.);
#1077=ORIENTED_EDGE('',*,*,#735,.T.);
#1078=ORIENTED_EDGE('',*,*,#736,.T.);
#1079=ORIENTED_EDGE('',*,*,#735,.F.);
#1080=ORIENTED_EDGE('',*,*,#712,.F.);
#1081=ORIENTED_EDGE('',*,*,#737,.T.);
#1082=ORIENTED_EDGE('',*,*,#738,.T.);
#1083=ORIENTED_EDGE('',*,*,#737,.F.);
#1084=ORIENTED_EDGE('',*,*,#713,.F.);
#1085=ORIENTED_EDGE('',*,*,#739,.T.);
#1086=ORIENTED_EDGE('',*,*,#740,.T.);
#1087=ORIENTED_EDGE('',*,*,#739,.F.);
#1088=ORIENTED_EDGE('',*,*,#714,.F.);
#1089=ORIENTED_EDGE('',*,*,#741,.T.);
#1090=ORIENTED_EDGE('',*,*,#742,.T.);
#1091=ORIENTED_EDGE('',*,*,#741,.F.);
#1092=ORIENTED_EDGE('',*,*,#715,.F.);
#1093=ORIENTED_EDGE('',*,*,#743,.T.);
#1094=ORIENTED_EDGE('',*,*,#744,.T.);
#1095=ORIENTED_EDGE('',*,*,#743,.F.);
#1096=ORIENTED_EDGE('',*,*,#716,.F.);
#1097=ORIENTED_EDGE('',*,*,#745,.T.);
#1098=ORIENTED_EDGE('',*,*,#746,.T.);
#1099=ORIENTED_EDGE('',*,*,#745,.F.);
#1100=ORIENTED_EDGE('',*,*,#717,.F.);
#1101=ORIENTED_EDGE('',*,*,#747,.T.);
#1102=ORIENTED_EDGE('',*,*,#748,.T.);
#1103=ORIENTED_EDGE('',*,*,#747,.F.);
#1104=ORIENTED_EDGE('',*,*,#718,.F.);
#1105=ORIENTED_EDGE('',*,*,#749,.T.);
#1106=ORIENTED_EDGE('',*,*,#750,.T.);
#1107=ORIENTED_EDGE('',*,*,#749,.F.);
#1108=ORIENTED_EDGE('',*,*,#719,.F.);
#1109=ORIENTED_EDGE('',*,*,#751,.T.);
#1110=ORIENTED_EDGE('',*,*,#752,.T.);
#1111=ORIENTED_EDGE('',*,*,#751,.F.);
#1112=ORIENTED_EDGE('',*,*,#708,.F.);
#1113=ORIENTED_EDGE('',*,*,#753,.T.);
#1114=ORIENTED_EDGE('',*,*,#754,.T.);
#1115=ORIENTED_EDGE('',*,*,#753,.F.);
#1116=ORIENTED_EDGE('',*,*,#754,.F.);
#1117=ORIENTED_EDGE('',*,*,#752,.F.);
#1118=ORIENTED_EDGE('',*,*,#750,.F.);
#1119=ORIENTED_EDGE('',*,*,#748,.F.);
#1120=ORIENTED_EDGE('',*,*,#746,.F.);
#1121=ORIENTED_EDGE('',*,*,#744,.F.);
#1122=ORIENTED_EDGE('',*,*,#742,.F.);
#1123=ORIENTED_EDGE('',*,*,#740,.F.);
#1124=ORIENTED_EDGE('',*,*,#738,.F.);
#1125=ORIENTED_EDGE('',*,*,#736,.F.);
#1126=ORIENTED_EDGE('',*,*,#734,.F.);
#1127=CYLINDRICAL_SURFACE('',#1249,2.);
#1128=CYLINDRICAL_SURFACE('',#1251,2.);
#1129=CYLINDRICAL_SURFACE('',#1252,2.);
#1130=CYLINDRICAL_SURFACE('',#1253,2.);
#1131=CYLINDRICAL_SURFACE('',#1254,2.);
#1132=CYLINDRICAL_SURFACE('',#1255,2.);
#1133=CYLINDRICAL_SURFACE('',#1256,2.);
#1134=CYLINDRICAL_SURFACE('',#1257,2.);
#1135=CYLINDRICAL_SURFACE('',#1259,2.);
#1136=CYLINDRICAL_SURFACE('',#1260,2.);
#1137=CYLINDRICAL_SURFACE('',#1261,2.);
#1138=CYLINDRICAL_SURFACE('',#1262,2.);
#1139=CYLINDRICAL_SURFACE('',#1263,2.);
#1140=CYLINDRICAL_SURFACE('',#1264,2.);
#1141=CYLINDRICAL_SURFACE('',#1265,2.);
#1142=CYLINDRICAL_SURFACE('',#1267,2.);
#1143=CYLINDRICAL_SURFACE('',#1268,2.);
#1144=CYLINDRICAL_SURFACE('',#1269,2.);
#1145=CYLINDRICAL_SURFACE('',#1270,2.);
#1146=CYLINDRICAL_SURFACE('',#1271,2.);
#1147=CYLINDRICAL_SURFACE('',#1272,2.);
#1148=CYLINDRICAL_SURFACE('',#1273,2.);
#1149=CYLINDRICAL_SURFACE('',#1275,2.);
#1150=CYLINDRICAL_SURFACE('',#1279,2.);
#1151=CYLINDRICAL_SURFACE('',#1300,2.95);
#1152=CYLINDRICAL_SURFACE('',#1305,2.95);
#1153=CYLINDRICAL_SURFACE('',#1310,2.95);
#1154=CYLINDRICAL_SURFACE('',#1315,4.1);
#1155=CYLINDRICAL_SURFACE('',#1317,4.1);
#1156=CYLINDRICAL_SURFACE('',#1319,4.1);
#1157=CYLINDRICAL_SURFACE('',#1321,4.1);
#1158=CYLINDRICAL_SURFACE('',#1323,4.1);
#1159=CYLINDRICAL_SURFACE('',#1325,4.1);
#1160=CYLINDRICAL_SURFACE('',#1327,4.1);
#1161=CYLINDRICAL_SURFACE('',#1329,4.1);
#1162=CYLINDRICAL_SURFACE('',#1331,4.1);
#1163=CYLINDRICAL_SURFACE('',#1333,30.);
#1164=CYLINDRICAL_SURFACE('',#1335,45.);
#1165=ADVANCED_FACE('',(#64),#1127,.T.);
#1166=ADVANCED_FACE('',(#65),#1128,.T.);
#1167=ADVANCED_FACE('',(#66),#1129,.T.);
#1168=ADVANCED_FACE('',(#67),#1130,.T.);
#1169=ADVANCED_FACE('',(#68),#1131,.T.);
#1170=ADVANCED_FACE('',(#69),#1132,.T.);
#1171=ADVANCED_FACE('',(#70),#1133,.T.);
#1172=ADVANCED_FACE('',(#71),#1134,.T.);
#1173=ADVANCED_FACE('',(#72),#1135,.T.);
#1174=ADVANCED_FACE('',(#73),#1136,.T.);
#1175=ADVANCED_FACE('',(#74),#1137,.T.);
#1176=ADVANCED_FACE('',(#75),#1138,.T.);
#1177=ADVANCED_FACE('',(#76),#1139,.T.);
#1178=ADVANCED_FACE('',(#77),#1140,.T.);
#1179=ADVANCED_FACE('',(#78),#1141,.T.);
#1180=ADVANCED_FACE('',(#79),#1142,.T.);
#1181=ADVANCED_FACE('',(#80),#1143,.T.);
#1182=ADVANCED_FACE('',(#81),#1144,.T.);
#1183=ADVANCED_FACE('',(#82),#1145,.T.);
#1184=ADVANCED_FACE('',(#83),#1146,.T.);
#1185=ADVANCED_FACE('',(#84),#1147,.T.);
#1186=ADVANCED_FACE('',(#85),#1148,.T.);
#1187=ADVANCED_FACE('',(#86),#52,.F.);
#1188=ADVANCED_FACE('',(#87),#53,.F.);
#1189=ADVANCED_FACE('',(#88),#1149,.T.);
#1190=ADVANCED_FACE('',(#89),#54,.F.);
#1191=ADVANCED_FACE('',(#90),#55,.F.);
#1192=ADVANCED_FACE('',(#91),#56,.F.);
#1193=ADVANCED_FACE('',(#92),#57,.F.);
#1194=ADVANCED_FACE('',(#93),#58,.F.);
#1195=ADVANCED_FACE('',(#94),#59,.F.);
#1196=ADVANCED_FACE('',(#95),#44,.T.);
#1197=ADVANCED_FACE('',(#96),#45,.T.);
#1198=ADVANCED_FACE('',(#97),#1150,.T.);
#1199=ADVANCED_FACE('',(#98),#60,.F.);
#1200=ADVANCED_FACE('',(#99),#61,.F.);
#1201=ADVANCED_FACE('',(#100),#62,.F.);
#1202=ADVANCED_FACE('',(#101),#63,.F.);
#1203=ADVANCED_FACE('',(#102),#46,.T.);
#1204=ADVANCED_FACE('',(#103),#41,.T.);
#1205=ADVANCED_FACE('',(#104,#15,#16,#17,#18,#19,#20,#21,#22,#23,#24,#25,
#26,#27),#47,.T.);
#1206=ADVANCED_FACE('',(#105),#1151,.T.);
#1207=ADVANCED_FACE('',(#106),#42,.T.);
#1208=ADVANCED_FACE('',(#107),#1152,.T.);
#1209=ADVANCED_FACE('',(#108),#43,.T.);
#1210=ADVANCED_FACE('',(#109),#1153,.T.);
#1211=ADVANCED_FACE('',(#110,#28),#48,.T.);
#1212=ADVANCED_FACE('',(#111,#29),#49,.T.);
#1213=ADVANCED_FACE('',(#112,#30),#50,.T.);
#1214=ADVANCED_FACE('',(#113),#1154,.F.);
#1215=ADVANCED_FACE('',(#114),#1155,.F.);
#1216=ADVANCED_FACE('',(#115),#1156,.F.);
#1217=ADVANCED_FACE('',(#116),#1157,.F.);
#1218=ADVANCED_FACE('',(#117),#1158,.F.);
#1219=ADVANCED_FACE('',(#118),#1159,.F.);
#1220=ADVANCED_FACE('',(#119),#1160,.F.);
#1221=ADVANCED_FACE('',(#120),#1161,.F.);
#1222=ADVANCED_FACE('',(#121),#1162,.F.);
#1223=ADVANCED_FACE('',(#122),#1163,.F.);
#1224=ADVANCED_FACE('',(#123),#1164,.T.);
#1225=ADVANCED_FACE('',(#124,#31,#32,#33,#34,#35,#36,#37,#38,#39,#40),#51,
 .F.);
#1226=CLOSED_SHELL('',(#1165,#1166,#1167,#1168,#1169,#1170,#1171,#1172,
#1173,#1174,#1175,#1176,#1177,#1178,#1179,#1180,#1181,#1182,#1183,#1184,
#1185,#1186,#1187,#1188,#1189,#1190,#1191,#1192,#1193,#1194,#1195,#1196,
#1197,#1198,#1199,#1200,#1201,#1202,#1203,#1204,#1205,#1206,#1207,#1208,
#1209,#1210,#1211,#1212,#1213,#1214,#1215,#1216,#1217,#1218,#1219,#1220,
#1221,#1222,#1223,#1224,#1225));
#1227=DERIVED_UNIT_ELEMENT(#1230,1.);
#1228=DERIVED_UNIT_ELEMENT(#7288,-3.);
#1229=DIMENSIONAL_EXPONENTS(0.,1.,0.,0.,0.,0.,0.);
#1230=(
CONVERSION_BASED_UNIT('gram',#1232)
MASS_UNIT()
NAMED_UNIT(#1229)
);
#1231=(
MASS_UNIT()
NAMED_UNIT(*)
SI_UNIT(.KILO.,.GRAM.)
);
#1232=MASS_MEASURE_WITH_UNIT(MASS_MEASURE(0.001),#1231);
#1233=DERIVED_UNIT((#1227,#1228));
#1234=MEASURE_REPRESENTATION_ITEM('density measure',
POSITIVE_RATIO_MEASURE(1.541),#1233);
#1235=PROPERTY_DEFINITION_REPRESENTATION(#1240,#1237);
#1236=PROPERTY_DEFINITION_REPRESENTATION(#1241,#1238);
#1237=REPRESENTATION('material name',(#1239),#7285);
#1238=REPRESENTATION('density',(#1234),#7285);
#1239=DESCRIPTIVE_REPRESENTATION_ITEM('Plastica PET','Plastica PET');
#1240=PROPERTY_DEFINITION('material property','material name',#7295);
#1241=PROPERTY_DEFINITION('material property','density of part',#7295);
#1242=DATE_TIME_ROLE('creation_date');
#1243=APPLIED_DATE_AND_TIME_ASSIGNMENT(#1244,#1242,(#7295));
#1244=DATE_AND_TIME(#1245,#1246);
#1245=CALENDAR_DATE(2026,13,7);
#1246=LOCAL_TIME(0,0,0.,#1247);
#1247=COORDINATED_UNIVERSAL_TIME_OFFSET(0,0,.BEHIND.);
#1248=AXIS2_PLACEMENT_3D('',#1556,#1338,#1339);
#1249=AXIS2_PLACEMENT_3D('',#1557,#1340,#1341);
#1250=AXIS2_PLACEMENT_3D('',#1573,#1343,#1344);
#1251=AXIS2_PLACEMENT_3D('',#1593,#1345,#1346);
#1252=AXIS2_PLACEMENT_3D('',#1630,#1348,#1349);
#1253=AXIS2_PLACEMENT_3D('',#1666,#1351,#1352);
#1254=AXIS2_PLACEMENT_3D('',#1705,#1354,#1355);
#1255=AXIS2_PLACEMENT_3D('',#1742,#1357,#1358);
#1256=AXIS2_PLACEMENT_3D('',#1778,#1360,#1361);
#1257=AXIS2_PLACEMENT_3D('',#1817,#1363,#1364);
#1258=AXIS2_PLACEMENT_3D('',#1833,#1366,#1367);
#1259=AXIS2_PLACEMENT_3D('',#1853,#1368,#1369);
#1260=AXIS2_PLACEMENT_3D('',#1890,#1371,#1372);
#1261=AXIS2_PLACEMENT_3D('',#1926,#1374,#1375);
#1262=AXIS2_PLACEMENT_3D('',#1965,#1377,#1378);
#1263=AXIS2_PLACEMENT_3D('',#2002,#1380,#1381);
#1264=AXIS2_PLACEMENT_3D('',#2038,#1383,#1384);
#1265=AXIS2_PLACEMENT_3D('',#2077,#1386,#1387);
#1266=AXIS2_PLACEMENT_3D('',#2093,#1389,#1390);
#1267=AXIS2_PLACEMENT_3D('',#2113,#1391,#1392);
#1268=AXIS2_PLACEMENT_3D('',#2150,#1394,#1395);
#1269=AXIS2_PLACEMENT_3D('',#2186,#1397,#1398);
#1270=AXIS2_PLACEMENT_3D('',#2225,#1400,#1401);
#1271=AXIS2_PLACEMENT_3D('',#2262,#1403,#1404);
#1272=AXIS2_PLACEMENT_3D('',#2298,#1406,#1407);
#1273=AXIS2_PLACEMENT_3D('',#2337,#1409,#1410);
#1274=AXIS2_PLACEMENT_3D('',#2350,#1411,#1412);
#1275=AXIS2_PLACEMENT_3D('',#3197,#1413,#1414);
#1276=AXIS2_PLACEMENT_3D('',#3210,#1415,#1416);
#1277=AXIS2_PLACEMENT_3D('',#5561,#1417,#1418);
#1278=AXIS2_PLACEMENT_3D('',#5562,#1419,#1420);
#1279=AXIS2_PLACEMENT_3D('',#5563,#1421,#1422);
#1280=AXIS2_PLACEMENT_3D('',#5576,#1423,#1424);
#1281=AXIS2_PLACEMENT_3D('',#7175,#1425,#1426);
#1282=AXIS2_PLACEMENT_3D('',#7176,#1427,#1428);
#1283=AXIS2_PLACEMENT_3D('',#7178,#1429,#1430);
#1284=AXIS2_PLACEMENT_3D('',#7182,#1432,#1433);
#1285=AXIS2_PLACEMENT_3D('',#7183,#1434,#1435);
#1286=AXIS2_PLACEMENT_3D('',#7184,#1436,#1437);
#1287=AXIS2_PLACEMENT_3D('',#7186,#1438,#1439);
#1288=AXIS2_PLACEMENT_3D('',#7188,#1440,#1441);
#1289=AXIS2_PLACEMENT_3D('',#7190,#1442,#1443);
#1290=AXIS2_PLACEMENT_3D('',#7192,#1444,#1445);
#1291=AXIS2_PLACEMENT_3D('',#7194,#1446,#1447);
#1292=AXIS2_PLACEMENT_3D('',#7196,#1448,#1449);
#1293=AXIS2_PLACEMENT_3D('',#7198,#1450,#1451);
#1294=AXIS2_PLACEMENT_3D('',#7200,#1452,#1453);
#1295=AXIS2_PLACEMENT_3D('',#7202,#1454,#1455);
#1296=AXIS2_PLACEMENT_3D('',#7204,#1456,#1457);
#1297=AXIS2_PLACEMENT_3D('',#7206,#1458,#1459);
#1298=AXIS2_PLACEMENT_3D('',#7208,#1460,#1461);
#1299=AXIS2_PLACEMENT_3D('',#7210,#1462,#1463);
#1300=AXIS2_PLACEMENT_3D('',#7211,#1464,#1465);
#1301=AXIS2_PLACEMENT_3D('',#7213,#1466,#1467);
#1302=AXIS2_PLACEMENT_3D('',#7215,#1469,#1470);
#1303=AXIS2_PLACEMENT_3D('',#7219,#1472,#1473);
#1304=AXIS2_PLACEMENT_3D('',#7220,#1474,#1475);
#1305=AXIS2_PLACEMENT_3D('',#7221,#1476,#1477);
#1306=AXIS2_PLACEMENT_3D('',#7223,#1478,#1479);
#1307=AXIS2_PLACEMENT_3D('',#7225,#1481,#1482);
#1308=AXIS2_PLACEMENT_3D('',#7229,#1484,#1485);
#1309=AXIS2_PLACEMENT_3D('',#7230,#1486,#1487);
#1310=AXIS2_PLACEMENT_3D('',#7231,#1488,#1489);
#1311=AXIS2_PLACEMENT_3D('',#7233,#1490,#1491);
#1312=AXIS2_PLACEMENT_3D('',#7235,#1493,#1494);
#1313=AXIS2_PLACEMENT_3D('',#7236,#1495,#1496);
#1314=AXIS2_PLACEMENT_3D('',#7237,#1497,#1498);
#1315=AXIS2_PLACEMENT_3D('',#7238,#1499,#1500);
#1316=AXIS2_PLACEMENT_3D('',#7241,#1502,#1503);
#1317=AXIS2_PLACEMENT_3D('',#7242,#1504,#1505);
#1318=AXIS2_PLACEMENT_3D('',#7245,#1507,#1508);
#1319=AXIS2_PLACEMENT_3D('',#7246,#1509,#1510);
#1320=AXIS2_PLACEMENT_3D('',#7249,#1512,#1513);
#1321=AXIS2_PLACEMENT_3D('',#7250,#1514,#1515);
#1322=AXIS2_PLACEMENT_3D('',#7253,#1517,#1518);
#1323=AXIS2_PLACEMENT_3D('',#7254,#1519,#1520);
#1324=AXIS2_PLACEMENT_3D('',#7257,#1522,#1523);
#1325=AXIS2_PLACEMENT_3D('',#7258,#1524,#1525);
#1326=AXIS2_PLACEMENT_3D('',#7261,#1527,#1528);
#1327=AXIS2_PLACEMENT_3D('',#7262,#1529,#1530);
#1328=AXIS2_PLACEMENT_3D('',#7265,#1532,#1533);
#1329=AXIS2_PLACEMENT_3D('',#7266,#1534,#1535);
#1330=AXIS2_PLACEMENT_3D('',#7269,#1537,#1538);
#1331=AXIS2_PLACEMENT_3D('',#7270,#1539,#1540);
#1332=AXIS2_PLACEMENT_3D('',#7273,#1542,#1543);
#1333=AXIS2_PLACEMENT_3D('',#7274,#1544,#1545);
#1334=AXIS2_PLACEMENT_3D('',#7277,#1547,#1548);
#1335=AXIS2_PLACEMENT_3D('',#7278,#1549,#1550);
#1336=AXIS2_PLACEMENT_3D('',#7281,#1552,#1553);
#1337=AXIS2_PLACEMENT_3D('',#7282,#1554,#1555);
#1338=DIRECTION('axis',(0.,0.,1.));
#1339=DIRECTION('refdir',(1.,0.,0.));
#1340=DIRECTION('center_axis',(0.,0.,1.));
#1341=DIRECTION('ref_axis',(0.990179298049341,0.139803282202221,0.));
#1342=DIRECTION('',(0.,0.,-1.));
#1343=DIRECTION('center_axis',(2.48815928255951E-20,1.38777878078145E-17,
1.));
#1344=DIRECTION('ref_axis',(1.,0.,0.));
#1345=DIRECTION('center_axis',(0.,0.,1.));
#1346=DIRECTION('ref_axis',(1.,0.,0.));
#1347=DIRECTION('',(0.,0.,-1.));
#1348=DIRECTION('center_axis',(0.,0.,1.));
#1349=DIRECTION('ref_axis',(1.,0.,0.));
#1350=DIRECTION('',(0.,0.,-1.));
#1351=DIRECTION('center_axis',(0.,0.,1.));
#1352=DIRECTION('ref_axis',(1.,0.,0.));
#1353=DIRECTION('',(0.,0.,-1.));
#1354=DIRECTION('center_axis',(0.,0.,1.));
#1355=DIRECTION('ref_axis',(1.,0.,0.));
#1356=DIRECTION('',(0.,0.,-1.));
#1357=DIRECTION('center_axis',(0.,0.,1.));
#1358=DIRECTION('ref_axis',(1.,0.,0.));
#1359=DIRECTION('',(0.,0.,-1.));
#1360=DIRECTION('center_axis',(0.,0.,1.));
#1361=DIRECTION('ref_axis',(1.,0.,0.));
#1362=DIRECTION('',(0.,0.,-1.));
#1363=DIRECTION('center_axis',(1.20185167898973E-17,2.08166817117217E-17,
1.));
#1364=DIRECTION('ref_axis',(-0.616162772126147,0.78761884071283,-8.99024809516644E-18));
#1365=DIRECTION('',(-1.20185167898973E-17,-2.08166817117217E-17,-1.));
#1366=DIRECTION('center_axis',(-1.24407964128006E-20,1.3899335899288E-17,
1.));
#1367=DIRECTION('ref_axis',(-0.5,0.866025403784439,-1.20185167898973E-17));
#1368=DIRECTION('center_axis',(1.20185167898973E-17,2.08166817117217E-17,
1.));
#1369=DIRECTION('ref_axis',(-0.5,0.866025403784439,-1.20185167898973E-17));
#1370=DIRECTION('',(-1.20185167898973E-17,-2.08166817117217E-17,-1.));
#1371=DIRECTION('center_axis',(1.20185167898973E-17,2.08166817117217E-17,
1.));
#1372=DIRECTION('ref_axis',(-0.5,0.866025403784439,-1.20185167898973E-17));
#1373=DIRECTION('',(-1.20185167898973E-17,-2.08166817117217E-17,-1.));
#1374=DIRECTION('center_axis',(1.20185167898973E-17,2.08166817117217E-17,
1.));
#1375=DIRECTION('ref_axis',(-0.5,0.866025403784439,-1.20185167898973E-17));
#1376=DIRECTION('',(-1.20185167898973E-17,-2.08166817117217E-17,-1.));
#1377=DIRECTION('center_axis',(1.20185167898973E-17,2.08166817117217E-17,
1.));
#1378=DIRECTION('ref_axis',(-0.5,0.866025403784439,-1.20185167898973E-17));
#1379=DIRECTION('',(-1.20185167898973E-17,-2.08166817117217E-17,-1.));
#1380=DIRECTION('center_axis',(1.20185167898973E-17,2.08166817117217E-17,
1.));
#1381=DIRECTION('ref_axis',(-0.5,0.866025403784439,-1.20185167898973E-17));
#1382=DIRECTION('',(-1.20185167898973E-17,-2.08166817117217E-17,-1.));
#1383=DIRECTION('center_axis',(1.20185167898973E-17,2.08166817117217E-17,
1.));
#1384=DIRECTION('ref_axis',(-0.5,0.866025403784439,-1.20185167898973E-17));
#1385=DIRECTION('',(-1.20185167898973E-17,-2.08166817117217E-17,-1.));
#1386=DIRECTION('center_axis',(-1.20185167898973E-17,2.08166817117217E-17,
1.));
#1387=DIRECTION('ref_axis',(-0.374016538194649,-0.927422034004417,1.48107252503158E-17));
#1388=DIRECTION('',(1.20185167898973E-17,-2.08166817117217E-17,-1.));
#1389=DIRECTION('center_axis',(-1.24407964127914E-20,1.38562397163409E-17,
1.));
#1390=DIRECTION('ref_axis',(-0.5,-0.866025403784438,1.20185167898973E-17));
#1391=DIRECTION('center_axis',(-1.20185167898973E-17,2.08166817117217E-17,
1.));
#1392=DIRECTION('ref_axis',(-0.5,-0.866025403784438,1.20185167898973E-17));
#1393=DIRECTION('',(1.20185167898973E-17,-2.08166817117217E-17,-1.));
#1394=DIRECTION('center_axis',(-1.20185167898973E-17,2.08166817117217E-17,
1.));
#1395=DIRECTION('ref_axis',(-0.5,-0.866025403784438,1.20185167898973E-17));
#1396=DIRECTION('',(1.20185167898973E-17,-2.08166817117217E-17,-1.));
#1397=DIRECTION('center_axis',(-1.20185167898973E-17,2.08166817117217E-17,
1.));
#1398=DIRECTION('ref_axis',(-0.5,-0.866025403784438,1.20185167898973E-17));
#1399=DIRECTION('',(1.20185167898973E-17,-2.08166817117217E-17,-1.));
#1400=DIRECTION('center_axis',(-1.20185167898973E-17,2.08166817117217E-17,
1.));
#1401=DIRECTION('ref_axis',(-0.5,-0.866025403784438,1.20185167898973E-17));
#1402=DIRECTION('',(1.20185167898973E-17,-2.08166817117217E-17,-1.));
#1403=DIRECTION('center_axis',(-1.20185167898973E-17,2.08166817117217E-17,
1.));
#1404=DIRECTION('ref_axis',(-0.5,-0.866025403784438,1.20185167898973E-17));
#1405=DIRECTION('',(1.20185167898973E-17,-2.08166817117217E-17,-1.));
#1406=DIRECTION('center_axis',(-1.20185167898973E-17,2.08166817117217E-17,
1.));
#1407=DIRECTION('ref_axis',(-0.5,-0.866025403784438,1.20185167898973E-17));
#1408=DIRECTION('',(1.20185167898973E-17,-2.08166817117217E-17,-1.));
#1409=DIRECTION('center_axis',(-1.20185167898973E-17,2.08166817117217E-17,
1.));
#1410=DIRECTION('ref_axis',(-0.44213741245553,0.896947327610227,-2.398530294608E-17));
#1411=DIRECTION('center_axis',(-1.24407964127914E-20,1.38562397163409E-17,
1.));
#1412=DIRECTION('ref_axis',(-0.5,-0.866025403784438,1.19936351970717E-17));
#1413=DIRECTION('center_axis',(1.20185167898973E-17,2.08166817117217E-17,
1.));
#1414=DIRECTION('ref_axis',(0.997847878978172,-0.0655714146466523,-1.06276722191759E-17));
#1415=DIRECTION('center_axis',(-1.24407964128006E-20,1.3899335899288E-17,
1.));
#1416=DIRECTION('ref_axis',(-0.5,0.866025403784439,-1.20433983827229E-17));
#1417=DIRECTION('center_axis',(-1.24407964127914E-20,1.38562397163409E-17,
1.));
#1418=DIRECTION('ref_axis',(-0.5,-0.866025403784438,1.19936351970717E-17));
#1419=DIRECTION('center_axis',(-1.24407964128006E-20,1.3899335899288E-17,
1.));
#1420=DIRECTION('ref_axis',(-0.5,0.866025403784439,-1.20433983827229E-17));
#1421=DIRECTION('center_axis',(0.,0.,1.));
#1422=DIRECTION('ref_axis',(-0.555709631908999,-0.831376452038163,0.));
#1423=DIRECTION('center_axis',(2.48815928255951E-20,1.38777878078145E-17,
1.));
#1424=DIRECTION('ref_axis',(1.,0.,-2.48815928255951E-20));
#1425=DIRECTION('center_axis',(2.48815928255951E-20,1.38777878078145E-17,
1.));
#1426=DIRECTION('ref_axis',(1.,0.,-2.48815928255951E-20));
#1427=DIRECTION('center_axis',(0.,0.,-1.));
#1428=DIRECTION('ref_axis',(-1.,2.42408604606124E-37,1.74673808220087E-20));
#1429=DIRECTION('center_axis',(2.48815928255951E-20,1.38777878078145E-17,
1.));
#1430=DIRECTION('ref_axis',(-1.,3.45301465554047E-37,2.48815928255951E-20));
#1431=DIRECTION('',(-0.707106781186547,8.65956056235493E-17,0.707106781186548));
#1432=DIRECTION('center_axis',(-2.48815928255951E-20,-1.38777878078145E-17,
-1.));
#1433=DIRECTION('ref_axis',(-1.,0.,0.));
#1434=DIRECTION('center_axis',(-2.48815928255951E-20,-1.38777878078145E-17,
-1.));
#1435=DIRECTION('ref_axis',(-1.,0.,0.));
#1436=DIRECTION('center_axis',(2.48815928255951E-20,1.38777878078145E-17,
1.));
#1437=DIRECTION('ref_axis',(1.,0.,-2.48815928255951E-20));
#1438=DIRECTION('center_axis',(2.48815928255951E-20,1.38777878078145E-17,
1.));
#1439=DIRECTION('ref_axis',(1.,-1.6940658945086E-21,-2.48815928255951E-20));
#1440=DIRECTION('center_axis',(2.48815928255951E-20,1.38777878078145E-17,
1.));
#1441=DIRECTION('ref_axis',(-1.,3.45301465554047E-37,2.48815928255951E-20));
#1442=DIRECTION('center_axis',(-2.48815928255951E-20,-1.38777878078145E-17,
-1.));
#1443=DIRECTION('ref_axis',(-1.,1.6940658945086E-21,2.48815928255951E-20));
#1444=DIRECTION('center_axis',(-2.48815928255951E-20,-1.38777878078145E-17,
-1.));
#1445=DIRECTION('ref_axis',(-1.,1.6940658945086E-21,2.48815928255951E-20));
#1446=DIRECTION('center_axis',(-2.48815928255951E-20,-1.38777878078145E-17,
-1.));
#1447=DIRECTION('ref_axis',(-1.,1.6940658945086E-21,2.48815928255951E-20));
#1448=DIRECTION('center_axis',(-2.48815928255951E-20,-1.38777878078145E-17,
-1.));
#1449=DIRECTION('ref_axis',(-1.,1.6940658945086E-21,2.48815928255951E-20));
#1450=DIRECTION('center_axis',(-2.48815928255951E-20,-1.38777878078145E-17,
-1.));
#1451=DIRECTION('ref_axis',(-1.,1.6940658945086E-21,2.48815928255951E-20));
#1452=DIRECTION('center_axis',(-2.48815928255951E-20,-1.38777878078145E-17,
-1.));
#1453=DIRECTION('ref_axis',(-1.,1.6940658945086E-21,2.48815928255951E-20));
#1454=DIRECTION('center_axis',(-2.48815928255951E-20,-1.38777878078145E-17,
-1.));
#1455=DIRECTION('ref_axis',(-1.,1.6940658945086E-21,2.48815928255951E-20));
#1456=DIRECTION('center_axis',(-2.48815928255951E-20,-1.38777878078145E-17,
-1.));
#1457=DIRECTION('ref_axis',(-1.,1.6940658945086E-21,2.48815928255951E-20));
#1458=DIRECTION('center_axis',(-2.48815928255951E-20,-1.38777878078145E-17,
-1.));
#1459=DIRECTION('ref_axis',(-1.,1.6940658945086E-21,2.48815928255951E-20));
#1460=DIRECTION('center_axis',(-2.48815928255951E-20,-1.38777878078145E-17,
-1.));
#1461=DIRECTION('ref_axis',(-1.,1.6940658945086E-21,2.48815928255951E-20));
#1462=DIRECTION('center_axis',(2.48815928255951E-20,1.38777878078145E-17,
1.));
#1463=DIRECTION('ref_axis',(-1.,3.45301465554047E-37,2.48815928255951E-20));
#1464=DIRECTION('center_axis',(0.,0.,1.));
#1465=DIRECTION('ref_axis',(1.,0.,0.));
#1466=DIRECTION('center_axis',(2.48815928255951E-20,1.38777878078145E-17,
1.));
#1467=DIRECTION('ref_axis',(1.,0.,-2.48815928255951E-20));
#1468=DIRECTION('',(0.,0.,-1.));
#1469=DIRECTION('center_axis',(0.,0.,-1.));
#1470=DIRECTION('ref_axis',(-1.,2.42408604606124E-37,1.74673808220087E-20));
#1471=DIRECTION('',(-0.707106781186547,8.65956056235493E-17,0.707106781186548));
#1472=DIRECTION('center_axis',(-2.48815928255951E-20,-1.38777878078145E-17,
-1.));
#1473=DIRECTION('ref_axis',(-1.,0.,0.));
#1474=DIRECTION('center_axis',(-2.48815928255951E-20,-1.38777878078145E-17,
-1.));
#1475=DIRECTION('ref_axis',(-1.,0.,0.));
#1476=DIRECTION('center_axis',(0.,0.,1.));
#1477=DIRECTION('ref_axis',(1.,0.,0.));
#1478=DIRECTION('center_axis',(2.48815928255951E-20,1.38777878078145E-17,
1.));
#1479=DIRECTION('ref_axis',(1.,0.,-2.48815928255951E-20));
#1480=DIRECTION('',(0.,0.,-1.));
#1481=DIRECTION('center_axis',(-2.48815928255951E-20,0.,-1.));
#1482=DIRECTION('ref_axis',(-1.,2.42408604606124E-37,1.74673808220087E-20));
#1483=DIRECTION('',(-0.707106781186547,8.65956056235493E-17,0.707106781186548));
#1484=DIRECTION('center_axis',(-2.48815928255951E-20,-1.38777878078145E-17,
-1.));
#1485=DIRECTION('ref_axis',(-1.,0.,0.));
#1486=DIRECTION('center_axis',(-2.48815928255951E-20,-1.38777878078145E-17,
-1.));
#1487=DIRECTION('ref_axis',(-1.,0.,0.));
#1488=DIRECTION('center_axis',(0.,0.,1.));
#1489=DIRECTION('ref_axis',(1.,0.,0.));
#1490=DIRECTION('center_axis',(2.48815928255951E-20,1.38777878078145E-17,
1.));
#1491=DIRECTION('ref_axis',(1.,0.,-2.48815928255951E-20));
#1492=DIRECTION('',(0.,0.,-1.));
#1493=DIRECTION('center_axis',(2.48815928255951E-20,1.38777878078145E-17,
1.));
#1494=DIRECTION('ref_axis',(1.,0.,-2.48815928255951E-20));
#1495=DIRECTION('center_axis',(2.48815928255951E-20,1.38777878078145E-17,
1.));
#1496=DIRECTION('ref_axis',(1.,0.,-2.48815928255951E-20));
#1497=DIRECTION('center_axis',(2.48815928255951E-20,1.38777878078145E-17,
1.));
#1498=DIRECTION('ref_axis',(1.,0.,-2.48815928255951E-20));
#1499=DIRECTION('center_axis',(0.,1.38777878078145E-17,1.));
#1500=DIRECTION('ref_axis',(-1.,1.6940658945086E-21,0.));
#1501=DIRECTION('',(0.,-1.38777878078145E-17,-1.));
#1502=DIRECTION('center_axis',(-2.48815928255951E-20,-1.38777878078145E-17,
-1.));
#1503=DIRECTION('ref_axis',(-1.,1.6940658945086E-21,2.48815928255951E-20));
#1504=DIRECTION('center_axis',(0.,1.38777878078145E-17,1.));
#1505=DIRECTION('ref_axis',(-1.,1.6940658945086E-21,0.));
#1506=DIRECTION('',(0.,-1.38777878078145E-17,-1.));
#1507=DIRECTION('center_axis',(-2.48815928255951E-20,-1.38777878078145E-17,
-1.));
#1508=DIRECTION('ref_axis',(-1.,1.6940658945086E-21,2.48815928255951E-20));
#1509=DIRECTION('center_axis',(0.,1.38777878078145E-17,1.));
#1510=DIRECTION('ref_axis',(-1.,1.6940658945086E-21,0.));
#1511=DIRECTION('',(0.,-1.38777878078145E-17,-1.));
#1512=DIRECTION('center_axis',(-2.48815928255951E-20,-1.38777878078145E-17,
-1.));
#1513=DIRECTION('ref_axis',(-1.,1.6940658945086E-21,2.48815928255951E-20));
#1514=DIRECTION('center_axis',(0.,1.38777878078145E-17,1.));
#1515=DIRECTION('ref_axis',(-1.,1.6940658945086E-21,0.));
#1516=DIRECTION('',(0.,-1.38777878078145E-17,-1.));
#1517=DIRECTION('center_axis',(-2.48815928255951E-20,-1.38777878078145E-17,
-1.));
#1518=DIRECTION('ref_axis',(-1.,1.6940658945086E-21,2.48815928255951E-20));
#1519=DIRECTION('center_axis',(0.,1.38777878078145E-17,1.));
#1520=DIRECTION('ref_axis',(-1.,1.6940658945086E-21,0.));
#1521=DIRECTION('',(0.,-1.38777878078145E-17,-1.));
#1522=DIRECTION('center_axis',(-2.48815928255951E-20,-1.38777878078145E-17,
-1.));
#1523=DIRECTION('ref_axis',(-1.,1.6940658945086E-21,2.48815928255951E-20));
#1524=DIRECTION('center_axis',(0.,1.38777878078145E-17,1.));
#1525=DIRECTION('ref_axis',(-1.,1.6940658945086E-21,0.));
#1526=DIRECTION('',(0.,-1.38777878078145E-17,-1.));
#1527=DIRECTION('center_axis',(-2.48815928255951E-20,-1.38777878078145E-17,
-1.));
#1528=DIRECTION('ref_axis',(-1.,1.6940658945086E-21,2.48815928255951E-20));
#1529=DIRECTION('center_axis',(0.,1.38777878078145E-17,1.));
#1530=DIRECTION('ref_axis',(-1.,1.6940658945086E-21,0.));
#1531=DIRECTION('',(0.,-1.38777878078145E-17,-1.));
#1532=DIRECTION('center_axis',(-2.48815928255951E-20,-1.38777878078145E-17,
-1.));
#1533=DIRECTION('ref_axis',(-1.,1.6940658945086E-21,2.48815928255951E-20));
#1534=DIRECTION('center_axis',(0.,1.38777878078145E-17,1.));
#1535=DIRECTION('ref_axis',(-1.,1.6940658945086E-21,0.));
#1536=DIRECTION('',(0.,-1.38777878078145E-17,-1.));
#1537=DIRECTION('center_axis',(-2.48815928255951E-20,-1.38777878078145E-17,
-1.));
#1538=DIRECTION('ref_axis',(-1.,1.6940658945086E-21,2.48815928255951E-20));
#1539=DIRECTION('center_axis',(0.,1.38777878078145E-17,1.));
#1540=DIRECTION('ref_axis',(-1.,1.6940658945086E-21,0.));
#1541=DIRECTION('',(0.,-1.38777878078145E-17,-1.));
#1542=DIRECTION('center_axis',(-2.48815928255951E-20,-1.38777878078145E-17,
-1.));
#1543=DIRECTION('ref_axis',(-1.,1.6940658945086E-21,2.48815928255951E-20));
#1544=DIRECTION('center_axis',(0.,1.38777878078145E-17,1.));
#1545=DIRECTION('ref_axis',(-1.,1.6940658945086E-21,0.));
#1546=DIRECTION('',(0.,-1.38777878078145E-17,-1.));
#1547=DIRECTION('center_axis',(-2.48815928255951E-20,-1.38777878078145E-17,
-1.));
#1548=DIRECTION('ref_axis',(-1.,1.6940658945086E-21,2.48815928255951E-20));
#1549=DIRECTION('center_axis',(0.,1.38777878078145E-17,1.));
#1550=DIRECTION('ref_axis',(1.,-1.6940658945086E-21,0.));
#1551=DIRECTION('',(0.,-1.38777878078145E-17,-1.));
#1552=DIRECTION('center_axis',(2.48815928255951E-20,1.38777878078145E-17,
1.));
#1553=DIRECTION('ref_axis',(1.,-1.6940658945086E-21,-2.48815928255951E-20));
#1554=DIRECTION('center_axis',(2.48815928255951E-20,1.38777878078145E-17,
1.));
#1555=DIRECTION('ref_axis',(1.,0.,-2.48815928255951E-20));
#1556=CARTESIAN_POINT('',(0.,0.,0.));
#1557=CARTESIAN_POINT('Origin',(-4.6535334287958E-15,37.9999999999998,10.9999999999999));
#1558=CARTESIAN_POINT('',(-2.00329995970059,37.99991005299,11.6687520897306));
#1559=CARTESIAN_POINT('',(-2.00005211729737,38.0018112993658,11.581251625346));
#1560=CARTESIAN_POINT('',(-2.,37.9999999999998,10.9999999999999));
#1561=CARTESIAN_POINT('',(-1.92510289791903,37.4449789235511,10.9999999999999));
#1562=CARTESIAN_POINT('Ctrl Pts',(-2.00329995970059,37.99991005299,11.6687520897306));
#1563=CARTESIAN_POINT('Ctrl Pts',(-2.00287712920637,38.6566737062472,11.6320015934859));
#1564=CARTESIAN_POINT('Ctrl Pts',(-1.29208236661976,39.9756751837623,11.5582386022495));
#1565=CARTESIAN_POINT('Ctrl Pts',(0.953803902771593,40.1621066024416,11.4474631160214));
#1566=CARTESIAN_POINT('Ctrl Pts',(2.33369916737143,38.3734148313868,11.3364256310463));
#1567=CARTESIAN_POINT('Ctrl Pts',(1.58050702594952,36.243172240444,11.2253881460712));
#1568=CARTESIAN_POINT('Ctrl Pts',(-0.615834199612476,35.7189630436587,11.1143506610961));
#1569=CARTESIAN_POINT('Ctrl Pts',(-1.72265095901674,36.7737304855933,11.0392212790724));
#1570=CARTESIAN_POINT('Ctrl Pts',(-1.91969789236928,37.4259911469022,11.0011043920403));
#1571=CARTESIAN_POINT('Ctrl Pts',(-1.92510289791903,37.4449789235511,10.9999999999999));
#1572=CARTESIAN_POINT('',(-0.967463311503475,36.2495672703884,10.9999999999999));
#1573=CARTESIAN_POINT('Origin',(-4.6535334287958E-15,37.9999999999998,10.9999999999999));
#1574=CARTESIAN_POINT('Ctrl Pts',(-0.967463311503532,36.2495672703884,10.9999999999999));
#1575=CARTESIAN_POINT('Ctrl Pts',(-0.385928636825533,35.9281533407923,11.0370124949916));
#1576=CARTESIAN_POINT('Ctrl Pts',(0.363480596376904,35.9222501417163,11.0740249899833));
#1577=CARTESIAN_POINT('Ctrl Pts',(0.945475259813452,36.2342007563749,11.1110374849749));
#1578=CARTESIAN_POINT('Ctrl Pts',(1.52746992325001,36.5461513710335,11.1480499799666));
#1579=CARTESIAN_POINT('Ctrl Pts',(1.94205001692067,37.1759557994268,11.1850624749583));
#1580=CARTESIAN_POINT('Ctrl Pts',(1.99684615257733,37.835213562276,11.22207496995));
#1581=CARTESIAN_POINT('Ctrl Pts',(2.05164228823398,38.4944713251251,11.2590874649417));
#1582=CARTESIAN_POINT('Ctrl Pts',(1.74665446587662,39.1831824224301,11.2960999599334));
#1583=CARTESIAN_POINT('Ctrl Pts',(1.22252695983406,39.5868630932225,11.3331124549251));
#1584=CARTESIAN_POINT('Ctrl Pts',(0.698399453791505,39.9905437640148,11.3701249499168));
#1585=CARTESIAN_POINT('Ctrl Pts',(-0.0448677359362334,40.1091940082945,
11.4071374449085));
#1586=CARTESIAN_POINT('Ctrl Pts',(-0.668314991827869,39.8885159257409,11.4441499399002));
#1587=CARTESIAN_POINT('Ctrl Pts',(-1.29176224771951,39.6678378431873,11.4811624348919));
#1588=CARTESIAN_POINT('Ctrl Pts',(-1.79538956977504,39.1078314338004,11.5181749298836));
#1589=CARTESIAN_POINT('Ctrl Pts',(-1.94877092426031,38.4644058228385,11.5551874248753));
#1590=CARTESIAN_POINT('Ctrl Pts',(-1.98477464293843,38.3133723757477,11.5638754916988));
#1591=CARTESIAN_POINT('Ctrl Pts',(-2.0014798984281,38.1577425519963,11.5725635585224));
#1592=CARTESIAN_POINT('Ctrl Pts',(-2.00005211729737,38.0018112993658,11.581251625346));
#1593=CARTESIAN_POINT('Origin',(-4.6535334287958E-15,37.9999999999998,10.9999999999999));
#1594=CARTESIAN_POINT('',(-1.99879514021495,38.0017128159493,12.3687520897306));
#1595=CARTESIAN_POINT('',(-1.99684796665126,37.9995792601029,12.281251625346));
#1596=CARTESIAN_POINT('',(-2.,37.9999999999998,10.9999999999999));
#1597=CARTESIAN_POINT('Ctrl Pts',(-1.99879514021495,38.0017128159493,12.3687520897306));
#1598=CARTESIAN_POINT('Ctrl Pts',(-2.00041317777369,38.1993747073067,12.3577557250944));
#1599=CARTESIAN_POINT('Ctrl Pts',(-1.88272555662572,39.0604596864879,12.3097468654665));
#1600=CARTESIAN_POINT('Ctrl Pts',(-0.648582142808177,40.2724734866507,12.224725510847));
#1601=CARTESIAN_POINT('Ctrl Pts',(1.5558737185105,39.7787760272979,12.1136880258719));
#1602=CARTESIAN_POINT('Ctrl Pts',(2.3385806897875,37.6596402419355,12.0026505408968));
#1603=CARTESIAN_POINT('Ctrl Pts',(0.984289703583792,35.8515191133595,11.8916130559218));
#1604=CARTESIAN_POINT('Ctrl Pts',(-1.26942483084314,36.0066846535155,11.7805755709466));
#1605=CARTESIAN_POINT('Ctrl Pts',(-2.00117422172329,37.3291028097053,11.7062885822163));
#1606=CARTESIAN_POINT('Ctrl Pts',(-2.00330297411049,37.9952279052148,11.6690140884776));
#1607=CARTESIAN_POINT('Ctrl Pts',(-2.00329995970059,37.99991005299,11.6687520897306));
#1608=CARTESIAN_POINT('Ctrl Pts',(-2.00005211729737,38.0018112993658,11.581251625346));
#1609=CARTESIAN_POINT('Ctrl Pts',(-1.99539733218827,37.4934515394799,11.6095760535141));
#1610=CARTESIAN_POINT('Ctrl Pts',(-1.79801378359886,36.9818880131015,11.6379004816822));
#1611=CARTESIAN_POINT('Ctrl Pts',(-1.44828450222012,36.6159443465607,11.6662249098504));
#1612=CARTESIAN_POINT('Ctrl Pts',(-0.991281338779624,36.1377532937817,11.7032374048421));
#1613=CARTESIAN_POINT('Ctrl Pts',(-0.274139624983617,35.9082160007607,11.7402498998337));
#1614=CARTESIAN_POINT('Ctrl Pts',(0.375559938710566,36.0322185466132,11.7772623948254));
#1615=CARTESIAN_POINT('Ctrl Pts',(1.02525950240475,36.1562210924657,11.8142748898171));
#1616=CARTESIAN_POINT('Ctrl Pts',(1.60751691599711,36.6337634771918,11.8512873848088));
#1617=CARTESIAN_POINT('Ctrl Pts',(1.85625914969755,37.2466517875232,11.8882998798005));
#1618=CARTESIAN_POINT('Ctrl Pts',(2.105001383398,37.8595400978546,11.9253123747922));
#1619=CARTESIAN_POINT('Ctrl Pts',(2.02022843720652,38.6077743337912,11.9623248697839));
#1620=CARTESIAN_POINT('Ctrl Pts',(1.6406932244722,39.1494899560758,11.9993373647756));
#1621=CARTESIAN_POINT('Ctrl Pts',(1.26115801173788,39.6912055783604,12.0363498597673));
#1622=CARTESIAN_POINT('Ctrl Pts',(0.586860532460706,40.0264025869931,12.073362354759));
#1623=CARTESIAN_POINT('Ctrl Pts',(-0.074123736812424,40.0019285371741,12.1103748497507));
#1624=CARTESIAN_POINT('Ctrl Pts',(-0.735108006085554,39.9774544873552,12.1473873447424));
#1625=CARTESIAN_POINT('Ctrl Pts',(-1.38277906535464,39.5933093790847,12.1843998397341));
#1626=CARTESIAN_POINT('Ctrl Pts',(-1.72121173769047,39.0250093013395,12.2214123347258));
#1627=CARTESIAN_POINT('Ctrl Pts',(-1.90359673172929,38.7187462990813,12.2413587649325));
#1628=CARTESIAN_POINT('Ctrl Pts',(-1.99617124124761,38.3590001338841,12.2613051951392));
#1629=CARTESIAN_POINT('Ctrl Pts',(-1.99684796665126,37.9995792601029,12.281251625346));
#1630=CARTESIAN_POINT('Origin',(-4.6535334287958E-15,37.9999999999998,10.9999999999999));
#1631=CARTESIAN_POINT('',(-1.99730859771191,37.9989601701784,13.0687520897306));
#1632=CARTESIAN_POINT('',(-2.00153289929177,37.9984319379082,12.981251625346));
#1633=CARTESIAN_POINT('',(-2.,37.9999999999998,10.9999999999999));
#1634=CARTESIAN_POINT('Ctrl Pts',(-1.99730859771191,37.9989601701784,13.0687520897306));
#1635=CARTESIAN_POINT('Ctrl Pts',(-1.99541609454704,38.3997433851587,13.0464973617112));
#1636=CARTESIAN_POINT('Ctrl Pts',(-1.68415887438368,39.4697865990236,12.9872301387002));
#1637=CARTESIAN_POINT('Ctrl Pts',(0.0594232667506866,40.3624695973146,12.8909504206975));
#1638=CARTESIAN_POINT('Ctrl Pts',(2.01596102817564,39.2331645131871,12.7799129357224));
#1639=CARTESIAN_POINT('Ctrl Pts',(2.13031887717873,36.976996921596,12.6688754507473));
#1640=CARTESIAN_POINT('Ctrl Pts',(0.297996690879396,35.6556468192133,12.5578379657723));
#1641=CARTESIAN_POINT('Ctrl Pts',(-1.5982061446528,36.39526327641,12.4577968454333));
#1642=CARTESIAN_POINT('Ctrl Pts',(-1.99496704998319,37.5340675802715,12.3947682200861));
#1643=CARTESIAN_POINT('Ctrl Pts',(-1.99879514021495,38.0017128159493,12.3687520897306));
#1644=CARTESIAN_POINT('Ctrl Pts',(-1.99684796665126,37.9995792601029,12.281251625346));
#1645=CARTESIAN_POINT('Ctrl Pts',(-1.99742696948338,37.6920605786422,12.2983176901309));
#1646=CARTESIAN_POINT('Ctrl Pts',(-1.93073286995491,37.3847800243892,12.3153837549159));
#1647=CARTESIAN_POINT('Ctrl Pts',(-1.79545832546477,37.1114395560249,12.3324498197009));
#1648=CARTESIAN_POINT('Ctrl Pts',(-1.50207795550068,36.5186249356752,12.3694623146926));
#1649=CARTESIAN_POINT('Ctrl Pts',(-0.886122930169916,36.0854507421959,12.4064748096843));
#1650=CARTESIAN_POINT('Ctrl Pts',(-0.229021019200761,36.0098338781206,12.4434873046759));
#1651=CARTESIAN_POINT('Ctrl Pts',(0.428080891768388,35.9342170140454,12.4804997996676));
#1652=CARTESIAN_POINT('Ctrl Pts',(1.12632968837593,36.2161574793743,12.5175122946593));
#1653=CARTESIAN_POINT('Ctrl Pts',(1.54669575075698,36.7268369527293,12.554524789651));
#1654=CARTESIAN_POINT('Ctrl Pts',(1.96706181313804,37.2375164260843,12.5915372846427));
#1655=CARTESIAN_POINT('Ctrl Pts',(2.1095451412926,37.9769349074655,12.6285497796344));
#1656=CARTESIAN_POINT('Ctrl Pts',(1.90904561060505,38.6072530903981,12.6655622746261));
#1657=CARTESIAN_POINT('Ctrl Pts',(1.70854607991749,39.2375712733307,12.7025747696178));
#1658=CARTESIAN_POINT('Ctrl Pts',(1.16506369038781,39.7587891578148,12.7395872646095));
#1659=CARTESIAN_POINT('Ctrl Pts',(0.526914681736014,39.9327629432205,12.7765997596012));
#1660=CARTESIAN_POINT('Ctrl Pts',(-0.111234326915775,40.1067367286261,12.8136122545929));
#1661=CARTESIAN_POINT('Ctrl Pts',(-0.844049954689676,39.9334664149534,12.8506247495846));
#1662=CARTESIAN_POINT('Ctrl Pts',(-1.33670960525679,39.4921189958782,12.8876372445763));
#1663=CARTESIAN_POINT('Ctrl Pts',(-1.75206508749231,39.1200242447202,12.9188420381662));
#1664=CARTESIAN_POINT('Ctrl Pts',(-1.99671829621459,38.5573809513136,12.9500468317561));
#1665=CARTESIAN_POINT('Ctrl Pts',(-2.00153289929177,37.9984319379082,12.981251625346));
#1666=CARTESIAN_POINT('Origin',(-4.6535334287958E-15,37.9999999999998,10.9999999999999));
#1667=CARTESIAN_POINT('',(-2.00257010722884,37.9989235237148,13.7687520897306));
#1668=CARTESIAN_POINT('',(-2.00171087528141,38.001507738467,13.681251625346));
#1669=CARTESIAN_POINT('',(-2.,37.9999999999998,10.9999999999999));
#1670=CARTESIAN_POINT('Ctrl Pts',(-2.00257010722884,37.9989235237148,13.7687520897306));
#1671=CARTESIAN_POINT('Ctrl Pts',(-1.99866733736433,38.5984061141351,13.7352389983281));
#1672=CARTESIAN_POINT('Ctrl Pts',(-1.39431184839446,39.8667944771847,13.6647134119339));
#1673=CARTESIAN_POINT('Ctrl Pts',(0.762009473451949,40.2369924589383,13.557175330548));
#1674=CARTESIAN_POINT('Ctrl Pts',(2.29217749744126,38.5750791365767,13.4461378455729));
#1675=CARTESIAN_POINT('Ctrl Pts',(1.72775964001837,36.3876599864091,13.3351003605978));
#1676=CARTESIAN_POINT('Ctrl Pts',(-0.415480518833338,35.6735929768312,13.2240628756227));
#1677=CARTESIAN_POINT('Ctrl Pts',(-1.8255904656814,36.8024306347323,13.135280118667));
#1678=CARTESIAN_POINT('Ctrl Pts',(-1.99856357241559,37.7331889916684,13.0835098567029));
#1679=CARTESIAN_POINT('Ctrl Pts',(-1.99730859771191,37.9989601701784,13.0687520897306));
#1680=CARTESIAN_POINT('Ctrl Pts',(-2.00153289929177,37.9984319379082,12.981251625346));
#1681=CARTESIAN_POINT('Ctrl Pts',(-2.00242897242104,37.894402761771,12.9870593267478));
#1682=CARTESIAN_POINT('Ctrl Pts',(-1.9950172649074,37.7905015519709,12.9928670281496));
#1683=CARTESIAN_POINT('Ctrl Pts',(-1.97885206382309,37.6879805666815,12.9986747295514));
#1684=CARTESIAN_POINT('Ctrl Pts',(-1.87583119846195,37.0346140810376,13.0356872245431));
#1685=CARTESIAN_POINT('Ctrl Pts',(-1.41728579437934,36.4373056342272,13.0726997195348));
#1686=CARTESIAN_POINT('Ctrl Pts',(-0.812724634386666,36.1689646875718,13.1097122145265));
#1687=CARTESIAN_POINT('Ctrl Pts',(-0.208163474393991,35.9006237409164,13.1467247095182));
#1688=CARTESIAN_POINT('Ctrl Pts',(0.542413441508748,35.961250294416,13.1837372045099));
#1689=CARTESIAN_POINT('Ctrl Pts',(1.09606847871677,36.3231441525862,13.2207496995015));
#1690=CARTESIAN_POINT('Ctrl Pts',(1.6497235159248,36.6850380107564,13.2577621944932));
#1691=CARTESIAN_POINT('Ctrl Pts',(2.0064566744381,37.3481991735973,13.2947746894849));
#1692=CARTESIAN_POINT('Ctrl Pts',(2.00327703965741,38.0096301623729,13.3317871844766));
#1693=CARTESIAN_POINT('Ctrl Pts',(2.00009740487672,38.6710611511485,13.3687996794683));
#1694=CARTESIAN_POINT('Ctrl Pts',(1.63700497680204,39.3307619658587,13.40581217446));
#1695=CARTESIAN_POINT('Ctrl Pts',(1.07989621468344,39.6873161550709,13.4428246694517));
#1696=CARTESIAN_POINT('Ctrl Pts',(0.522787452564834,40.043870344283,13.4798371644434));
#1697=CARTESIAN_POINT('Ctrl Pts',(-0.228337643597692,40.0972779079971,13.5168496594351));
#1698=CARTESIAN_POINT('Ctrl Pts',(-0.830290985412095,39.8231369997766,13.5538621544268));
#1699=CARTESIAN_POINT('Ctrl Pts',(-1.4322443272265,39.5489960915561,13.5908746494185));
#1700=CARTESIAN_POINT('Ctrl Pts',(-1.88502591469277,38.947306711401,13.6278871444102));
#1701=CARTESIAN_POINT('Ctrl Pts',(-1.98176042535616,38.2929799599013,13.6648996394019));
#1702=CARTESIAN_POINT('Ctrl Pts',(-1.99600607725498,38.1966202319611,13.6703503013832));
#1703=CARTESIAN_POINT('Ctrl Pts',(-2.00253009533944,38.0991189513079,13.6758009633646));
#1704=CARTESIAN_POINT('Ctrl Pts',(-2.00171087528141,38.001507738467,13.681251625346));
#1705=CARTESIAN_POINT('Origin',(-4.6535334287958E-15,37.9999999999998,10.9999999999999));
#1706=CARTESIAN_POINT('',(-2.00050009207132,38.0017848834665,14.4687520897306));
#1707=CARTESIAN_POINT('',(-1.99689278780986,38.0005223720233,14.381251625346));
#1708=CARTESIAN_POINT('',(-2.,37.9999999999998,10.9999999999999));
#1709=CARTESIAN_POINT('Ctrl Pts',(-2.00050009207132,38.0017848834665,14.4687520897306));
#1710=CARTESIAN_POINT('Ctrl Pts',(-2.00178095130041,38.1409509170595,14.4609931299366));
#1711=CARTESIAN_POINT('Ctrl Pts',(-1.92510970502148,38.9425777643417,14.4162216751509));
#1712=CARTESIAN_POINT('Ctrl Pts',(-0.843975426167856,40.2073736242718,14.3344377253736));
#1713=CARTESIAN_POINT('Ctrl Pts',(1.3950950970233,39.907486181942,14.2234002403985));
#1714=CARTESIAN_POINT('Ctrl Pts',(2.3593314909392,37.8645425057434,14.1123627554234));
#1715=CARTESIAN_POINT('Ctrl Pts',(1.16761677250354,35.9453796807496,14.0013252704483));
#1716=CARTESIAN_POINT('Ctrl Pts',(-1.09106309634538,35.9037235290491,13.8902877854733));
#1717=CARTESIAN_POINT('Ctrl Pts',(-1.9719380857529,37.2120582306176,13.8127633919007));
#1718=CARTESIAN_POINT('Ctrl Pts',(-2.00297763056674,37.9363261493518,13.7722514933198));
#1719=CARTESIAN_POINT('Ctrl Pts',(-2.00257010722884,37.9989235237148,13.7687520897306));
#1720=CARTESIAN_POINT('Ctrl Pts',(-2.00171087528141,38.001507738467,13.681251625346));
#1721=CARTESIAN_POINT('Ctrl Pts',(-1.99696721538125,37.4362940432944,13.7128134583563));
#1722=CARTESIAN_POINT('Ctrl Pts',(-1.74600909996194,36.8673943865295,13.7443752913666));
#1723=CARTESIAN_POINT('Ctrl Pts',(-1.3223023036366,36.4950985881296,13.775937124377));
#1724=CARTESIAN_POINT('Ctrl Pts',(-0.825422237393172,36.0585080907021,13.8129496193687));
#1725=CARTESIAN_POINT('Ctrl Pts',(-0.0909746710458235,35.8922912186916,
13.8499621143604));
#1726=CARTESIAN_POINT('Ctrl Pts',(0.54547225034201,36.0723922438023,13.8869746093521));
#1727=CARTESIAN_POINT('Ctrl Pts',(1.18191917172984,36.252493268913,13.9239871043437));
#1728=CARTESIAN_POINT('Ctrl Pts',(1.72036544815815,36.778912191145,13.9609995993354));
#1729=CARTESIAN_POINT('Ctrl Pts',(1.91479567008948,37.411128889443,13.9980120943271));
#1730=CARTESIAN_POINT('Ctrl Pts',(2.10922589202081,38.0433455877411,14.0350245893188));
#1731=CARTESIAN_POINT('Ctrl Pts',(1.95964005945515,38.7813600621052,14.0720370843105));
#1732=CARTESIAN_POINT('Ctrl Pts',(1.53438374774377,39.2879744412668,14.1090495793022));
#1733=CARTESIAN_POINT('Ctrl Pts',(1.10912743603238,39.7945888204283,14.1460620742939));
#1734=CARTESIAN_POINT('Ctrl Pts',(0.408200645175278,40.0698031043873,14.1830745692856));
#1735=CARTESIAN_POINT('Ctrl Pts',(-0.248144081633756,39.9878722624994,14.2200870642773));
#1736=CARTESIAN_POINT('Ctrl Pts',(-0.904488808442789,39.9059414206115,14.257099559269));
#1737=CARTESIAN_POINT('Ctrl Pts',(-1.51625147120375,39.4668654528766,14.2941120542607));
#1738=CARTESIAN_POINT('Ctrl Pts',(-1.80391849270199,38.8712575614216,14.3311245492524));
#1739=CARTESIAN_POINT('Ctrl Pts',(-1.93378370605306,38.602374651262,14.3478335746169));
#1740=CARTESIAN_POINT('Ctrl Pts',(-1.99759802488474,38.3015904370852,14.3645425999814));
#1741=CARTESIAN_POINT('Ctrl Pts',(-1.99689278780986,38.0005223720233,14.381251625346));
#1742=CARTESIAN_POINT('Origin',(-4.6535334287958E-15,37.9999999999998,10.9999999999999));
#1743=CARTESIAN_POINT('',(-1.99677080866033,37.999841303582,15.1687520897306));
#1744=CARTESIAN_POINT('',(-1.99980260450124,37.9981781800118,15.081251625346));
#1745=CARTESIAN_POINT('',(-2.,37.9999999999998,10.9999999999999));
#1746=CARTESIAN_POINT('Ctrl Pts',(-1.99677080866033,37.999841303582,15.1687520897306));
#1747=CARTESIAN_POINT('Ctrl Pts',(-1.99654299254625,38.3425552072168,15.1497347665534));
#1748=CARTESIAN_POINT('Ctrl Pts',(-1.74994913422502,39.3525935525483,15.0937049483846));
#1749=CARTESIAN_POINT('Ctrl Pts',(-0.146487889419839,40.358662072011,15.0006626352241));
#1750=CARTESIAN_POINT('Ctrl Pts',(1.90093550655377,39.4040087395605,14.889625150249));
#1751=CARTESIAN_POINT('Ctrl Pts',(2.21129953567114,37.1663581277925,14.7785876652739));
#1752=CARTESIAN_POINT('Ctrl Pts',(0.500978437559478,35.690496203003,14.6675501802988));
#1753=CARTESIAN_POINT('Ctrl Pts',(-1.51563181251106,36.2807078526971,14.5642716551177));
#1754=CARTESIAN_POINT('Ctrl Pts',(-1.99567088022636,37.4770884589266,14.4980056249283));
#1755=CARTESIAN_POINT('Ctrl Pts',(-2.00050009207132,38.0017848834665,14.4687520897306));
#1756=CARTESIAN_POINT('Ctrl Pts',(-1.99689278780986,38.0005223720233,14.381251625346));
#1757=CARTESIAN_POINT('Ctrl Pts',(-1.99603584018918,37.6346885677565,14.4015550949731));
#1758=CARTESIAN_POINT('Ctrl Pts',(-1.8999147082719,37.2684356529943,14.4218585646003));
#1759=CARTESIAN_POINT('Ctrl Pts',(-1.71127683485504,36.9584899083518,14.4421620342275));
#1760=CARTESIAN_POINT('Ctrl Pts',(-1.36739677527433,36.3934699619124,14.4791745292192));
#1761=CARTESIAN_POINT('Ctrl Pts',(-0.71606527587739,36.0155698842089,14.5161870242109));
#1762=CARTESIAN_POINT('Ctrl Pts',(-0.0548748341312264,35.9974515706858,
14.5531995192026));
#1763=CARTESIAN_POINT('Ctrl Pts',(0.60631560761494,35.9793332571628,14.5902120141942));
#1764=CARTESIAN_POINT('Ctrl Pts',(1.27736499171033,36.3209967078203,14.6272245091859));
#1765=CARTESIAN_POINT('Ctrl Pts',(1.65167167254255,36.8663366564691,14.6642370041776));
#1766=CARTESIAN_POINT('Ctrl Pts',(2.02597835337476,37.4116766051179,14.7012494991693));
#1767=CARTESIAN_POINT('Ctrl Pts',(2.1035423309438,38.160693051758,14.738261994161));
#1768=CARTESIAN_POINT('Ctrl Pts',(1.84892481959197,38.771160704009,14.7752744891527));
#1769=CARTESIAN_POINT('Ctrl Pts',(1.59430730824015,39.3816283562601,14.8122869841444));
#1770=CARTESIAN_POINT('Ctrl Pts',(1.00750830796747,39.853547214122,14.8492994791361));
#1771=CARTESIAN_POINT('Ctrl Pts',(0.356635334300371,39.9712994443781,14.8863119741278));
#1772=CARTESIAN_POINT('Ctrl Pts',(-0.294237639366723,40.0890516746342,14.9233244691195));
#1773=CARTESIAN_POINT('Ctrl Pts',(-1.00918458642823,39.8526372772844,14.9603369641112));
#1774=CARTESIAN_POINT('Ctrl Pts',(-1.46154678996957,39.3700711275425,14.9973494591029));
#1775=CARTESIAN_POINT('Ctrl Pts',(-1.80336080721,39.0054343985314,15.0253168478506));
#1776=CARTESIAN_POINT('Ctrl Pts',(-1.99524894517637,38.5002544017832,15.0532842365983));
#1777=CARTESIAN_POINT('Ctrl Pts',(-1.99980260450124,37.9981781800118,15.081251625346));
#1778=CARTESIAN_POINT('Origin',(-4.6535334287958E-15,37.9999999999998,10.9999999999999));
#1779=CARTESIAN_POINT('',(-2.00058116016519,37.9976717310115,15.8687520897306));
#1780=CARTESIAN_POINT('',(-2.00297766590945,38.0006424289686,15.781251625346));
#1781=CARTESIAN_POINT('',(-2.,37.9999999999998,10.9999999999999));
#1782=CARTESIAN_POINT('Ctrl Pts',(-2.00058116016519,37.9976717310116,15.8687520897306));
#1783=CARTESIAN_POINT('Ctrl Pts',(-1.99566272368863,38.5400577752352,15.8384764031703));
#1784=CARTESIAN_POINT('Ctrl Pts',(-1.48852028318068,39.7561887948149,15.7711882216183));
#1785=CARTESIAN_POINT('Ctrl Pts',(0.564717085113159,40.2942266608569,15.6668875450746));
#1786=CARTESIAN_POINT('Ctrl Pts',(2.23321835664432,38.7727755219778,15.5558500600995));
#1787=CARTESIAN_POINT('Ctrl Pts',(1.86167163631759,36.5440572955569,15.4448125751245));
#1788=CARTESIAN_POINT('Ctrl Pts',(-0.211397745552318,35.646330983668,15.3337750901493));
#1789=CARTESIAN_POINT('Ctrl Pts',(-1.76918587122291,36.6845411592873,15.2417549283514));
#1790=CARTESIAN_POINT('Ctrl Pts',(-1.99698638001476,37.6755477359905,15.1867472615451));
#1791=CARTESIAN_POINT('Ctrl Pts',(-1.99677080866033,37.999841303582,15.1687520897306));
#1792=CARTESIAN_POINT('Ctrl Pts',(-1.99980260450124,37.9981781800118,15.081251625346));
#1793=CARTESIAN_POINT('Ctrl Pts',(-2.00127533163941,37.8357986025161,15.09029673159));
#1794=CARTESIAN_POINT('Ctrl Pts',(-1.98315324129359,37.6737436737696,15.099341837834));
#1795=CARTESIAN_POINT('Ctrl Pts',(-1.94417084932044,37.5168727859406,15.108386944078));
#1796=CARTESIAN_POINT('Ctrl Pts',(-1.78465524510882,36.8749584962149,15.1453994390697));
#1797=CARTESIAN_POINT('Ctrl Pts',(-1.27584657666444,36.3198478188976,15.1824119340614));
#1798=CARTESIAN_POINT('Ctrl Pts',(-0.650217362169456,36.105159954539,15.2194244290531));
#1799=CARTESIAN_POINT('Ctrl Pts',(-0.0245881476744737,35.8904720901803,
15.2564369240448));
#1800=CARTESIAN_POINT('Ctrl Pts',(0.717861612871111,36.0162070387803,15.2934494190364));
#1801=CARTESIAN_POINT('Ctrl Pts',(1.23790458209817,36.4249368883443,15.3304619140281));
#1802=CARTESIAN_POINT('Ctrl Pts',(1.75794755132522,36.8336667379083,15.3674744090198));
#1803=CARTESIAN_POINT('Ctrl Pts',(2.05558372923375,37.5253914884365,15.4044869040115));
#1804=CARTESIAN_POINT('Ctrl Pts',(1.99482950651421,38.1840227045689,15.4414993990032));
#1805=CARTESIAN_POINT('Ctrl Pts',(1.93407528379468,38.8426539207013,15.4785118939949));
#1806=CARTESIAN_POINT('Ctrl Pts',(1.51493066044708,39.468191602438,15.5155243889866));
#1807=CARTESIAN_POINT('Ctrl Pts',(0.92889036844704,39.7749086552815,15.5525368839783));
#1808=CARTESIAN_POINT('Ctrl Pts',(0.342850076446998,40.081625708125,15.58954937897));
#1809=CARTESIAN_POINT('Ctrl Pts',(-0.410085884205491,40.0695221320753,15.6265618739617));
#1810=CARTESIAN_POINT('Ctrl Pts',(-0.985878330679243,39.7439681191539,15.6635743689534));
#1811=CARTESIAN_POINT('Ctrl Pts',(-1.561670777153,39.4184141062325,15.7005868639451));
#1812=CARTESIAN_POINT('Ctrl Pts',(-1.96031970944801,38.7794096564395,15.7375993589368));
#1813=CARTESIAN_POINT('Ctrl Pts',(-1.99973013745898,38.1192338350386,15.7746118539285));
#1814=CARTESIAN_POINT('Ctrl Pts',(-2.00208678515788,38.079756927304,15.7768251110676));
#1815=CARTESIAN_POINT('Ctrl Pts',(-2.003158886139,38.0402043160587,15.7790383682068));
#1816=CARTESIAN_POINT('Ctrl Pts',(-2.00297766590945,38.0006424289686,15.781251625346));
#1817=CARTESIAN_POINT('Origin',(-32.9089653438082,-19.0000000000004,10.9999999999999));
#1818=CARTESIAN_POINT('',(-31.907233603382,-20.7348710957068,11.6687520897306));
#1819=CARTESIAN_POINT('',(-31.910506624074,-20.7330075528039,11.581251625346));
#1820=CARTESIAN_POINT('',(-31.9089653438082,-20.7320508075692,10.9999999999999));
#1821=CARTESIAN_POINT('',(-31.4657547589862,-20.3896852820486,10.9999999999998));
#1822=CARTESIAN_POINT('Ctrl Pts',(-31.907233603382,-20.7348710957068,11.6687520897306));
#1823=CARTESIAN_POINT('Ctrl Pts',(-32.4762211011426,-21.0628881990681,11.6320015934859));
#1824=CARTESIAN_POINT('Ctrl Pts',(-33.9739104863584,-21.1068232791927,11.5582386022495));
#1825=CARTESIAN_POINT('Ctrl Pts',(-35.2583224767432,-19.2550355477169,11.4474631160214));
#1826=CARTESIAN_POINT('Ctrl Pts',(-34.399197862076,-17.1656568435013,11.3364256310463));
#1827=CARTESIAN_POINT('Ctrl Pts',(-32.1777761660118,-16.7528184100372,11.2253881460712));
#1828=CARTESIAN_POINT('Ctrl Pts',(-30.6255714053103,-18.3928014190338,11.1143506610962));
#1829=CARTESIAN_POINT('Ctrl Pts',(-30.9856773663208,-19.878738114895,11.0392212790723));
#1830=CARTESIAN_POINT('Ctrl Pts',(-31.4520138162085,-20.3755106909923,11.0011043920402));
#1831=CARTESIAN_POINT('Ctrl Pts',(-31.4657547589862,-20.3896852820486,10.9999999999998));
#1832=CARTESIAN_POINT('',(-30.9093144765973,-18.9626314401861,10.9999999999999));
#1833=CARTESIAN_POINT('Origin',(-32.9089653438082,-19.0000000000004,10.9999999999999));
#1834=CARTESIAN_POINT('Ctrl Pts',(-30.9093144765973,-18.9626314401862,10.9999999999999));
#1835=CARTESIAN_POINT('Ctrl Pts',(-30.9217291857758,-18.2983006739354,11.0370124949915));
#1836=CARTESIAN_POINT('Ctrl Pts',(-31.2913800237892,-17.6463364930564,11.0740249899832));
#1837=CARTESIAN_POINT('Ctrl Pts',(-31.8525360265579,-17.2982881095888,11.1110374849749));
#1838=CARTESIAN_POINT('Ctrl Pts',(-32.4136920293266,-16.9502397261212,11.1480499799666));
#1839=CARTESIAN_POINT('Ctrl Pts',(-33.1663531968505,-16.9061071400649,11.1850624749583));
#1840=CARTESIAN_POINT('Ctrl Pts',(-33.764672236923,-17.1882816011012,11.22207496995));
#1841=CARTESIAN_POINT('Ctrl Pts',(-34.3629912769955,-17.4704560621374,11.2590874649417));
#1842=CARTESIAN_POINT('Ctrl Pts',(-34.8069681896166,-18.0789375702663,11.2960999599334));
#1843=CARTESIAN_POINT('Ctrl Pts',(-34.8945087395198,-18.7346884598558,11.3331124549251));
#1844=CARTESIAN_POINT('Ctrl Pts',(-34.9820492894229,-19.3904393494454,11.3701249499168));
#1845=CARTESIAN_POINT('Ctrl Pts',(-34.7131534766082,-20.0934596204957,11.4071374449085));
#1846=CARTESIAN_POINT('Ctrl Pts',(-34.2103115401443,-20.5230439516294,11.4441499399002));
#1847=CARTESIAN_POINT('Ctrl Pts',(-33.7074696036804,-20.9526282827631,11.4811624348919));
#1848=CARTESIAN_POINT('Ctrl Pts',(-32.9706815435673,-21.1087766739801,11.5181749298836));
#1849=CARTESIAN_POINT('Ctrl Pts',(-32.3367672104697,-20.9198947434778,11.5551874248753));
#1850=CARTESIAN_POINT('Ctrl Pts',(-32.1879663774645,-20.8755578557772,11.5638754916988));
#1851=CARTESIAN_POINT('Ctrl Pts',(-32.0448338604934,-20.8122098856398,11.5725635585224));
#1852=CARTESIAN_POINT('Ctrl Pts',(-31.910506624074,-20.7330075528039,11.581251625346));
#1853=CARTESIAN_POINT('Origin',(-32.9089653438082,-19.0000000000004,10.9999999999999));
#1854=CARTESIAN_POINT('',(-31.9110468080321,-20.7318712706394,12.3687520897306));
#1855=CARTESIAN_POINT('',(-31.9101728865309,-20.7291178358414,12.281251625346));
#1856=CARTESIAN_POINT('',(-31.9089653438082,-20.7320508075692,10.9999999999999));
#1857=CARTESIAN_POINT('Ctrl Pts',(-31.9110468080321,-20.7318712706394,12.3687520897306));
#1858=CARTESIAN_POINT('Ctrl Pts',(-32.0814187475951,-20.832103911408,12.3577557250944));
#1859=CARTESIAN_POINT('Ctrl Pts',(-32.8859875080479,-21.160727354008,12.3097468654666));
#1860=CARTESIAN_POINT('Ctrl Pts',(-34.5527010777593,-20.6979327311726,12.224725510847));
#1861=CARTESIAN_POINT('Ctrl Pts',(-35.2273776186424,-18.5419598224876,12.1136880258719));
#1862=CARTESIAN_POINT('Ctrl Pts',(-33.7834989974079,-16.8045404028269,12.0026505408968));
#1863=CARTESIAN_POINT('Ctrl Pts',(-31.5404657644584,-17.0733312037279,11.8916130559218));
#1864=CARTESIAN_POINT('Ctrl Pts',(-30.5479800162629,-19.1026971219285,11.7805755709466));
#1865=CARTESIAN_POINT('Ctrl Pts',(-31.3273582363528,-20.3976250329345,11.7062885822163));
#1866=CARTESIAN_POINT('Ctrl Pts',(-31.90317722247,-20.7325326219756,11.6690140884776));
#1867=CARTESIAN_POINT('Ctrl Pts',(-31.907233603382,-20.7348710957068,11.6687520897306));
#1868=CARTESIAN_POINT('Ctrl Pts',(-31.910506624074,-20.7330075528039,11.581251625346));
#1869=CARTESIAN_POINT('Ctrl Pts',(-31.4725792650593,-20.4747958202379,11.6095760535141));
#1870=CARTESIAN_POINT('Ctrl Pts',(-31.1282396965702,-20.048074434124,11.6379004816822));
#1871=CARTESIAN_POINT('Ctrl Pts',(-30.9861864311182,-19.5622264423182,11.6662249098504));
#1872=CARTESIAN_POINT('Ctrl Pts',(-30.8005605909465,-18.9273523238825,11.7032374048421));
#1873=CARTESIAN_POINT('Ctrl Pts',(-30.9603495166852,-18.1915163392328,11.7402498998338));
#1874=CARTESIAN_POINT('Ctrl Pts',(-31.3925910244094,-17.6908589452602,11.7772623948254));
#1875=CARTESIAN_POINT('Ctrl Pts',(-31.8248325321337,-17.1902015512876,11.8142748898171));
#1876=CARTESIAN_POINT('Ctrl Pts',(-32.5295266218435,-16.9247227479919,11.8512873848088));
#1877=CARTESIAN_POINT('Ctrl Pts',(-33.1846769832377,-17.0157503553227,11.8882998798005));
#1878=CARTESIAN_POINT('Ctrl Pts',(-33.8398273446319,-17.1067779626535,11.9253123747922));
#1879=CARTESIAN_POINT('Ctrl Pts',(-34.4454339777105,-17.5543119806107,11.9623248697839));
#1880=CARTESIAN_POINT('Ctrl Pts',(-34.7248071912525,-18.1538593099914,11.9993373647756));
#1881=CARTESIAN_POINT('Ctrl Pts',(-35.0041804047946,-18.753406639372,12.0363498597673));
#1882=CARTESIAN_POINT('Ctrl Pts',(-34.9573201988001,-19.504967280176,12.073362354759));
#1883=CARTESIAN_POINT('Ctrl Pts',(-34.6056313654153,-20.0651618052227,12.1103748497507));
#1884=CARTESIAN_POINT('Ctrl Pts',(-34.2539425320306,-20.6253563302693,12.1473873447424));
#1885=CARTESIAN_POINT('Ctrl Pts',(-33.5974250712555,-20.9941847395586,12.1843998397341));
#1886=CARTESIAN_POINT('Ctrl Pts',(-32.9360437397757,-21.0031259950229,12.2214123347258));
#1887=CARTESIAN_POINT('Ctrl Pts',(-32.5796182523462,-21.0079445334143,12.2413587649325));
#1888=CARTESIAN_POINT('Ctrl Pts',(-32.2217801764313,-20.9082429312815,12.2613051951392));
#1889=CARTESIAN_POINT('Ctrl Pts',(-31.9101728865309,-20.7291178358414,12.281251625346));
#1890=CARTESIAN_POINT('Origin',(-32.9089653438082,-19.0000000000004,10.9999999999999));
#1891=CARTESIAN_POINT('',(-31.9094061983084,-20.7292075566695,13.0687520897306));
#1892=CARTESIAN_POINT('',(-31.9068367596838,-20.732601486053,12.981251625346));
#1893=CARTESIAN_POINT('',(-31.9089653438082,-20.7320508075692,10.9999999999999));
#1894=CARTESIAN_POINT('Ctrl Pts',(-31.9094061983084,-20.7292075566695,13.0687520897306));
#1895=CARTESIAN_POINT('Ctrl Pts',(-32.2574424024752,-20.9279610688171,13.0464973617112));
#1896=CARTESIAN_POINT('Ctrl Pts',(-33.3397603052487,-21.1934271652292,12.9872301387002));
#1897=CARTESIAN_POINT('Ctrl Pts',(-34.9846446492974,-20.1297776322374,12.8909504206975));
#1898=CARTESIAN_POINT('Ctrl Pts',(-34.9849066446928,-17.8707039025095,12.7799129357224));
#1899=CARTESIAN_POINT('Ctrl Pts',(-33.0881788980006,-16.6435779948551,12.6688754507473));
#1900=CARTESIAN_POINT('Ctrl Pts',(-31.0276861459432,-17.5697445084433,12.5578379657723));
#1901=CARTESIAN_POINT('Ctrl Pts',(-30.7201100063925,-19.5817212850004,12.4577968454333));
#1902=CARTESIAN_POINT('Ctrl Pts',(-31.5079664505454,-20.4947324038961,12.3947682200861));
#1903=CARTESIAN_POINT('Ctrl Pts',(-31.9110468080321,-20.7318712706394,12.3687520897306));
#1904=CARTESIAN_POINT('Ctrl Pts',(-31.9101728865309,-20.7291178358414,12.281251625346));
#1905=CARTESIAN_POINT('Ctrl Pts',(-31.6435632655715,-20.5758593102952,12.2983176901309));
#1906=CARTESIAN_POINT('Ctrl Pts',(-31.4107965542071,-20.3644593959596,12.3153837549159));
#1907=CARTESIAN_POINT('Ctrl Pts',(-31.2417133241111,-20.1106369269409,12.3324498197009));
#1908=CARTESIAN_POINT('Ctrl Pts',(-30.8750094421111,-19.5601525017554,12.3694623146926));
#1909=CARTESIAN_POINT('Ctrl Pts',(-30.8078468802958,-18.8101295497451,12.4064748096843));
#1910=CARTESIAN_POINT('Ctrl Pts',(-31.070912814703,-18.2032516443195,12.443487304676));
#1911=CARTESIAN_POINT('Ctrl Pts',(-31.3339787491101,-17.5963737388938,12.4804997996676));
#1912=CARTESIAN_POINT('Ctrl Pts',(-31.9272731797396,-17.1326408800528,12.5175122946593));
#1913=CARTESIAN_POINT('Ctrl Pts',(-32.5797203041975,-17.02393248333,12.554524789651));
#1914=CARTESIAN_POINT('Ctrl Pts',(-33.2321674286555,-16.9152240866073,12.5915372846427));
#1915=CARTESIAN_POINT('Ctrl Pts',(-33.9437672469419,-17.1615401520028,12.6285497796344));
#1916=CARTESIAN_POINT('Ctrl Pts',(-34.389390890994,-17.6503389527062,12.6655622746261));
#1917=CARTESIAN_POINT('Ctrl Pts',(-34.8350145350461,-18.1391377534095,12.7025747696178));
#1918=CARTESIAN_POINT('Ctrl Pts',(-35.0146620048639,-18.8704192894207,12.7395872646095));
#1919=CARTESIAN_POINT('Ctrl Pts',(-34.846252518365,-19.5100620873362,12.7765997596012));
#1920=CARTESIAN_POINT('Ctrl Pts',(-34.6778430318662,-20.1497048852517,12.8136122545929));
#1921=CARTESIAN_POINT('Ctrl Pts',(-34.1613765890507,-20.6977089450715,12.8506247495846));
#1922=CARTESIAN_POINT('Ctrl Pts',(-33.5328260834582,-20.9036918609392,12.8876372445763));
#1923=CARTESIAN_POINT('Ctrl Pts',(-33.002902640247,-21.0773536033896,12.9188420381662));
#1924=CARTESIAN_POINT('Ctrl Pts',(-32.3933101229483,-21.0079075642171,12.9500468317561));
#1925=CARTESIAN_POINT('Ctrl Pts',(-31.9068367596838,-20.732601486053,12.981251625346));
#1926=CARTESIAN_POINT('Origin',(-32.9089653438082,-19.0000000000004,10.9999999999999));
#1927=CARTESIAN_POINT('',(-31.9067436949637,-20.7337458537994,13.7687520897306));
#1928=CARTESIAN_POINT('',(-31.9094115040093,-20.7342935248209,13.681251625346));
#1929=CARTESIAN_POINT('',(-31.9089653438082,-20.7320508075692,10.9999999999999));
#1930=CARTESIAN_POINT('Ctrl Pts',(-31.9067436949637,-20.7337458537994,13.7687520897306));
#1931=CARTESIAN_POINT('Ctrl Pts',(-32.4278644885279,-21.0301085342292,13.7352389983281));
#1932=CARTESIAN_POINT('Ctrl Pts',(-33.8285048420609,-21.1409159898279,13.6647134119339));
#1933=CARTESIAN_POINT('Ctrl Pts',(-35.2272724152421,-19.4585786528091,13.557175330548));
#1934=CARTESIAN_POINT('Ctrl Pts',(-34.5530943525911,-17.302448275853,13.4461378455729));
#1935=CARTESIAN_POINT('Ctrl Pts',(-32.3765154470346,-16.6975362845202,13.3351003605978));
#1936=CARTESIAN_POINT('Ctrl Pts',(-30.6864878805719,-18.1966096940599,13.2240628756228));
#1937=CARTESIAN_POINT('Ctrl Pts',(-30.9590361750698,-19.9822272903469,13.135280118667));
#1938=CARTESIAN_POINT('Ctrl Pts',(-31.6786131194362,-20.5974082367826,13.0835098567029));
#1939=CARTESIAN_POINT('Ctrl Pts',(-31.9094061983084,-20.7292075566695,13.0687520897306));
#1940=CARTESIAN_POINT('Ctrl Pts',(-31.9068367596838,-20.732601486053,12.981251625346));
#1941=CARTESIAN_POINT('Ctrl Pts',(-31.8162964385106,-20.6813627078994,12.9870593267478));
#1942=CARTESIAN_POINT('Ctrl Pts',(-31.7300208474542,-20.6229931342575,12.9928670281496));
#1943=CARTESIAN_POINT('Ctrl Pts',(-31.6493173358067,-20.5577328964721,12.9986747295514));
#1944=CARTESIAN_POINT('Ctrl Pts',(-31.1349936621172,-20.1418292442218,13.0356872245431));
#1945=CARTESIAN_POINT('Ctrl Pts',(-30.8469808831077,-19.4460601678055,13.0726997195348));
#1946=CARTESIAN_POINT('Ctrl Pts',(-30.9168716763351,-18.7883216459757,13.1097122145265));
#1947=CARTESIAN_POINT('Ctrl Pts',(-30.9867624695626,-18.1305831241459,13.1467247095182));
#1948=CARTESIAN_POINT('Ctrl Pts',(-31.4145568350271,-17.5108751569025,13.1837372045098));
#1949=CARTESIAN_POINT('Ctrl Pts',(-32.0047960739559,-17.2123415219173,13.2207496995015));
#1950=CARTESIAN_POINT('Ctrl Pts',(-32.5950353128847,-16.9138078869321,13.2577621944932));
#1951=CARTESIAN_POINT('Ctrl Pts',(-33.3477194252778,-16.936448584205,13.2947746894849));
#1952=CARTESIAN_POINT('Ctrl Pts',(-33.9189480141481,-17.2699191048412,13.3317871844766));
#1953=CARTESIAN_POINT('Ctrl Pts',(-34.4901766030184,-17.6033896254774,13.3687996794683));
#1954=CARTESIAN_POINT('Ctrl Pts',(-34.879949668366,-18.2476899694768,13.40581217446));
#1955=CARTESIAN_POINT('Ctrl Pts',(-34.910180398225,-18.9084401428059,13.4428246694517));
#1956=CARTESIAN_POINT('Ctrl Pts',(-34.9404111280841,-19.569190316135,13.4798371644434));
#1957=CARTESIAN_POINT('Ctrl Pts',(-34.6110995224546,-20.2463903187937,13.5168496594351));
#1958=CARTESIAN_POINT('Ctrl Pts',(-34.0727076298352,-20.630628342761,13.5538621544268));
#1959=CARTESIAN_POINT('Ctrl Pts',(-33.5343157372158,-21.0148663667284,13.5908746494185));
#1960=CARTESIAN_POINT('Ctrl Pts',(-32.7868435576065,-21.1061424120043,13.6278871444102));
#1961=CARTESIAN_POINT('Ctrl Pts',(-32.171810164544,-20.8627525713812,13.6648996394019));
#1962=CARTESIAN_POINT('Ctrl Pts',(-32.0812369909823,-20.8269096553272,13.6703503013832));
#1963=CARTESIAN_POINT('Ctrl Pts',(-31.993536032583,-20.7838088017997,13.6758009633646));
#1964=CARTESIAN_POINT('Ctrl Pts',(-31.9094115040093,-20.7342935248209,13.681251625346));
#1965=CARTESIAN_POINT('Origin',(-32.9089653438082,-19.0000000000004,10.9999999999999));
#1966=CARTESIAN_POINT('',(-31.9102567270109,-20.7333838447896,14.4687520897306));
#1967=CARTESIAN_POINT('',(-31.9109672035457,-20.7296282369753,14.381251625346));
#1968=CARTESIAN_POINT('',(-31.9089653438082,-20.7320508075692,10.9999999999999));
#1969=CARTESIAN_POINT('Ctrl Pts',(-31.9102567270109,-20.7333838447896,14.4687520897306));
#1970=CARTESIAN_POINT('Ctrl Pts',(-32.0301381341177,-20.8040764212279,14.4609931299366));
#1971=CARTESIAN_POINT('Ctrl Pts',(-32.7627061293626,-21.1384920306029,14.4162216751509));
#1972=CARTESIAN_POINT('Ctrl Pts',(-34.3986257300866,-20.8345989326193,14.3344377253736));
#1973=CARTESIAN_POINT('Ctrl Pts',(-35.2584545475758,-18.7455541848884,14.2234002403985));
#1974=CARTESIAN_POINT('Ctrl Pts',(-33.9713260619436,-16.8890211112139,14.1123627554234));
#1975=CARTESIAN_POINT('Ctrl Pts',(-31.7134151599884,-16.9614952248048,14.0013252704483));
#1976=CARTESIAN_POINT('Ctrl Pts',(-30.5479948974779,-18.8967496775107,13.8902877854733));
#1977=CARTESIAN_POINT('Ctrl Pts',(-31.2406114885337,-20.3137832803474,13.8127633919007));
#1978=CARTESIAN_POINT('Ctrl Pts',(-31.8523287812959,-20.7027999582045,13.7722514933198));
#1979=CARTESIAN_POINT('Ctrl Pts',(-31.9067436949637,-20.7337458537994,13.7687520897306));
#1980=CARTESIAN_POINT('Ctrl Pts',(-31.9094115040093,-20.7342935248209,13.681251625346));
#1981=CARTESIAN_POINT('Ctrl Pts',(-31.4222918968873,-20.4475773591863,13.7128134583563));
#1982=CARTESIAN_POINT('Ctrl Pts',(-31.0550878781087,-19.9457893482843,13.7443752913666));
#1983=CARTESIAN_POINT('Ctrl Pts',(-30.9445231989394,-19.3926983077853,13.775937124377));
#1984=CARTESIAN_POINT('Ctrl Pts',(-30.8148642329131,-18.7440896113348,13.8129496193687));
#1985=CARTESIAN_POINT('Ctrl Pts',(-31.0381409073765,-18.024927944956,13.8499621143604));
#1986=CARTESIAN_POINT('Ctrl Pts',(-31.5123383961346,-17.5637973446576,13.886974609352));
#1987=CARTESIAN_POINT('Ctrl Pts',(-31.9865358848928,-17.1026667443591,13.9239871043437));
#1988=CARTESIAN_POINT('Ctrl Pts',(-32.7116541879457,-16.899567210141,13.9609995993354));
#1989=CARTESIAN_POINT('Ctrl Pts',(-33.3563876917922,-17.0472946598806,13.9980120943271));
#1990=CARTESIAN_POINT('Ctrl Pts',(-34.0011211956387,-17.1950221096203,14.0350245893188));
#1991=CARTESIAN_POINT('Ctrl Pts',(-34.5654699002787,-17.6935765433176,14.0720370843105));
#1992=CARTESIAN_POINT('Ctrl Pts',(-34.7915836040225,-18.3151690779061,14.1090495793022));
#1993=CARTESIAN_POINT('Ctrl Pts',(-35.0176973077663,-18.9367616124945,14.1460620742939));
#1994=CARTESIAN_POINT('Ctrl Pts',(-34.9055760106138,-19.6813922479741,14.1830745692856));
#1995=CARTESIAN_POINT('Ctrl Pts',(-34.5064478021994,-20.2088402193614,14.2200870642773));
#1996=CARTESIAN_POINT('Ctrl Pts',(-34.107319593785,-20.7362881907486,14.257099559269));
#1997=CARTESIAN_POINT('Ctrl Pts',(-33.4211844741085,-21.0465534980435,14.2941120542607));
#1998=CARTESIAN_POINT('Ctrl Pts',(-32.761536666507,-20.9978762997223,14.3311245492524));
#1999=CARTESIAN_POINT('Ctrl Pts',(-32.4637433955767,-20.9759013277134,14.3478335746169));
#2000=CARTESIAN_POINT('Ctrl Pts',(-32.1713482554239,-20.8807736484215,14.3645425999814));
#2001=CARTESIAN_POINT('Ctrl Pts',(-31.9109672035457,-20.7296282369753,14.381251625346));
#2002=CARTESIAN_POINT('Origin',(-32.9089653438082,-19.0000000000004,10.9999999999999));
#2003=CARTESIAN_POINT('',(-31.9104386859673,-20.7291827508873,15.1687520897306));
#2004=CARTESIAN_POINT('',(-31.9074822985042,-20.7309761806696,15.081251625346));
#2005=CARTESIAN_POINT('',(-31.9089653438082,-20.7320508075692,10.9999999999999));
#2006=CARTESIAN_POINT('Ctrl Pts',(-31.9104386859673,-20.7291827508873,15.1687520897306));
#2007=CARTESIAN_POINT('Ctrl Pts',(-32.2073525329945,-20.900342899672,15.1497347665534));
#2008=CARTESIAN_POINT('Ctrl Pts',(-33.2053714195238,-21.191805800119,15.0937049483846));
#2009=CARTESIAN_POINT('Ctrl Pts',(-34.8783919208532,-20.3061995917034,15.0006626352241));
#2010=CARTESIAN_POINT('Ctrl Pts',(-35.0753493293201,-18.0557414673262,14.889625150249));
#2011=CARTESIAN_POINT('Ctrl Pts',(-33.2926619364972,-16.6681276023639,14.7785876652739));
#2012=CARTESIAN_POINT('Ctrl Pts',(-31.1593579222782,-17.4113810554938,14.6675501802989));
#2013=CARTESIAN_POINT('Ctrl Pts',(-30.6621890785798,-19.4529315897131,14.5642716551177));
#2014=CARTESIAN_POINT('Ctrl Pts',(-31.4582689534585,-20.4668522699432,14.4980056249283));
#2015=CARTESIAN_POINT('Ctrl Pts',(-31.9102567270109,-20.7333838447896,14.4687520897306));
#2016=CARTESIAN_POINT('Ctrl Pts',(-31.9109672035457,-20.7296282369753,14.381251625346));
#2017=CARTESIAN_POINT('Ctrl Pts',(-31.5945729996372,-20.545968436141,14.4015550949731));
#2018=CARTESIAN_POINT('Ctrl Pts',(-31.32544812303,-20.2795975334581,14.4218585646003));
#2019=CARTESIAN_POINT('Ctrl Pts',(-31.1513454483,-19.961258150839,14.4421620342275));
#2020=CARTESIAN_POINT('Ctrl Pts',(-30.8339625332213,-19.3809369042143,14.4791745292192));
#2021=CARTESIAN_POINT('Ctrl Pts',(-30.8323571985906,-18.6279141149021,14.5161870242109));
#2022=CARTESIAN_POINT('Ctrl Pts',(-31.1472628091898,-18.0462448307548,14.5531995192026));
#2023=CARTESIAN_POINT('Ctrl Pts',(-31.462168419789,-17.4645755466074,14.5902120141943));
#2024=CARTESIAN_POINT('Ctrl Pts',(-32.0935849756182,-17.054259767625,14.6272245091859));
#2025=CARTESIAN_POINT('Ctrl Pts',(-32.753019289148,-17.0027704301753,14.6642370041776));
#2026=CARTESIAN_POINT('Ctrl Pts',(-33.4124536026777,-16.9512810927255,14.7012494991693));
#2027=CARTESIAN_POINT('Ctrl Pts',(-34.099905673908,-17.2586181968083,14.738261994161));
#2028=CARTESIAN_POINT('Ctrl Pts',(-34.5012790927482,-17.7843594417073,14.7752744891527));
#2029=CARTESIAN_POINT('Ctrl Pts',(-34.9026525115883,-18.3101006866062,14.8122869841444));
#2030=CARTESIAN_POINT('Ctrl Pts',(-35.0179472780382,-19.0542460723213,14.8492994791361));
#2031=CARTESIAN_POINT('Ctrl Pts',(-34.7944862576024,-19.6767972845051,14.8863119741278));
#2032=CARTESIAN_POINT('Ctrl Pts',(-34.5710252371665,-20.2993484966888,14.9233244691195));
#2033=CARTESIAN_POINT('Ctrl Pts',(-34.0088084298447,-20.8003055353412,14.9603369641112));
#2034=CARTESIAN_POINT('Ctrl Pts',(-33.3647101708232,-20.9507802654614,14.9973494591029));
#2035=CARTESIAN_POINT('Ctrl Pts',(-32.8780165176174,-21.0644820106402,15.0253168478506));
#2036=CARTESIAN_POINT('Ctrl Pts',(-32.3445716766702,-20.9780717174261,15.0532842365983));
#2037=CARTESIAN_POINT('Ctrl Pts',(-31.9074822985042,-20.7309761806696,15.081251625346));
#2038=CARTESIAN_POINT('Origin',(-32.9089653438082,-19.0000000000004,10.9999999999999));
#2039=CARTESIAN_POINT('',(-31.9067150002261,-20.7314060867426,15.8687520897306));
#2040=CARTESIAN_POINT('',(-31.9080327849133,-20.7349587965289,15.781251625346));
#2041=CARTESIAN_POINT('',(-31.9089653438082,-20.7320508075692,10.9999999999999));
#2042=CARTESIAN_POINT('Ctrl Pts',(-31.9067150002261,-20.7314060867426,15.8687520897306));
#2043=CARTESIAN_POINT('Ctrl Pts',(-32.3788807659032,-20.9983379080594,15.8384764031703));
#2044=CARTESIAN_POINT('Ctrl Pts',(-33.6855630241065,-21.1671882794249,15.7711882216183));
#2045=CARTESIAN_POINT('Ctrl Pts',(-35.1782216934862,-19.6580680926344,15.6668875450746));
#2046=CARTESIAN_POINT('Ctrl Pts',(-34.6948094687336,-17.452349046631,15.5558500600995));
#2047=CARTESIAN_POINT('Ctrl Pts',(-32.578925073762,-16.6597689869493,15.4448125751244));
#2048=CARTESIAN_POINT('Ctrl Pts',(-30.7649153194412,-18.0062336483446,15.3337750901494));
#2049=CARTESIAN_POINT('Ctrl Pts',(-30.8851441636612,-19.8744353634199,15.2417549283514));
#2050=CARTESIAN_POINT('Ctrl Pts',(-31.6294834936085,-20.5672221922692,15.1867472615451));
#2051=CARTESIAN_POINT('Ctrl Pts',(-31.9104386859673,-20.7291827508873,15.1687520897306));
#2052=CARTESIAN_POINT('Ctrl Pts',(-31.9074822985042,-20.7309761806696,15.081251625346));
#2053=CARTESIAN_POINT('Ctrl Pts',(-31.766120518207,-20.6510614842156,15.09029673159));
#2054=CARTESIAN_POINT('Ctrl Pts',(-31.634837329531,-20.5543394277796,15.099341837834));
#2055=CARTESIAN_POINT('Ctrl Pts',(-31.518473843881,-20.4421437684266,15.108386944078));
#2056=CARTESIAN_POINT('Ctrl Pts',(-31.0423154866818,-19.9830401196836,15.1453994390697));
#2057=CARTESIAN_POINT('Ctrl Pts',(-30.8159784830049,-19.2648404006095,15.1824119340614));
#2058=CARTESIAN_POINT('Ctrl Pts',(-30.9428686628632,-18.6156830430545,15.2194244290531));
#2059=CARTESIAN_POINT('Ctrl Pts',(-31.0697588427216,-17.9665256854995,15.2564369240447));
#2060=CARTESIAN_POINT('Ctrl Pts',(-31.5498762061152,-17.3864106894637,15.2934494190364));
#2061=CARTESIAN_POINT('Ctrl Pts',(-32.1638703201037,-17.140404085246,15.3304619140281));
#2062=CARTESIAN_POINT('Ctrl Pts',(-32.7778644340923,-16.8943974810283,15.3674744090198));
#2063=CARTESIAN_POINT('Ctrl Pts',(-33.5257352986758,-16.9824992686287,15.4044869040115));
#2064=CARTESIAN_POINT('Ctrl Pts',(-34.0657524166452,-17.3644312775508,15.4414993990032));
#2065=CARTESIAN_POINT('Ctrl Pts',(-34.6057695346146,-17.7463632864728,15.4785118939949));
#2066=CARTESIAN_POINT('Ctrl Pts',(-34.9379329059699,-18.4221255167165,15.5155243889866));
#2067=CARTESIAN_POINT('Ctrl Pts',(-34.9105362904576,-19.0830124391604,15.5525368839783));
#2068=CARTESIAN_POINT('Ctrl Pts',(-34.8831396749454,-19.7438993616043,15.58954937897));
#2069=CARTESIAN_POINT('Ctrl Pts',(-34.4961830725656,-20.3899109762485,15.6265618739617));
#2070=CARTESIAN_POINT('Ctrl Pts',(-33.9263484006941,-20.7257862687457,15.6635743689534));
#2071=CARTESIAN_POINT('Ctrl Pts',(-33.3565137288227,-21.0616615612428,15.7005868639451));
#2072=CARTESIAN_POINT('Ctrl Pts',(-32.6038009874597,-21.087400531593,15.7375993589368));
#2073=CARTESIAN_POINT('Ctrl Pts',(-32.0123608872824,-20.791442226211,15.7746118539285));
#2074=CARTESIAN_POINT('Ctrl Pts',(-31.9769942084244,-20.7737446396952,15.7768251110676));
#2075=CARTESIAN_POINT('Ctrl Pts',(-31.9422042000498,-20.7548967444716,15.7790383682068));
#2076=CARTESIAN_POINT('Ctrl Pts',(-31.9080327849133,-20.7349587965289,15.781251625346));
#2077=CARTESIAN_POINT('Origin',(32.908965343809,-18.9999999999999,10.9999999999999));
#2078=CARTESIAN_POINT('',(33.9105418969196,-17.2650393454974,11.6687520897306));
#2079=CARTESIAN_POINT('',(33.910564638129,-17.268805521889,11.581251625346));
#2080=CARTESIAN_POINT('',(33.908965343809,-17.267949192431,10.9999999999999));
#2081=CARTESIAN_POINT('',(33.390862780165,-17.0553003379946,10.9999999999999));
#2082=CARTESIAN_POINT('Ctrl Pts',(33.9105418969196,-17.2650393454974,11.6687520897306));
#2083=CARTESIAN_POINT('Ctrl Pts',(34.4791067809339,-17.5937884169361,11.6320015934859));
#2084=CARTESIAN_POINT('Ctrl Pts',(35.266000359804,-18.8688579205955,11.5582386022495));
#2085=CARTESIAN_POINT('Ctrl Pts',(34.3045111403371,-20.9070851336693,11.4474631160214));
#2086=CARTESIAN_POINT('Ctrl Pts',(32.0654938629588,-21.207750791472,11.3364256310463));
#2087=CARTESIAN_POINT('Ctrl Pts',(30.5972544141581,-19.4903623281739,11.2253881460712));
#2088=CARTESIAN_POINT('Ctrl Pts',(31.2414190822299,-17.326122251728,11.1143506610961));
#2089=CARTESIAN_POINT('Ctrl Pts',(32.7083308094091,-16.8950146643749,11.0392212790724));
#2090=CARTESIAN_POINT('Ctrl Pts',(33.3717167513861,-17.0504876268105,11.0011043920403));
#2091=CARTESIAN_POINT('Ctrl Pts',(33.390862780165,-17.0553003379946,10.9999999999999));
#2092=CARTESIAN_POINT('',(31.8767777881016,-17.2869358302028,10.9999999999999));
#2093=CARTESIAN_POINT('Origin',(32.908965343809,-18.9999999999999,10.9999999999999));
#2094=CARTESIAN_POINT('Ctrl Pts',(31.8767777881016,-17.2869358302027,10.9999999999999));
#2095=CARTESIAN_POINT('Ctrl Pts',(31.3076578226022,-17.6298526668573,11.0370124949916));
#2096=CARTESIAN_POINT('Ctrl Pts',(30.9278661737021,-18.2759627971583,11.0740249899832));
#2097=CARTESIAN_POINT('Ctrl Pts',(30.907025424592,-18.9359623893165,11.1110374849749));
#2098=CARTESIAN_POINT('Ctrl Pts',(30.886184675482,-19.5959619814747,11.1480499799666));
#2099=CARTESIAN_POINT('Ctrl Pts',(31.2242948261618,-20.26985103549,11.1850624749583));
#2100=CARTESIAN_POINT('Ctrl Pts',(31.7678244793797,-20.6469230703261,11.22207496995));
#2101=CARTESIAN_POINT('Ctrl Pts',(32.3113541325977,-21.0239951051622,11.2590874649417));
#2102=CARTESIAN_POINT('Ctrl Pts',(33.0603032883536,-21.104250120819,11.2960999599334));
#2103=CARTESIAN_POINT('Ctrl Pts',(33.6719706016653,-20.8521870944256,11.3331124549251));
#2104=CARTESIAN_POINT('Ctrl Pts',(34.283637914977,-20.6001240680322,11.3701249499168));
#2105=CARTESIAN_POINT('Ctrl Pts',(34.7580233858443,-20.0157429995885,11.4071374449085));
#2106=CARTESIAN_POINT('Ctrl Pts',(34.8786333469816,-19.3654768308325,11.4441499399002));
#2107=CARTESIAN_POINT('Ctrl Pts',(34.9992433081188,-18.7152106620764,11.4811624348919));
#2108=CARTESIAN_POINT('Ctrl Pts',(34.7660777595259,-17.999059393008,11.5181749298836));
#2109=CARTESIAN_POINT('Ctrl Pts',(34.2855440128439,-17.5445144395697,11.5551874248753));
#2110=CARTESIAN_POINT('Ctrl Pts',(34.1727467182252,-17.437817581369,11.5638754916988));
#2111=CARTESIAN_POINT('Ctrl Pts',(34.0463194991911,-17.3455351642168,11.5725635585224));
#2112=CARTESIAN_POINT('Ctrl Pts',(33.910564638129,-17.268805521889,11.581251625346));
#2113=CARTESIAN_POINT('Origin',(32.908965343809,-18.9999999999999,10.9999999999999));
#2114=CARTESIAN_POINT('',(33.9098505750616,-17.2698415916625,12.3687520897306));
#2115=CARTESIAN_POINT('',(33.9070291689719,-17.2704612998189,12.281251625346));
#2116=CARTESIAN_POINT('',(33.908965343809,-17.267949192431,10.9999999999999));
#2117=CARTESIAN_POINT('Ctrl Pts',(33.9098505750616,-17.2698415916625,12.3687520897306));
#2118=CARTESIAN_POINT('Ctrl Pts',(34.0818405550622,-17.3672716973419,12.3577557250944));
#2119=CARTESIAN_POINT('Ctrl Pts',(34.768721172983,-17.899736952479,12.3097468654666));
#2120=CARTESIAN_POINT('Ctrl Pts',(35.2012860503221,-19.574550527479,12.224725510847));
#2121=CARTESIAN_POINT('Ctrl Pts',(33.6714970382297,-21.2368239759867,12.1136880258719));
#2122=CARTESIAN_POINT('Ctrl Pts',(31.4449084120556,-20.8550981279947,12.0026505408968));
#2123=CARTESIAN_POINT('Ctrl Pts',(30.5561714720328,-18.7781789993362,11.8916130559217));
#2124=CARTESIAN_POINT('Ctrl Pts',(31.8174110164816,-16.9039782070434,11.7805755709467));
#2125=CARTESIAN_POINT('Ctrl Pts',(33.328540565202,-16.9314755824708,11.7062885822163));
#2126=CARTESIAN_POINT('Ctrl Pts',(33.9064885288722,-17.262695653477,11.6690140884776));
#2127=CARTESIAN_POINT('Ctrl Pts',(33.9105418969196,-17.2650393454974,11.6687520897306));
#2128=CARTESIAN_POINT('Ctrl Pts',(33.910564638129,-17.268805521889,11.581251625346));
#2129=CARTESIAN_POINT('Ctrl Pts',(33.4679830041803,-17.0186551389996,11.6095760535141));
#2130=CARTESIAN_POINT('Ctrl Pts',(32.9262616093709,-16.9338089532679,11.6379004816822));
#2131=CARTESIAN_POINT('Ctrl Pts',(32.4344782304244,-17.0537112068782,11.6662249098504));
#2132=CARTESIAN_POINT('Ctrl Pts',(31.7918481394581,-17.210391565433,11.7032374048421));
#2133=CARTESIAN_POINT('Ctrl Pts',(31.2344899022966,-17.7166909203509,11.7402498998338));
#2134=CARTESIAN_POINT('Ctrl Pts',(31.017028617555,-18.3413518064709,11.7772623948255));
#2135=CARTESIAN_POINT('Ctrl Pts',(30.7995673328134,-18.966012692591,11.8142748898171));
#2136=CARTESIAN_POINT('Ctrl Pts',(30.9220030004916,-19.7090351099131,11.8512873848088));
#2137=CARTESIAN_POINT('Ctrl Pts',(31.3284104347601,-20.2308981988236,11.8882998798005));
#2138=CARTESIAN_POINT('Ctrl Pts',(31.7348178690285,-20.7527612877341,11.9253123747922));
#2139=CARTESIAN_POINT('Ctrl Pts',(32.4251970698872,-21.0534650482329,11.9623248697839));
#2140=CARTESIAN_POINT('Ctrl Pts',(33.0841069486741,-20.9956356824753,11.9993373647756));
#2141=CARTESIAN_POINT('Ctrl Pts',(33.7430168274611,-20.9378063167177,12.0363498597673));
#2142=CARTESIAN_POINT('Ctrl Pts',(34.3704573841762,-20.5214438247036,12.073362354759));
#2143=CARTESIAN_POINT('Ctrl Pts',(34.6797556827388,-19.9367750482748,12.1103748497507));
#2144=CARTESIAN_POINT('Ctrl Pts',(34.9890539813013,-19.3521062718459,12.1473873447424));
#2145=CARTESIAN_POINT('Ctrl Pts',(34.9802100217112,-18.5991312110022,12.1843998397341));
#2146=CARTESIAN_POINT('Ctrl Pts',(34.6572626837406,-18.0218875023238,12.2214123347258));
#2147=CARTESIAN_POINT('Ctrl Pts',(34.4832229023445,-17.7108046815085,12.2413587649325));
#2148=CARTESIAN_POINT('Ctrl Pts',(34.2179597224511,-17.4507585965912,12.2613051951392));
#2149=CARTESIAN_POINT('Ctrl Pts',(33.9070291689719,-17.2704612998189,12.281251625346));
#2150=CARTESIAN_POINT('Origin',(32.908965343809,-18.9999999999999,10.9999999999999));
#2151=CARTESIAN_POINT('',(33.9067234262971,-17.2697526389968,13.0687520897306));
#2152=CARTESIAN_POINT('',(33.9083780353269,-17.2658303029334,12.981251625346));
#2153=CARTESIAN_POINT('',(33.908965343809,-17.267949192431,10.9999999999999));
#2154=CARTESIAN_POINT('Ctrl Pts',(33.9067234262971,-17.2697526389968,13.0687520897306));
#2155=CARTESIAN_POINT('Ctrl Pts',(34.2528671130061,-17.4717840736741,13.0464973617112));
#2156=CARTESIAN_POINT('Ctrl Pts',(35.0239264343957,-18.2763658103265,12.9872301387002));
#2157=CARTESIAN_POINT('Ctrl Pts',(34.9252210918338,-20.2327021712348,12.8909504206975));
#2158=CARTESIAN_POINT('Ctrl Pts',(32.9689368843907,-21.3624659112125,12.7799129357224));
#2159=CARTESIAN_POINT('Ctrl Pts',(30.9578508361557,-20.3334144701709,12.6688754507473));
#2160=CARTESIAN_POINT('Ctrl Pts',(30.7296881929628,-18.0858921845795,12.5578379657723));
#2161=CARTESIAN_POINT('Ctrl Pts',(32.3183230960603,-16.8135350679673,12.4577968454333));
#2162=CARTESIAN_POINT('Ctrl Pts',(33.5029421205324,-17.0393331996825,12.3947682200861));
#2163=CARTESIAN_POINT('Ctrl Pts',(33.9098505750616,-17.2698415916625,12.3687520897306));
#2164=CARTESIAN_POINT('Ctrl Pts',(33.9070291689719,-17.2704612998189,12.281251625346));
#2165=CARTESIAN_POINT('Ctrl Pts',(33.6409985602712,-17.1161998447425,12.2983176901309));
#2166=CARTESIAN_POINT('Ctrl Pts',(33.3415374839332,-17.0203179081681,12.3153837549159));
#2167=CARTESIAN_POINT('Ctrl Pts',(33.0371791377172,-17.0007987681898,12.3324498197009));
#2168=CARTESIAN_POINT('Ctrl Pts',(32.3770936460155,-16.9584660992474,12.3694623146926));
#2169=CARTESIAN_POINT('Ctrl Pts',(31.6939733789629,-17.2753131178758,12.4064748096843));
#2170=CARTESIAN_POINT('Ctrl Pts',(31.2999346306886,-17.806573896569,12.4434873046759));
#2171=CARTESIAN_POINT('Ctrl Pts',(30.9058958824142,-18.3378346752621,12.4804997996676));
#2172=CARTESIAN_POINT('Ctrl Pts',(30.800938652918,-19.0835092140199,12.5175122946593));
#2173=CARTESIAN_POINT('Ctrl Pts',(31.0330180010546,-19.7028992474546,12.554524789651));
#2174=CARTESIAN_POINT('Ctrl Pts',(31.2650973491912,-20.3222892808893,12.5915372846427));
#2175=CARTESIAN_POINT('Ctrl Pts',(31.8342132749606,-20.8153948090008,12.6285497796344));
#2176=CARTESIAN_POINT('Ctrl Pts',(32.4803373287467,-20.9569168166288,12.6655622746261));
#2177=CARTESIAN_POINT('Ctrl Pts',(33.1264613825327,-21.0984388242567,12.7025747696178));
#2178=CARTESIAN_POINT('Ctrl Pts',(33.8495935643354,-20.888377311401,12.7395872646095));
#2179=CARTESIAN_POINT('Ctrl Pts',(34.3193357719897,-20.4227089806324,12.7765997596012));
#2180=CARTESIAN_POINT('Ctrl Pts',(34.789077979644,-19.9570406498638,12.8136122545929));
#2181=CARTESIAN_POINT('Ctrl Pts',(35.00543021315,-19.2357655011824,12.8506247495846));
#2182=CARTESIAN_POINT('Ctrl Pts',(34.8695413870831,-18.5884332847418,12.8876372445763));
#2183=CARTESIAN_POINT('Ctrl Pts',(34.7549751366981,-18.0426752048651,12.9188420381662));
#2184=CARTESIAN_POINT('Ctrl Pts',(34.390036813991,-17.5494755780012,12.9500468317561));
#2185=CARTESIAN_POINT('Ctrl Pts',(33.9083780353269,-17.2658303029334,12.981251625346));
#2186=CARTESIAN_POINT('Origin',(32.908965343809,-18.9999999999999,10.9999999999999));
#2187=CARTESIAN_POINT('',(33.9093224551854,-17.2651776949773,13.7687520897306));
#2188=CARTESIAN_POINT('',(33.911130756271,-17.2672140776627,13.681251625346));
#2189=CARTESIAN_POINT('',(33.908965343809,-17.267949192431,10.9999999999999));
#2190=CARTESIAN_POINT('Ctrl Pts',(33.9093224551853,-17.2651776949773,13.7687520897306));
#2191=CARTESIAN_POINT('Ctrl Pts',(34.4265404530097,-17.5683001951877,13.7352389983281));
#2192=CARTESIAN_POINT('Ctrl Pts',(35.222822687481,-18.725886575096,13.6647134119339));
#2193=CARTESIAN_POINT('Ctrl Pts',(34.4652596155808,-20.7784234604777,13.557175330548));
#2194=CARTESIAN_POINT('Ctrl Pts',(32.2609069420566,-21.2726333114793,13.4461378455729));
#2195=CARTESIAN_POINT('Ctrl Pts',(30.648748365609,-19.6901167089585,13.3351003605978));
#2196=CARTESIAN_POINT('Ctrl Pts',(31.101970229339,-17.4769732368047,13.2240628756228));
#2197=CARTESIAN_POINT('Ctrl Pts',(32.7846345473205,-16.8201981968136,13.135280118667));
#2198=CARTESIAN_POINT('Ctrl Pts',(33.6771853316068,-17.1357796319363,13.0835098567029));
#2199=CARTESIAN_POINT('Ctrl Pts',(33.9067234262971,-17.2697526389968,13.0687520897306));
#2200=CARTESIAN_POINT('Ctrl Pts',(33.9083780353269,-17.2658303029334,12.981251625346));
#2201=CARTESIAN_POINT('Ctrl Pts',(33.8187337838442,-17.2130394694712,12.9870593267478));
#2202=CARTESIAN_POINT('Ctrl Pts',(33.7250464470458,-17.1675073989709,12.9928670281496));
#2203=CARTESIAN_POINT('Ctrl Pts',(33.6281776594932,-17.1302462235421,12.9986747295514));
#2204=CARTESIAN_POINT('Ctrl Pts',(33.0108326436102,-16.8927806629825,13.0356872245431));
#2205=CARTESIAN_POINT('Ctrl Pts',(32.2642724974839,-16.991238826063,13.0726997195348));
#2206=CARTESIAN_POINT('Ctrl Pts',(31.729599581263,-17.3806353213682,13.1097122145265));
#2207=CARTESIAN_POINT('Ctrl Pts',(31.194926665042,-17.7700318166735,13.1467247095182));
#2208=CARTESIAN_POINT('Ctrl Pts',(30.8721409787264,-18.4503666442037,13.1837372045099));
#2209=CARTESIAN_POINT('Ctrl Pts',(30.9087228894127,-19.1107956911172,13.2207496995015));
#2210=CARTESIAN_POINT('Ctrl Pts',(30.945304800099,-19.7712247380306,13.2577621944932));
#2211=CARTESIAN_POINT('Ctrl Pts',(31.3412543077872,-20.4117480043273,13.2947746894849));
#2212=CARTESIAN_POINT('Ctrl Pts',(31.9156625916479,-20.7397112402567,13.3317871844766));
#2213=CARTESIAN_POINT('Ctrl Pts',(32.4900708755085,-21.0676744761861,13.3687996794683));
#2214=CARTESIAN_POINT('Ctrl Pts',(33.2429379355417,-21.0830776817483,13.40581217446));
#2215=CARTESIAN_POINT('Ctrl Pts',(33.8302797843329,-20.7788831501504,13.4428246694517));
#2216=CARTESIAN_POINT('Ctrl Pts',(34.4176216331241,-20.4746886185525,13.4798371644434));
#2217=CARTESIAN_POINT('Ctrl Pts',(34.8394382706733,-19.8508963497944,13.5168496594351));
#2218=CARTESIAN_POINT('Ctrl Pts',(34.9030022194356,-19.1925162275777,13.5538621544268));
#2219=CARTESIAN_POINT('Ctrl Pts',(34.9665661681979,-18.5341361053609,13.5908746494185));
#2220=CARTESIAN_POINT('Ctrl Pts',(34.6718774281733,-17.8411681296855,13.6278871444102));
#2221=CARTESIAN_POINT('Ctrl Pts',(34.153578904103,-17.4302284737031,13.6648996394019));
#2222=CARTESIAN_POINT('Ctrl Pts',(34.0772514352096,-17.3697112575576,13.6703503013832));
#2223=CARTESIAN_POINT('Ctrl Pts',(33.9960745152682,-17.3153104219467,13.6758009633646));
#2224=CARTESIAN_POINT('Ctrl Pts',(33.911130756271,-17.2672140776627,13.681251625346));
#2225=CARTESIAN_POINT('Origin',(32.908965343809,-18.9999999999999,10.9999999999999));
#2226=CARTESIAN_POINT('',(33.9107654621914,-17.2684010744236,14.4687520897306));
#2227=CARTESIAN_POINT('',(33.9078683480095,-17.270893997225,14.381251625346));
#2228=CARTESIAN_POINT('',(33.908965343809,-17.267949192431,10.9999999999999));
#2229=CARTESIAN_POINT('Ctrl Pts',(33.9107654621914,-17.2684010744236,14.4687520897306));
#2230=CARTESIAN_POINT('Ctrl Pts',(34.0319277307185,-17.3368751290193,14.4609931299366));
#2231=CARTESIAN_POINT('Ctrl Pts',(34.6878241302111,-17.8040898101487,14.4162216751509));
#2232=CARTESIAN_POINT('Ctrl Pts',(35.2426047779158,-19.3727842647584,14.3344377253736));
#2233=CARTESIAN_POINT('Ctrl Pts',(33.8633533894595,-21.1619402065581,14.2234002403985));
#2234=CARTESIAN_POINT('Ctrl Pts',(31.6119843807397,-20.9755207801165,14.1123627554234));
#2235=CARTESIAN_POINT('Ctrl Pts',(30.5457933717204,-18.9838755571911,14.0013252704483));
#2236=CARTESIAN_POINT('Ctrl Pts',(31.639062740372,-17.0069648116015,13.8902877854733));
#2237=CARTESIAN_POINT('Ctrl Pts',(33.2125581067702,-16.8982715750005,13.8127633919007));
#2238=CARTESIAN_POINT('Ctrl Pts',(33.8553150675573,-17.2335259457411,13.7722514933198));
#2239=CARTESIAN_POINT('Ctrl Pts',(33.9093224551853,-17.2651776949773,13.7687520897306));
#2240=CARTESIAN_POINT('Ctrl Pts',(33.911130756271,-17.2672140776627,13.681251625346));
#2241=CARTESIAN_POINT('Ctrl Pts',(33.4192674292281,-16.9887141831745,13.7128134583563));
#2242=CARTESIAN_POINT('Ctrl Pts',(32.8011042043515,-16.9216001744845,13.7443752913666));
#2243=CARTESIAN_POINT('Ctrl Pts',(32.2668309292403,-17.1023938886497,13.775937124377));
#2244=CARTESIAN_POINT('Ctrl Pts',(31.6402897865642,-17.3144102958677,13.8129496193687));
#2245=CARTESIAN_POINT('Ctrl Pts',(31.1291158093281,-17.8673544465929,13.8499621143604));
#2246=CARTESIAN_POINT('Ctrl Pts',(30.9668637260719,-18.5085868710445,13.886974609352));
#2247=CARTESIAN_POINT('Ctrl Pts',(30.8046116428158,-19.1498192954961,13.9239871043437));
#2248=CARTESIAN_POINT('Ctrl Pts',(30.9912814535396,-19.8793399936742,13.9609995993354));
#2249=CARTESIAN_POINT('Ctrl Pts',(31.4415839667269,-20.363831901567,13.9980120943271));
#2250=CARTESIAN_POINT('Ctrl Pts',(31.8918864799143,-20.8483238094598,14.0350245893188));
#2251=CARTESIAN_POINT('Ctrl Pts',(32.6058216955651,-21.0877869270673,14.0720370843105));
#2252=CARTESIAN_POINT('Ctrl Pts',(33.2571935266577,-20.9728108619265,14.1090495793022));
#2253=CARTESIAN_POINT('Ctrl Pts',(33.9085653577504,-20.8578347967856,14.1460620742939));
#2254=CARTESIAN_POINT('Ctrl Pts',(34.4973738042848,-20.3884195488963,14.1830745692856));
#2255=CARTESIAN_POINT('Ctrl Pts',(34.7545930635721,-19.7790403453299,14.2200870642773));
#2256=CARTESIAN_POINT('Ctrl Pts',(35.0118123228595,-19.1696611417635,14.257099559269));
#2257=CARTESIAN_POINT('Ctrl Pts',(34.9374423948998,-18.42031798252,14.2941120542607));
#2258=CARTESIAN_POINT('Ctrl Pts',(34.5654627702608,-17.8733847778733,14.3311245492524));
#2259=CARTESIAN_POINT('Ctrl Pts',(34.3975352370163,-17.6264757059182,14.3478335746169));
#2260=CARTESIAN_POINT('Ctrl Pts',(34.1689546613343,-17.420817909385,14.3645425999814));
#2261=CARTESIAN_POINT('Ctrl Pts',(33.9078683480095,-17.270893997225,14.381251625346));
#2262=CARTESIAN_POINT('Origin',(32.908965343809,-18.9999999999999,10.9999999999999));
#2263=CARTESIAN_POINT('',(33.9072181855854,-17.2706592015007,15.1687520897306));
#2264=CARTESIAN_POINT('',(33.9072932511735,-17.2672020105166,15.081251625346));
#2265=CARTESIAN_POINT('',(33.908965343809,-17.267949192431,10.9999999999999));
#2266=CARTESIAN_POINT('Ctrl Pts',(33.9072181855854,-17.2706592015007,15.1687520897306));
#2267=CARTESIAN_POINT('Ctrl Pts',(34.2039041422537,-17.4422140588607,15.1497347665534));
#2268=CARTESIAN_POINT('Ctrl Pts',(34.9553278539474,-18.160792307437,15.0937049483846));
#2269=CARTESIAN_POINT('Ctrl Pts',(35.0248806211716,-20.0524736315364,15.0006626352241));
#2270=CARTESIAN_POINT('Ctrl Pts',(33.174405456799,-21.3482727920364,14.889625150249));
#2271=CARTESIAN_POINT('Ctrl Pts',(31.0813529360105,-20.4982271692789,14.7785876652739));
#2272=CARTESIAN_POINT('Ctrl Pts',(30.6583773096301,-18.2791050111448,14.6675501802988));
#2273=CARTESIAN_POINT('Ctrl Pts',(32.1778274864723,-16.8277689203519,14.5642716551177));
#2274=CARTESIAN_POINT('Ctrl Pts',(33.4539484685329,-17.0102339722039,14.4980056249283));
#2275=CARTESIAN_POINT('Ctrl Pts',(33.9107654621914,-17.2684010744236,14.4687520897306));
#2276=CARTESIAN_POINT('Ctrl Pts',(33.9078683480095,-17.270893997225,14.381251625346));
#2277=CARTESIAN_POINT('Ctrl Pts',(33.5906171668657,-17.0887184645104,14.4015550949731));
#2278=CARTESIAN_POINT('Ctrl Pts',(33.2253707300512,-16.9888349277325,14.4218585646003));
#2279=CARTESIAN_POINT('Ctrl Pts',(32.8626293705207,-16.9972272805336,14.4421620342275));
#2280=CARTESIAN_POINT('Ctrl Pts',(32.201364916738,-17.0125262378903,14.4791745292192));
#2281=CARTESIAN_POINT('Ctrl Pts',(31.5484253304909,-17.3876474026537,14.5161870242109));
#2282=CARTESIAN_POINT('Ctrl Pts',(31.202137730773,-17.9511983496013,14.5531995192026));
#2283=CARTESIAN_POINT('Ctrl Pts',(30.855850131055,-18.5147492965489,14.5902120141942));
#2284=CARTESIAN_POINT('Ctrl Pts',(30.8162145178663,-19.2667300256808,14.6272245091859));
#2285=CARTESIAN_POINT('Ctrl Pts',(31.1013406236368,-19.8635616109357,14.6642370041776));
#2286=CARTESIAN_POINT('Ctrl Pts',(31.3864667294073,-20.4603931961906,14.7012494991693));
#2287=CARTESIAN_POINT('Ctrl Pts',(31.9963545541371,-20.9020756375685,14.738261994161));
#2288=CARTESIAN_POINT('Ctrl Pts',(32.6523465915508,-20.9868045993767,14.7752744891527));
#2289=CARTESIAN_POINT('Ctrl Pts',(33.3083386289645,-21.0715335611848,14.8122869841444));
#2290=CARTESIAN_POINT('Ctrl Pts',(34.0104348790621,-20.7993090434232,14.8492994791361));
#2291=CARTESIAN_POINT('Ctrl Pts',(34.437849568362,-20.2945104750956,14.8863119741278));
#2292=CARTESIAN_POINT('Ctrl Pts',(34.8652642576619,-19.789711906768,14.9233244691195));
#2293=CARTESIAN_POINT('Ctrl Pts',(35.0179973861641,-19.0523392878744,14.9603369641112));
#2294=CARTESIAN_POINT('Ctrl Pts',(34.8262631806757,-18.4192964166904,14.9973494591029));
#2295=CARTESIAN_POINT('Ctrl Pts',(34.6813849426015,-17.9409564378176,15.0253168478506));
#2296=CARTESIAN_POINT('Ctrl Pts',(34.3398289873172,-17.5221847680177,15.0532842365983));
#2297=CARTESIAN_POINT('Ctrl Pts',(33.9072932511735,-17.2672020105166,15.081251625346));
#2298=CARTESIAN_POINT('Origin',(32.908965343809,-18.9999999999999,10.9999999999999));
#2299=CARTESIAN_POINT('',(33.9072816618164,-17.2663225383438,15.8687520897306));
#2300=CARTESIAN_POINT('',(33.9110175900035,-17.2656874920103,15.781251625346));
#2301=CARTESIAN_POINT('',(33.908965343809,-17.267949192431,10.9999999999999));
#2302=CARTESIAN_POINT('Ctrl Pts',(33.9072816618164,-17.2663225383438,15.8687520897306));
#2303=CARTESIAN_POINT('Ctrl Pts',(34.3745343137943,-17.5417642165992,15.8384764031703));
#2304=CARTESIAN_POINT('Ctrl Pts',(35.1741043804366,-18.5889593247271,15.7711882216183));
#2305=CARTESIAN_POINT('Ctrl Pts',(34.6134970835496,-20.6361994984973,15.6668875450746));
#2306=CARTESIAN_POINT('Ctrl Pts',(32.4615824282583,-21.3204118518127,15.5558500600995));
#2307=CARTESIAN_POINT('Ctrl Pts',(30.717245705293,-19.8842922155014,15.4448125751244));
#2308=CARTESIAN_POINT('Ctrl Pts',(30.9763134784274,-17.6400814198979,15.3337750901494));
#2309=CARTESIAN_POINT('Ctrl Pts',(32.6543379910321,-16.8101017993987,15.2417549283514));
#2310=CARTESIAN_POINT('Ctrl Pts',(33.6264786348352,-17.1083251492756,15.1867472615451));
#2311=CARTESIAN_POINT('Ctrl Pts',(33.9072181855854,-17.2706592015007,15.1687520897306));
#2312=CARTESIAN_POINT('Ctrl Pts',(33.9072932511735,-17.2672020105166,15.081251625346));
#2313=CARTESIAN_POINT('Ctrl Pts',(33.7674041924185,-17.1847364591992,15.09029673159));
#2314=CARTESIAN_POINT('Ctrl Pts',(33.6179988277833,-17.1194029055027,15.099341837834));
#2315=CARTESIAN_POINT('Ctrl Pts',(33.4626527806457,-17.0747269965517,15.108386944078));
#2316=CARTESIAN_POINT('Ctrl Pts',(32.8269781255834,-16.8919135710712,15.1453994390697));
#2317=CARTESIAN_POINT('Ctrl Pts',(32.091830354938,-17.0549998435844,15.1824119340614));
#2318=CARTESIAN_POINT('Ctrl Pts',(31.593088643895,-17.4894686797198,15.2194244290531));
#2319=CARTESIAN_POINT('Ctrl Pts',(31.094346932852,-17.9239375158552,15.2564369240447));
#2320=CARTESIAN_POINT('Ctrl Pts',(30.8320112814114,-18.6297889156127,15.2934494190365));
#2321=CARTESIAN_POINT('Ctrl Pts',(30.9259603727918,-19.2845267672943,15.3304619140281));
#2322=CARTESIAN_POINT('Ctrl Pts',(31.0199094641721,-19.9392646189759,15.3674744090198));
#2323=CARTESIAN_POINT('Ctrl Pts',(31.4701432983734,-20.5428889225817,15.4044869040115));
#2324=CARTESIAN_POINT('Ctrl Pts',(32.0709147365645,-20.8195914922543,15.4414993990032));
#2325=CARTESIAN_POINT('Ctrl Pts',(32.6716861747557,-21.096294061927,15.4785118939949));
#2326=CARTESIAN_POINT('Ctrl Pts',(33.4229952169367,-21.0460748976666,15.5155243889866));
#2327=CARTESIAN_POINT('Ctrl Pts',(33.9816418065854,-20.691905225834,15.5525368839783));
#2328=CARTESIAN_POINT('Ctrl Pts',(34.5402883962342,-20.3377355540013,15.58954937897));
#2329=CARTESIAN_POINT('Ctrl Pts',(34.9062725333507,-19.6796153745964,15.6265618739617));
#2330=CARTESIAN_POINT('Ctrl Pts',(34.9122317523025,-19.0181864032729,15.6635743689534));
#2331=CARTESIAN_POINT('Ctrl Pts',(34.9181909712544,-18.3567574319495,15.7005868639451));
#2332=CARTESIAN_POINT('Ctrl Pts',(34.5641252720415,-17.6920196687076,15.7375993589368));
#2333=CARTESIAN_POINT('Ctrl Pts',(34.0120977403044,-17.3277965816326,15.7746118539285));
#2334=CARTESIAN_POINT('Ctrl Pts',(33.9790878371378,-17.3060169272781,15.7768251110676));
#2335=CARTESIAN_POINT('Ctrl Pts',(33.9453700721491,-17.2853118379725,15.7790383682068));
#2336=CARTESIAN_POINT('Ctrl Pts',(33.9110175900035,-17.2656874920103,15.781251625346));
#2337=CARTESIAN_POINT('Origin',(32.908965343809,-18.9999999999999,10.9999999999999));
#2338=CARTESIAN_POINT('',(30.9226472536918,-18.738040942751,15.9999999999999));
#2339=CARTESIAN_POINT('Ctrl Pts',(33.9110175900035,-17.2656874920103,15.781251625346));
#2340=CARTESIAN_POINT('Ctrl Pts',(33.3708904733396,-16.9571321638671,15.8160508631985));
#2341=CARTESIAN_POINT('Ctrl Pts',(32.6738514299464,-16.9157533543769,15.850850101051));
#2342=CARTESIAN_POINT('Ctrl Pts',(32.104213141988,-17.1655660409984,15.8856493389036));
#2343=CARTESIAN_POINT('Ctrl Pts',(31.4983454396699,-17.4312669983476,15.9226618338953));
#2344=CARTESIAN_POINT('Ctrl Pts',(31.0365993992949,-18.0263773239543,15.959674328887));
#2345=CARTESIAN_POINT('Ctrl Pts',(30.9311390291219,-18.6794362138758,15.9966868238787));
#2346=CARTESIAN_POINT('Ctrl Pts',(30.9279922649434,-18.6989224181997,15.9977912159191));
#2347=CARTESIAN_POINT('Ctrl Pts',(30.925162711713,-18.7184602157269,15.9988956079595));
#2348=CARTESIAN_POINT('Ctrl Pts',(30.9226472536918,-18.738040942751,15.9999999999999));
#2349=CARTESIAN_POINT('',(31.6914722484642,-17.4132704821589,15.9999999999999));
#2350=CARTESIAN_POINT('Origin',(32.908965343809,-18.9999999999999,15.9999999999999));
#2351=CARTESIAN_POINT('Ctrl Pts',(31.6914722484642,-17.413270482159,15.9999999999999));
#2352=CARTESIAN_POINT('Ctrl Pts',(32.2186208891117,-17.0087908131338,15.9629875050082));
#2353=CARTESIAN_POINT('Ctrl Pts',(33.0935525121451,-16.8699473924367,15.9192382015851));
#2354=CARTESIAN_POINT('Ctrl Pts',(33.8033107213334,-17.2050325056063,15.875488898162));
#2355=CARTESIAN_POINT('Ctrl Pts',(33.9072816618164,-17.2663225383438,15.8687520897306));
#2356=CARTESIAN_POINT('Ctrl Pts',(33.426779755993,-20.9318043986217,16.2187617938288));
#2357=CARTESIAN_POINT('Ctrl Pts',(32.7849891727334,-21.1038344518988,16.1817492988371));
#2358=CARTESIAN_POINT('Ctrl Pts',(31.3273292590067,-20.7545100122703,16.1077243088537));
#2359=CARTESIAN_POINT('Ctrl Pts',(30.57485335892,-18.621487649561,15.9966868238787));
#2360=CARTESIAN_POINT('Ctrl Pts',(31.9600914800448,-16.8361566727409,15.8856493389036));
#2361=CARTESIAN_POINT('Ctrl Pts',(34.2100595728287,-17.0272819054657,15.7746118539285));
#2362=CARTESIAN_POINT('Ctrl Pts',(35.2722566704672,-19.0214951951914,15.6635743689534));
#2363=CARTESIAN_POINT('Ctrl Pts',(34.1743042591177,-20.9958557334063,15.5525368839783));
#2364=CARTESIAN_POINT('Ctrl Pts',(31.9203771325747,-21.1465132261874,15.4414993990032));
#2365=CARTESIAN_POINT('Ctrl Pts',(30.5696756299708,-19.3356403153702,15.3304619140282));
#2366=CARTESIAN_POINT('Ctrl Pts',(31.3566825842925,-17.2180861160977,15.219424429053));
#2367=CARTESIAN_POINT('Ctrl Pts',(33.5621258962288,-16.7288272985579,15.108386944078));
#2368=CARTESIAN_POINT('Ctrl Pts',(35.1707305146664,-18.3149666689808,14.9973494591029));
#2369=CARTESIAN_POINT('Ctrl Pts',(34.7125311291597,-20.5270845256616,14.8863119741278));
#2370=CARTESIAN_POINT('Ctrl Pts',(32.6062423788669,-21.3437580789464,14.7752744891527));
#2371=CARTESIAN_POINT('Ctrl Pts',(30.7765789046775,-20.0187107548127,14.6642370041776));
#2372=CARTESIAN_POINT('Ctrl Pts',(30.8954857442438,-17.762768567417,14.5531995192025));
#2373=CARTESIAN_POINT('Ctrl Pts',(32.8543045029851,-16.637405073127,14.4421620342275));
#2374=CARTESIAN_POINT('Ctrl Pts',(34.8630724669401,-17.6709748232765,14.3311245492524));
#2375=CARTESIAN_POINT('Ctrl Pts',(35.0861822508192,-19.9190043010069,14.2200870642773));
#2376=CARTESIAN_POINT('Ctrl Pts',(33.3197569112159,-21.3272500446749,14.1090495793022));
#2377=CARTESIAN_POINT('Ctrl Pts',(31.1779512642634,-20.6088606918522,13.9980120943271));
#2378=CARTESIAN_POINT('Ctrl Pts',(30.6179418320919,-18.4202985973181,13.8869746093521));
#2379=CARTESIAN_POINT('Ctrl Pts',(32.1514637638003,-16.7614661451425,13.775937124377));
#2380=CARTESIAN_POINT('Ctrl Pts',(34.3771886881487,-17.14820015401,13.6648996394019));
#2381=CARTESIAN_POINT('Ctrl Pts',(35.2612549082225,-19.2271040810364,13.5538621544268));
#2382=CARTESIAN_POINT('Ctrl Pts',(33.995804995575,-21.0984808873105,13.4428246694517));
#2383=CARTESIAN_POINT('Ctrl Pts',(31.7372038154753,-21.0522712706239,13.3317871844766));
#2384=CARTESIAN_POINT('Ctrl Pts',(30.5493552924109,-19.1307014717339,13.2207496995015));
#2385=CARTESIAN_POINT('Ctrl Pts',(31.5177123513576,-17.0896969891434,13.1097122145265));
#2386=CARTESIAN_POINT('Ctrl Pts',(33.7573927897365,-16.7943224999021,12.9986747295514));
#2387=CARTESIAN_POINT('Ctrl Pts',(35.2217824466561,-18.5144903525009,12.8876372445763));
#2388=CARTESIAN_POINT('Ctrl Pts',(34.572725746138,-20.6783157985453,12.7765997596012));
#2389=CARTESIAN_POINT('Ctrl Pts',(32.4033292007301,-21.3085003371124,12.6655622746261));
#2390=CARTESIAN_POINT('Ctrl Pts',(30.6959814234218,-19.8291837527777,12.554524789651));
#2391=CARTESIAN_POINT('Ctrl Pts',(31.0108531119104,-17.5921601365043,12.4434873046759));
#2392=CARTESIAN_POINT('Ctrl Pts',(33.060213913068,-16.6416190806189,12.3324498197009));
#2393=CARTESIAN_POINT('Ctrl Pts',(34.971366062121,-17.8461561501586,12.2214123347258));
#2394=CARTESIAN_POINT('Ctrl Pts',(34.9978979408914,-20.1050813326896,12.1103748497507));
#2395=CARTESIAN_POINT('Ctrl Pts',(33.1155762707459,-21.3541688087317,11.9993373647756));
#2396=CARTESIAN_POINT('Ctrl Pts',(31.0444386681698,-20.4520575272353,11.8882998798005));
#2397=CARTESIAN_POINT('Ctrl Pts',(30.6771316651352,-18.2229902752688,11.7772623948255));
#2398=CARTESIAN_POINT('Ctrl Pts',(32.3492063766195,-16.7040922105152,11.6662249098504));
#2399=CARTESIAN_POINT('Ctrl Pts',(34.532912210933,-17.2829081239396,11.5551874248753));
#2400=CARTESIAN_POINT('Ctrl Pts',(35.2324088567117,-19.4313619311448,11.4441499399002));
#2401=CARTESIAN_POINT('Ctrl Pts',(33.8092524441096,-21.1845051364759,11.3331124549251));
#2402=CARTESIAN_POINT('Ctrl Pts',(31.5624049768417,-20.9437400895053,11.22207496995));
#2403=CARTESIAN_POINT('Ctrl Pts',(30.5480745248021,-18.9220729274594,11.1110374849749));
#2404=CARTESIAN_POINT('Ctrl Pts',(31.3076578226022,-17.6298526668573,11.0370124949916));
#2405=CARTESIAN_POINT('Ctrl Pts',(31.8767777881016,-17.2869358302027,10.9999999999999));
#2406=CARTESIAN_POINT('Ctrl Pts',(33.3940792113021,-20.8098088446453,16.1458411958858));
#2407=CARTESIAN_POINT('Ctrl Pts',(32.7928184031053,-20.9709750124974,16.1088287008941));
#2408=CARTESIAN_POINT('Ctrl Pts',(31.4272113021847,-20.6437107920922,16.0348037109108));
#2409=CARTESIAN_POINT('Ctrl Pts',(30.7222550755961,-18.6453911171748,15.9237662259357));
#2410=CARTESIAN_POINT('Ctrl Pts',(32.0200138990777,-16.9728057380476,15.8127287409606));
#2411=CARTESIAN_POINT('Ctrl Pts',(34.1278940537119,-17.1518612039463,15.7016912559855));
#2412=CARTESIAN_POINT('Ctrl Pts',(35.1230122465447,-19.0201377501793,15.5906537710104));
#2413=CARTESIAN_POINT('Ctrl Pts',(34.094396727045,-20.8698152678045,15.4796162860353));
#2414=CARTESIAN_POINT('Ctrl Pts',(31.9828075559499,-21.010958575658,15.3685788010602));
#2415=CARTESIAN_POINT('Ctrl Pts',(30.7174043258753,-19.3144442635134,15.2575413160852));
#2416=CARTESIAN_POINT('Ctrl Pts',(31.4547109329754,-17.3306159206472,15.1465038311101));
#2417=CARTESIAN_POINT('Ctrl Pts',(33.5208780952171,-16.8722543308631,15.035466346135));
#2418=CARTESIAN_POINT('Ctrl Pts',(35.0278975781744,-18.3582272707112,14.9244288611599));
#2419=CARTESIAN_POINT('Ctrl Pts',(34.5986339834271,-20.4306474729197,14.8133913761848));
#2420=CARTESIAN_POINT('Ctrl Pts',(32.6253596641551,-21.1957472009136,14.7023538912097));
#2421=CARTESIAN_POINT('Ctrl Pts',(30.9112414332022,-19.9543780599685,14.5913164062347));
#2422=CARTESIAN_POINT('Ctrl Pts',(31.0226391762084,-17.8409010813105,14.4802789212596));
#2423=CARTESIAN_POINT('Ctrl Pts',(32.8577563946786,-16.7866055186438,14.3692414362845));
#2424=CARTESIAN_POINT('Ctrl Pts',(34.7396684715948,-17.7549042121932,14.2582039513094));
#2425=CARTESIAN_POINT('Ctrl Pts',(34.9486886293703,-19.8609681774284,14.1471664663343));
#2426=CARTESIAN_POINT('Ctrl Pts',(33.2938149758573,-21.1802816670047,14.0361289813592));
#2427=CARTESIAN_POINT('Ctrl Pts',(31.2872666906729,-20.5072593850567,13.9250914963842));
#2428=CARTESIAN_POINT('Ctrl Pts',(30.7626224647089,-18.456907372933,13.814054011409));
#2429=CARTESIAN_POINT('Ctrl Pts',(32.199300814465,-16.9028319987004,13.703016526434));
#2430=CARTESIAN_POINT('Ctrl Pts',(34.2844687831823,-17.2651433332605,13.5919790414589));
#2431=CARTESIAN_POINT('Ctrl Pts',(35.1127052575808,-19.2127622107124,13.4809415564838));
#2432=CARTESIAN_POINT('Ctrl Pts',(33.9271698866088,-20.9659595313497,13.3699040715087));
#2433=CARTESIAN_POINT('Ctrl Pts',(31.8112018335352,-20.9226681023383,13.2588665865337));
#2434=CARTESIAN_POINT('Ctrl Pts',(30.6983672397871,-19.122447531293,13.1478291015585));
#2435=CARTESIAN_POINT('Ctrl Pts',(31.6055714946831,-17.2103347070399,13.0367916165835));
#2436=CARTESIAN_POINT('Ctrl Pts',(33.7038136715045,-16.9336134388345,12.9257541316084));
#2437=CARTESIAN_POINT('Ctrl Pts',(35.0757255249982,-18.5451508160808,12.8147166466333));
#2438=CARTESIAN_POINT('Ctrl Pts',(34.4676574627699,-20.5723283260367,12.7036791616582));
#2439=CARTESIAN_POINT('Ctrl Pts',(32.4352606744494,-21.1627160239171,12.5926416766831));
#2440=CARTESIAN_POINT('Ctrl Pts',(30.8357337707614,-19.7768198947492,12.481604191708));
#2441=CARTESIAN_POINT('Ctrl Pts',(31.1307209688244,-17.6810667588205,12.370566706733));
#2442=CARTESIAN_POINT('Ctrl Pts',(33.0506624010163,-16.7905534069682,12.2595292217579));
#2443=CARTESIAN_POINT('Ctrl Pts',(34.84112320817,-17.9190226472863,12.1484917367828));
#2444=CARTESIAN_POINT('Ctrl Pts',(34.8659795698688,-20.0352942416846,12.0374542518077));
#2445=CARTESIAN_POINT('Ctrl Pts',(33.1025285654465,-21.2055004817624,11.9264167668326));
#2446=CARTESIAN_POINT('Ctrl Pts',(31.1621855605884,-20.3603585112443,11.8153792818575));
#2447=CARTESIAN_POINT('Ctrl Pts',(30.8180743952622,-18.272059286542,11.7043417968825));
#2448=CARTESIAN_POINT('Ctrl Pts',(32.3845557656903,-16.8490812905984,11.5933043119074));
#2449=CARTESIAN_POINT('Ctrl Pts',(34.430358195721,-17.3913443480199,11.4822668269323));
#2450=CARTESIAN_POINT('Ctrl Pts',(35.0856808656731,-19.4041209548887,11.3712293419572));
#2451=CARTESIAN_POINT('Ctrl Pts',(33.7523983321626,-21.04655125539,11.2601918569821));
#2452=CARTESIAN_POINT('Ctrl Pts',(31.6474417321405,-20.8209907836364,11.149154372007));
#2453=CARTESIAN_POINT('Ctrl Pts',(30.6971673540492,-18.9269941070524,11.038116887032));
#2454=CARTESIAN_POINT('Ctrl Pts',(31.4087821384364,-17.7163789647865,10.9640918970486));
#2455=CARTESIAN_POINT('Ctrl Pts',(31.9419615576157,-17.3951177002412,10.9270794020569));
#2456=CARTESIAN_POINT('Ctrl Pts',(33.3613786666111,-20.6878132906689,16.0729205979428));
#2457=CARTESIAN_POINT('Ctrl Pts',(32.8006476334772,-20.838115573096,16.0359081029512));
#2458=CARTESIAN_POINT('Ctrl Pts',(31.5270933453626,-20.532911571914,15.9618831129678));
#2459=CARTESIAN_POINT('Ctrl Pts',(30.8696567922723,-18.6692945847886,15.8508456279927));
#2460=CARTESIAN_POINT('Ctrl Pts',(32.0799363181104,-17.1094548033543,15.7398081430176));
#2461=CARTESIAN_POINT('Ctrl Pts',(34.0457285345953,-17.2764405024268,15.6287706580425));
#2462=CARTESIAN_POINT('Ctrl Pts',(34.9737678226222,-19.0187803051672,15.5177331730674));
#2463=CARTESIAN_POINT('Ctrl Pts',(34.0144891949724,-20.7437748022027,15.4066956880923));
#2464=CARTESIAN_POINT('Ctrl Pts',(32.0452379793251,-20.8754039251286,15.2956582031173));
#2465=CARTESIAN_POINT('Ctrl Pts',(30.8651330217798,-19.2932482116566,15.1846207181422));
#2466=CARTESIAN_POINT('Ctrl Pts',(31.5527392816583,-17.4431457251968,15.0735832331671));
#2467=CARTESIAN_POINT('Ctrl Pts',(33.4796302942053,-17.0156813631683,14.962545748192));
#2468=CARTESIAN_POINT('Ctrl Pts',(34.8850646416825,-18.4014878724417,14.8515082632169));
#2469=CARTESIAN_POINT('Ctrl Pts',(34.4847368376945,-20.3342104201779,14.7404707782418));
#2470=CARTESIAN_POINT('Ctrl Pts',(32.6444769494433,-21.0477363228808,14.6294332932668));
#2471=CARTESIAN_POINT('Ctrl Pts',(31.0459039617269,-19.8900453651244,14.5183958082917));
#2472=CARTESIAN_POINT('Ctrl Pts',(31.149792608173,-17.9190335952041,14.4073583233166));
#2473=CARTESIAN_POINT('Ctrl Pts',(32.8612082863721,-16.9358059641606,14.2963208383415));
#2474=CARTESIAN_POINT('Ctrl Pts',(34.6162644762495,-17.8388336011099,14.1852833533664));
#2475=CARTESIAN_POINT('Ctrl Pts',(34.8111950079214,-19.8029320538498,14.0742458683913));
#2476=CARTESIAN_POINT('Ctrl Pts',(33.2678730404986,-21.0333132893344,13.9632083834162));
#2477=CARTESIAN_POINT('Ctrl Pts',(31.3965821170824,-20.4056580782611,13.8521708984412));
#2478=CARTESIAN_POINT('Ctrl Pts',(30.9073030973259,-18.4935161485479,13.7411334134661));
#2479=CARTESIAN_POINT('Ctrl Pts',(32.2471378651297,-17.0441978522584,13.630095928491));
#2480=CARTESIAN_POINT('Ctrl Pts',(34.1917488782161,-17.3820865125109,13.5190584435159));
#2481=CARTESIAN_POINT('Ctrl Pts',(34.964155606939,-19.1984203403885,13.4080209585408));
#2482=CARTESIAN_POINT('Ctrl Pts',(33.8585347776427,-20.833438175389,13.2969834735657));
#2483=CARTESIAN_POINT('Ctrl Pts',(31.885199851595,-20.7930649340526,13.1859459885906));
#2484=CARTESIAN_POINT('Ctrl Pts',(30.8473791871633,-19.1141935908521,13.0749085036156));
#2485=CARTESIAN_POINT('Ctrl Pts',(31.6934306380086,-17.3309724249364,12.9638710186405));
#2486=CARTESIAN_POINT('Ctrl Pts',(33.6502345532726,-17.0729043777668,12.8528335336654));
#2487=CARTESIAN_POINT('Ctrl Pts',(34.9296686033403,-18.5758112796608,12.7417960486903));
#2488=CARTESIAN_POINT('Ctrl Pts',(34.3625891794019,-20.4663408535281,12.6307585637152));
#2489=CARTESIAN_POINT('Ctrl Pts',(32.4671921481687,-21.0169317107219,12.5197210787401));
#2490=CARTESIAN_POINT('Ctrl Pts',(30.9754861181011,-19.7244560367206,12.4086835937651));
#2491=CARTESIAN_POINT('Ctrl Pts',(31.2505888257383,-17.7699733811368,12.29764610879));
#2492=CARTESIAN_POINT('Ctrl Pts',(33.0411108889647,-16.9394877333174,12.1866086238149));
#2493=CARTESIAN_POINT('Ctrl Pts',(34.7108803542188,-17.9918891444141,12.0755711388398));
#2494=CARTESIAN_POINT('Ctrl Pts',(34.7340611988463,-19.9655071506796,11.9645336538647));
#2495=CARTESIAN_POINT('Ctrl Pts',(33.0894808601471,-21.056832154793,11.8534961688897));
#2496=CARTESIAN_POINT('Ctrl Pts',(31.2799324530071,-20.2686594952534,11.7424586839145));
#2497=CARTESIAN_POINT('Ctrl Pts',(30.959017125389,-18.3211282978152,11.6314211989395));
#2498=CARTESIAN_POINT('Ctrl Pts',(32.4199051547611,-16.9940703706816,11.5203837139644));
#2499=CARTESIAN_POINT('Ctrl Pts',(34.3278041805089,-17.4997805721002,11.4093462289893));
#2500=CARTESIAN_POINT('Ctrl Pts',(34.9389528746345,-19.3768799786326,11.2983087440142));
#2501=CARTESIAN_POINT('Ctrl Pts',(33.6955442202155,-20.9085973743042,11.1872712590391));
#2502=CARTESIAN_POINT('Ctrl Pts',(31.7324784874394,-20.6982414777675,11.076233774064));
#2503=CARTESIAN_POINT('Ctrl Pts',(30.8462601832963,-18.9319152866455,10.965196289089));
#2504=CARTESIAN_POINT('Ctrl Pts',(31.5099064542706,-17.8029052627156,10.8911712991056));
#2505=CARTESIAN_POINT('Ctrl Pts',(32.0071453271298,-17.5032995702797,10.8541588041139));
#2506=CARTESIAN_POINT('Ctrl Pts',(33.3286781219201,-20.5658177366926,15.9999999999999));
#2507=CARTESIAN_POINT('Ctrl Pts',(32.8084768638491,-20.7052561336947,15.9629875050082));
#2508=CARTESIAN_POINT('Ctrl Pts',(31.6269753885406,-20.4221123517359,15.8889625150248));
#2509=CARTESIAN_POINT('Ctrl Pts',(31.0170585089485,-18.6931980524024,15.7779250300497));
#2510=CARTESIAN_POINT('Ctrl Pts',(32.1398587371432,-17.246103868661,15.6668875450746));
#2511=CARTESIAN_POINT('Ctrl Pts',(33.9635630154785,-17.4010198009073,15.5558500600995));
#2512=CARTESIAN_POINT('Ctrl Pts',(34.8245233986998,-19.0174228601552,15.4448125751244));
#2513=CARTESIAN_POINT('Ctrl Pts',(33.9345816628997,-20.617734336601,15.3337750901494));
#2514=CARTESIAN_POINT('Ctrl Pts',(32.1076684027003,-20.7398492745992,15.2227376051743));
#2515=CARTESIAN_POINT('Ctrl Pts',(31.0128617176842,-19.2720521597998,15.1117001201992));
#2516=CARTESIAN_POINT('Ctrl Pts',(31.6507676303411,-17.5556755297463,15.0006626352241));
#2517=CARTESIAN_POINT('Ctrl Pts',(33.4383824931936,-17.1591083954734,14.889625150249));
#2518=CARTESIAN_POINT('Ctrl Pts',(34.7422317051905,-18.4447484741722,14.778587665274));
#2519=CARTESIAN_POINT('Ctrl Pts',(34.3708396919619,-20.237773367436,14.6675501802988));
#2520=CARTESIAN_POINT('Ctrl Pts',(32.6635942347315,-20.8997254448479,14.5565126953238));
#2521=CARTESIAN_POINT('Ctrl Pts',(31.1805664902516,-19.8257126702803,14.4454752103487));
#2522=CARTESIAN_POINT('Ctrl Pts',(31.2769460401377,-17.9971661090976,14.3344377253736));
#2523=CARTESIAN_POINT('Ctrl Pts',(32.8646601780656,-17.0850064096773,14.2234002403985));
#2524=CARTESIAN_POINT('Ctrl Pts',(34.4928604809042,-17.9227629900266,14.1123627554234));
#2525=CARTESIAN_POINT('Ctrl Pts',(34.6737013864725,-19.7448959302712,14.0013252704484));
#2526=CARTESIAN_POINT('Ctrl Pts',(33.24193110514,-20.8863449116642,13.8902877854733));
#2527=CARTESIAN_POINT('Ctrl Pts',(31.5058975434919,-20.3040567714656,13.7792503004982));
#2528=CARTESIAN_POINT('Ctrl Pts',(31.0519837299428,-18.5301249241628,13.6682128155231));
#2529=CARTESIAN_POINT('Ctrl Pts',(32.2949749157944,-17.1855637058164,13.557175330548));
#2530=CARTESIAN_POINT('Ctrl Pts',(34.0990289732497,-17.4990296917614,13.4461378455729));
#2531=CARTESIAN_POINT('Ctrl Pts',(34.8156059562973,-19.1840784700645,13.3351003605978));
#2532=CARTESIAN_POINT('Ctrl Pts',(33.7898996686765,-20.7009168194282,13.2240628756227));
#2533=CARTESIAN_POINT('Ctrl Pts',(31.9591978696548,-20.6634617657669,13.1130253906477));
#2534=CARTESIAN_POINT('Ctrl Pts',(30.9963911345394,-19.1059396504112,13.0019879056726));
#2535=CARTESIAN_POINT('Ctrl Pts',(31.7812897813342,-17.4516101428329,12.8909504206975));
#2536=CARTESIAN_POINT('Ctrl Pts',(33.5966554350407,-17.2121953166992,12.7799129357224));
#2537=CARTESIAN_POINT('Ctrl Pts',(34.7836116816824,-18.6064717432407,12.6688754507473));
#2538=CARTESIAN_POINT('Ctrl Pts',(34.2575208960338,-20.3603533810196,12.5578379657722));
#2539=CARTESIAN_POINT('Ctrl Pts',(32.4991236218879,-20.8711473975266,12.4468004807972));
#2540=CARTESIAN_POINT('Ctrl Pts',(31.1152384654407,-19.6720921786921,12.3357629958221));
#2541=CARTESIAN_POINT('Ctrl Pts',(31.3704566826523,-17.8588800034531,12.224725510847));
#2542=CARTESIAN_POINT('Ctrl Pts',(33.031559376913,-17.0884220596666,12.1136880258719));
#2543=CARTESIAN_POINT('Ctrl Pts',(34.5806375002678,-18.0647556415419,12.0026505408968));
#2544=CARTESIAN_POINT('Ctrl Pts',(34.6021428278238,-19.8957200596746,11.8916130559217));
#2545=CARTESIAN_POINT('Ctrl Pts',(33.0764331548478,-20.9081638278237,11.7805755709467));
#2546=CARTESIAN_POINT('Ctrl Pts',(31.3976793454257,-20.1769604792624,11.6695380859716));
#2547=CARTESIAN_POINT('Ctrl Pts',(31.099959855516,-18.3701973090884,11.5585006009965));
#2548=CARTESIAN_POINT('Ctrl Pts',(32.4552545438318,-17.1390594507648,11.4474631160214));
#2549=CARTESIAN_POINT('Ctrl Pts',(34.2252501652968,-17.6082167961805,11.3364256310463));
#2550=CARTESIAN_POINT('Ctrl Pts',(34.7922248835958,-19.3496390023764,11.2253881460712));
#2551=CARTESIAN_POINT('Ctrl Pts',(33.6386901082686,-20.7706434932183,11.1143506610961));
#2552=CARTESIAN_POINT('Ctrl Pts',(31.8175152427382,-20.5754921718986,11.0033131761211));
#2553=CARTESIAN_POINT('Ctrl Pts',(30.9953530125434,-18.9368364662386,10.892275691146));
#2554=CARTESIAN_POINT('Ctrl Pts',(31.6110307701048,-17.8894315606448,10.8182507011626));
#2555=CARTESIAN_POINT('Ctrl Pts',(32.0723290966439,-17.6114814403182,10.7812382061709));
#2556=CARTESIAN_POINT('',(31.9464463783179,-20.3044160539186,10.9999999999999));
#2557=CARTESIAN_POINT('Ctrl Pts',(31.8767777881016,-17.2869358302028,10.9999999999999));
#2558=CARTESIAN_POINT('Ctrl Pts',(31.817869967361,-17.3306552586817,10.9999999999999));
#2559=CARTESIAN_POINT('Ctrl Pts',(31.7616888497595,-17.3777966377927,10.9999999999999));
#2560=CARTESIAN_POINT('Ctrl Pts',(31.7083703262227,-17.4280255610431,10.9999999999999));
#2561=CARTESIAN_POINT('Ctrl Pts',(31.671207274821,-17.4630351586984,10.9999999999999));
#2562=CARTESIAN_POINT('Ctrl Pts',(31.6354356996403,-17.4995455552853,10.9999999999999));
#2563=CARTESIAN_POINT('Ctrl Pts',(31.6011141243421,-17.5374509595861,10.9999999999999));
#2564=CARTESIAN_POINT('Ctrl Pts',(31.5906687728679,-17.5489870055646,10.9999999999999));
#2565=CARTESIAN_POINT('Ctrl Pts',(31.5803577987103,-17.5606522902676,10.9999999999999));
#2566=CARTESIAN_POINT('Ctrl Pts',(31.5701830555293,-17.5724439021325,10.9999999999999));
#2567=CARTESIAN_POINT('Ctrl Pts',(31.5592644003377,-17.5850976410833,10.9999999999999));
#2568=CARTESIAN_POINT('Ctrl Pts',(31.5485085107072,-17.5978900766273,10.9999999999999));
#2569=CARTESIAN_POINT('Ctrl Pts',(31.5379194108116,-17.6108144564203,10.9999999999999));
#2570=CARTESIAN_POINT('Ctrl Pts',(31.4986808397765,-17.6587065529716,10.9999999999999));
#2571=CARTESIAN_POINT('Ctrl Pts',(31.4617199641215,-17.7084218825286,10.9999999999999));
#2572=CARTESIAN_POINT('Ctrl Pts',(31.4271352758721,-17.7597651903646,10.9999999999999));
#2573=CARTESIAN_POINT('Ctrl Pts',(31.3958141821682,-17.8062634714596,10.9999999999999));
#2574=CARTESIAN_POINT('Ctrl Pts',(31.3664421863369,-17.8540973815738,10.9999999999999));
#2575=CARTESIAN_POINT('Ctrl Pts',(31.339110817469,-17.9031266778261,10.9999999999999));
#2576=CARTESIAN_POINT('Ctrl Pts',(31.3326584778019,-17.9147014245791,10.9999999999999));
#2577=CARTESIAN_POINT('Ctrl Pts',(31.3263200154364,-17.9263428792063,10.9999999999999));
#2578=CARTESIAN_POINT('Ctrl Pts',(31.3201033009162,-17.9380363447807,10.9999999999999));
#2579=CARTESIAN_POINT('Ctrl Pts',(31.2866045429694,-18.001046568519,10.9999999999999));
#2580=CARTESIAN_POINT('Ctrl Pts',(31.2565849600072,-18.065657286385,10.9999999999999));
#2581=CARTESIAN_POINT('Ctrl Pts',(31.2301849250708,-18.1315659421058,10.9999999999999));
#2582=CARTESIAN_POINT('Ctrl Pts',(31.2043410622165,-18.19608609382,10.9999999999999));
#2583=CARTESIAN_POINT('Ctrl Pts',(31.1819657369462,-18.2618510307343,10.9999999999999));
#2584=CARTESIAN_POINT('Ctrl Pts',(31.1632388589168,-18.3285845931185,10.9999999999999));
#2585=CARTESIAN_POINT('Ctrl Pts',(31.1492486877352,-18.3784388165428,10.9999999999999));
#2586=CARTESIAN_POINT('Ctrl Pts',(31.1372956881595,-18.4288338610799,10.9999999999999));
#2587=CARTESIAN_POINT('Ctrl Pts',(31.1274736339425,-18.4796528324228,10.9999999999999));
#2588=CARTESIAN_POINT('Ctrl Pts',(31.1224047231948,-18.5058792026239,10.9999999999999));
#2589=CARTESIAN_POINT('Ctrl Pts',(31.117903621771,-18.5322184300477,10.9999999999999));
#2590=CARTESIAN_POINT('Ctrl Pts',(31.1139849844531,-18.5586539887398,10.9999999999999));
#2591=CARTESIAN_POINT('Ctrl Pts',(31.1121519935366,-18.5710195472295,10.9999999999999));
#2592=CARTESIAN_POINT('Ctrl Pts',(31.1104464641706,-18.5834061775735,10.9999999999999));
#2593=CARTESIAN_POINT('Ctrl Pts',(31.108869989414,-18.5958121556094,10.9999999999999));
#2594=CARTESIAN_POINT('Ctrl Pts',(31.1075716798974,-18.6060291281806,10.9999999999999));
#2595=CARTESIAN_POINT('Ctrl Pts',(31.1063612451488,-18.6162569134833,10.9999999999999));
#2596=CARTESIAN_POINT('Ctrl Pts',(31.1052402784408,-18.6264859107243,10.9999999999999));
#2597=CARTESIAN_POINT('Ctrl Pts',(31.0979416866294,-18.6930867071341,10.9999999999999));
#2598=CARTESIAN_POINT('Ctrl Pts',(31.0944180845431,-18.7598447007035,10.9999999999999));
#2599=CARTESIAN_POINT('Ctrl Pts',(31.0948277340977,-18.8265053907772,10.9999999999999));
#2600=CARTESIAN_POINT('Ctrl Pts',(31.0950648676829,-18.8650932233577,10.9999999999999));
#2601=CARTESIAN_POINT('Ctrl Pts',(31.0966209217963,-18.9036484277492,10.9999999999999));
#2602=CARTESIAN_POINT('Ctrl Pts',(31.0995345352339,-18.9421203281048,10.9999999999999));
#2603=CARTESIAN_POINT('Ctrl Pts',(31.1047492204985,-19.0109760140689,10.9999999999999));
#2604=CARTESIAN_POINT('Ctrl Pts',(31.1143101311778,-19.0795666391982,10.9999999999999));
#2605=CARTESIAN_POINT('Ctrl Pts',(31.1280359660874,-19.1475548551719,10.9999999999999));
#2606=CARTESIAN_POINT('Ctrl Pts',(31.1340410188604,-19.1772996996604,10.9999999999999));
#2607=CARTESIAN_POINT('Ctrl Pts',(31.140843872007,-19.2069288837776,10.9999999999999));
#2608=CARTESIAN_POINT('Ctrl Pts',(31.148431925676,-19.2364121637199,10.9999999999999));
#2609=CARTESIAN_POINT('Ctrl Pts',(31.1521442287724,-19.2508362672117,10.9999999999999));
#2610=CARTESIAN_POINT('Ctrl Pts',(31.1560444880464,-19.2652254277762,10.9999999999999));
#2611=CARTESIAN_POINT('Ctrl Pts',(31.1601313454458,-19.2795759721517,10.9999999999999));
#2612=CARTESIAN_POINT('Ctrl Pts',(31.1633075243165,-19.2907287703468,10.9999999999999));
#2613=CARTESIAN_POINT('Ctrl Pts',(31.1665966029516,-19.301858559552,10.9999999999999));
#2614=CARTESIAN_POINT('Ctrl Pts',(31.1699932330058,-19.3129490535968,10.9999999999999));
#2615=CARTESIAN_POINT('Ctrl Pts',(31.1895781705479,-19.3768967398954,10.9999999999999));
#2616=CARTESIAN_POINT('Ctrl Pts',(31.212768211438,-19.4396600339905,10.9999999999999));
#2617=CARTESIAN_POINT('Ctrl Pts',(31.2393614727418,-19.5009502738956,10.9999999999999));
#2618=CARTESIAN_POINT('Ctrl Pts',(31.2659008446046,-19.5621163132852,10.9999999999999));
#2619=CARTESIAN_POINT('Ctrl Pts',(31.2958304117005,-19.62181614784,10.9999999999999));
#2620=CARTESIAN_POINT('Ctrl Pts',(31.3289908973462,-19.6797322675245,10.9999999999999));
#2621=CARTESIAN_POINT('Ctrl Pts',(31.361482785705,-19.7364806552012,10.9999999999999));
#2622=CARTESIAN_POINT('Ctrl Pts',(31.3970773799673,-19.7915171974345,10.9999999999999));
#2623=CARTESIAN_POINT('Ctrl Pts',(31.4356532902343,-19.844502536337,10.9999999999999));
#2624=CARTESIAN_POINT('Ctrl Pts',(31.443482256011,-19.8552558899731,10.9999999999999));
#2625=CARTESIAN_POINT('Ctrl Pts',(31.4514340920073,-19.8659246025779,10.9999999999999));
#2626=CARTESIAN_POINT('Ctrl Pts',(31.459507888101,-19.8765055901274,10.9999999999999));
#2627=CARTESIAN_POINT('Ctrl Pts',(31.4665241324567,-19.8857006197406,10.9999999999999));
#2628=CARTESIAN_POINT('Ctrl Pts',(31.4736329994545,-19.8948299060418,10.9999999999999));
#2629=CARTESIAN_POINT('Ctrl Pts',(31.4808236866743,-19.9038789458373,10.9999999999999));
#2630=CARTESIAN_POINT('Ctrl Pts',(31.5207833505279,-19.9541657372623,10.9999999999999));
#2631=CARTESIAN_POINT('Ctrl Pts',(31.5633385922003,-20.0020727185394,10.9999999999999));
#2632=CARTESIAN_POINT('Ctrl Pts',(31.6083372480631,-20.0473188090338,10.9999999999999));
#2633=CARTESIAN_POINT('Ctrl Pts',(31.6525057042193,-20.0917301347929,10.9999999999999));
#2634=CARTESIAN_POINT('Ctrl Pts',(31.6990289665019,-20.1335784203604,10.9999999999999));
#2635=CARTESIAN_POINT('Ctrl Pts',(31.7477878023358,-20.1725548238138,10.9999999999999));
#2636=CARTESIAN_POINT('Ctrl Pts',(31.794897499452,-20.2102129534628,10.9999999999999));
#2637=CARTESIAN_POINT('Ctrl Pts',(31.8440947194466,-20.2451904979827,10.9999999999999));
#2638=CARTESIAN_POINT('Ctrl Pts',(31.8952854516134,-20.2771621720675,10.9999999999999));
#2639=CARTESIAN_POINT('Ctrl Pts',(31.9116634660895,-20.2873912217182,10.9999999999999));
#2640=CARTESIAN_POINT('Ctrl Pts',(31.9282456105894,-20.2973121969804,10.9999999999999));
#2641=CARTESIAN_POINT('Ctrl Pts',(31.9450289608259,-20.3069133079917,10.9999999999999));
#2642=CARTESIAN_POINT('',(33.3286781219201,-20.5658177366926,15.9999999999999));
#2643=CARTESIAN_POINT('Ctrl Pts',(33.3286781219201,-20.5658177366926,15.9999999999999));
#2644=CARTESIAN_POINT('Ctrl Pts',(32.8084768638491,-20.7052561336947,15.9629875050082));
#2645=CARTESIAN_POINT('Ctrl Pts',(31.6269753885406,-20.4221123517359,15.8889625150248));
#2646=CARTESIAN_POINT('Ctrl Pts',(31.0170585089485,-18.6931980524024,15.7779250300497));
#2647=CARTESIAN_POINT('Ctrl Pts',(32.1398587371432,-17.246103868661,15.6668875450746));
#2648=CARTESIAN_POINT('Ctrl Pts',(33.9635630154785,-17.4010198009073,15.5558500600995));
#2649=CARTESIAN_POINT('Ctrl Pts',(34.8245233986998,-19.0174228601552,15.4448125751244));
#2650=CARTESIAN_POINT('Ctrl Pts',(33.9345816628997,-20.617734336601,15.3337750901494));
#2651=CARTESIAN_POINT('Ctrl Pts',(32.1076684027003,-20.7398492745992,15.2227376051743));
#2652=CARTESIAN_POINT('Ctrl Pts',(31.0128617176842,-19.2720521597998,15.1117001201992));
#2653=CARTESIAN_POINT('Ctrl Pts',(31.6507676303411,-17.5556755297463,15.0006626352241));
#2654=CARTESIAN_POINT('Ctrl Pts',(33.4383824931936,-17.1591083954734,14.889625150249));
#2655=CARTESIAN_POINT('Ctrl Pts',(34.7422317051905,-18.4447484741722,14.778587665274));
#2656=CARTESIAN_POINT('Ctrl Pts',(34.3708396919619,-20.237773367436,14.6675501802988));
#2657=CARTESIAN_POINT('Ctrl Pts',(32.6635942347315,-20.8997254448479,14.5565126953238));
#2658=CARTESIAN_POINT('Ctrl Pts',(31.1805664902516,-19.8257126702803,14.4454752103487));
#2659=CARTESIAN_POINT('Ctrl Pts',(31.2769460401377,-17.9971661090976,14.3344377253736));
#2660=CARTESIAN_POINT('Ctrl Pts',(32.8646601780656,-17.0850064096773,14.2234002403985));
#2661=CARTESIAN_POINT('Ctrl Pts',(34.4928604809042,-17.9227629900266,14.1123627554234));
#2662=CARTESIAN_POINT('Ctrl Pts',(34.6737013864725,-19.7448959302712,14.0013252704484));
#2663=CARTESIAN_POINT('Ctrl Pts',(33.24193110514,-20.8863449116642,13.8902877854733));
#2664=CARTESIAN_POINT('Ctrl Pts',(31.5058975434919,-20.3040567714656,13.7792503004982));
#2665=CARTESIAN_POINT('Ctrl Pts',(31.0519837299428,-18.5301249241628,13.6682128155231));
#2666=CARTESIAN_POINT('Ctrl Pts',(32.2949749157944,-17.1855637058164,13.557175330548));
#2667=CARTESIAN_POINT('Ctrl Pts',(34.0990289732497,-17.4990296917614,13.4461378455729));
#2668=CARTESIAN_POINT('Ctrl Pts',(34.8156059562973,-19.1840784700645,13.3351003605978));
#2669=CARTESIAN_POINT('Ctrl Pts',(33.7898996686765,-20.7009168194282,13.2240628756227));
#2670=CARTESIAN_POINT('Ctrl Pts',(31.9591978696548,-20.6634617657669,13.1130253906477));
#2671=CARTESIAN_POINT('Ctrl Pts',(30.9963911345394,-19.1059396504112,13.0019879056726));
#2672=CARTESIAN_POINT('Ctrl Pts',(31.7812897813342,-17.4516101428329,12.8909504206975));
#2673=CARTESIAN_POINT('Ctrl Pts',(33.5966554350407,-17.2121953166992,12.7799129357224));
#2674=CARTESIAN_POINT('Ctrl Pts',(34.7836116816824,-18.6064717432407,12.6688754507473));
#2675=CARTESIAN_POINT('Ctrl Pts',(34.2575208960338,-20.3603533810196,12.5578379657722));
#2676=CARTESIAN_POINT('Ctrl Pts',(32.4991236218879,-20.8711473975266,12.4468004807972));
#2677=CARTESIAN_POINT('Ctrl Pts',(31.1152384654407,-19.6720921786921,12.3357629958221));
#2678=CARTESIAN_POINT('Ctrl Pts',(31.3704566826523,-17.8588800034531,12.224725510847));
#2679=CARTESIAN_POINT('Ctrl Pts',(33.031559376913,-17.0884220596666,12.1136880258719));
#2680=CARTESIAN_POINT('Ctrl Pts',(34.5806375002678,-18.0647556415419,12.0026505408968));
#2681=CARTESIAN_POINT('Ctrl Pts',(34.6021428278238,-19.8957200596746,11.8916130559217));
#2682=CARTESIAN_POINT('Ctrl Pts',(33.0764331548478,-20.9081638278237,11.7805755709467));
#2683=CARTESIAN_POINT('Ctrl Pts',(31.3976793454257,-20.1769604792624,11.6695380859716));
#2684=CARTESIAN_POINT('Ctrl Pts',(31.099959855516,-18.3701973090884,11.5585006009965));
#2685=CARTESIAN_POINT('Ctrl Pts',(32.4552545438318,-17.1390594507648,11.4474631160214));
#2686=CARTESIAN_POINT('Ctrl Pts',(34.2252501652968,-17.6082167961805,11.3364256310463));
#2687=CARTESIAN_POINT('Ctrl Pts',(34.7922248835958,-19.3496390023764,11.2253881460712));
#2688=CARTESIAN_POINT('Ctrl Pts',(33.6386901082686,-20.7706434932183,11.1143506610961));
#2689=CARTESIAN_POINT('Ctrl Pts',(32.4064599092933,-20.6386016140712,11.0392212790724));
#2690=CARTESIAN_POINT('Ctrl Pts',(31.9578746446955,-20.3164546462853,11.0011043920403));
#2691=CARTESIAN_POINT('Ctrl Pts',(31.9450289608259,-20.3069133079917,10.9999999999999));
#2692=CARTESIAN_POINT('Ctrl Pts',(30.9226472536918,-18.738040942751,15.9999999999999));
#2693=CARTESIAN_POINT('Ctrl Pts',(30.9204264547919,-18.8095735873092,15.9999999999999));
#2694=CARTESIAN_POINT('Ctrl Pts',(30.9223768303794,-18.8810940808119,15.9999999999999));
#2695=CARTESIAN_POINT('Ctrl Pts',(30.9283045503483,-18.952298581728,15.9999999999999));
#2696=CARTESIAN_POINT('Ctrl Pts',(30.9343919603728,-19.0254212992206,15.9999999999999));
#2697=CARTESIAN_POINT('Ctrl Pts',(30.944674251331,-19.098211798526,15.9999999999999));
#2698=CARTESIAN_POINT('Ctrl Pts',(30.9589943674825,-19.1703293247345,15.9999999999999));
#2699=CARTESIAN_POINT('Ctrl Pts',(30.9705108077678,-19.2283272610164,15.9999999999999));
#2700=CARTESIAN_POINT('Ctrl Pts',(30.9846398912216,-19.2858899222091,15.9999999999999));
#2701=CARTESIAN_POINT('Ctrl Pts',(31.0013211534819,-19.3428279220149,15.9999999999999));
#2702=CARTESIAN_POINT('Ctrl Pts',(31.0097782807523,-19.3716945571269,15.9999999999999));
#2703=CARTESIAN_POINT('Ctrl Pts',(31.0188916801431,-19.4004004247319,15.9999999999999));
#2704=CARTESIAN_POINT('Ctrl Pts',(31.0286550665311,-19.4289193311029,15.9999999999999));
#2705=CARTESIAN_POINT('Ctrl Pts',(31.0345632758722,-19.4461772437086,15.9999999999999));
#2706=CARTESIAN_POINT('Ctrl Pts',(31.0407095260915,-19.4633666709229,15.9999999999999));
#2707=CARTESIAN_POINT('Ctrl Pts',(31.0470925951674,-19.4804815925766,15.9999999999999));
#2708=CARTESIAN_POINT('Ctrl Pts',(31.0515520364392,-19.4924386914391,15.9999999999999));
#2709=CARTESIAN_POINT('Ctrl Pts',(31.0561244345923,-19.5043522311374,15.9999999999999));
#2710=CARTESIAN_POINT('Ctrl Pts',(31.0608063576854,-19.516213922314,15.9999999999999));
#2711=CARTESIAN_POINT('Ctrl Pts',(31.0871745480443,-19.5830179523468,15.9999999999999));
#2712=CARTESIAN_POINT('Ctrl Pts',(31.1170374376822,-19.6482451322114,15.9999999999999));
#2713=CARTESIAN_POINT('Ctrl Pts',(31.1502468122379,-19.7115774790643,15.9999999999999));
#2714=CARTESIAN_POINT('Ctrl Pts',(31.1830173922913,-19.7740730174562,15.9999999999999));
#2715=CARTESIAN_POINT('Ctrl Pts',(31.2190472535482,-19.8347242672602,15.9999999999999));
#2716=CARTESIAN_POINT('Ctrl Pts',(31.2582319957844,-19.8931928233872,15.9999999999999));
#2717=CARTESIAN_POINT('Ctrl Pts',(31.2876205524615,-19.9370442404824,15.9999999999999));
#2718=CARTESIAN_POINT('Ctrl Pts',(31.318784550004,-19.9796672965442,15.9999999999999));
#2719=CARTESIAN_POINT('Ctrl Pts',(31.351691104855,-20.0209028150166,15.9999999999999));
#2720=CARTESIAN_POINT('Ctrl Pts',(31.3698426008248,-20.0436486281457,15.9999999999999));
#2721=CARTESIAN_POINT('Ctrl Pts',(31.3885244602102,-20.0659719835999,15.9999999999999));
#2722=CARTESIAN_POINT('Ctrl Pts',(31.4077321733011,-20.0878439606828,15.9999999999999));
#2723=CARTESIAN_POINT('Ctrl Pts',(31.4190625715301,-20.1007459760988,15.9999999999999));
#2724=CARTESIAN_POINT('Ctrl Pts',(31.430580472729,-20.113495528036,15.9999999999999));
#2725=CARTESIAN_POINT('Ctrl Pts',(31.4422608128199,-20.1260609797613,15.9999999999999));
#2726=CARTESIAN_POINT('Ctrl Pts',(31.4881013476324,-20.1753752140016,15.9999999999999));
#2727=CARTESIAN_POINT('Ctrl Pts',(31.5364926915292,-20.2219196552218,15.9999999999999));
#2728=CARTESIAN_POINT('Ctrl Pts',(31.5873350836736,-20.265398260916,15.9999999999999));
#2729=CARTESIAN_POINT('Ctrl Pts',(31.6210173704891,-20.2942021547841,15.9999999999999));
#2730=CARTESIAN_POINT('Ctrl Pts',(31.6557760590061,-20.321659749534,15.9999999999999));
#2731=CARTESIAN_POINT('Ctrl Pts',(31.6915885598104,-20.3476740245275,15.9999999999999));
#2732=CARTESIAN_POINT('Ctrl Pts',(31.7492053377109,-20.3895269717073,15.9999999999999));
#2733=CARTESIAN_POINT('Ctrl Pts',(31.8095498354083,-20.4276469798005,15.9999999999999));
#2734=CARTESIAN_POINT('Ctrl Pts',(31.8722302558527,-20.4619507040192,15.9999999999999));
#2735=CARTESIAN_POINT('Ctrl Pts',(31.9009736286053,-20.4776813695928,15.9999999999999));
#2736=CARTESIAN_POINT('Ctrl Pts',(31.9302083502541,-20.4926086860232,15.9999999999999));
#2737=CARTESIAN_POINT('Ctrl Pts',(31.9598967427599,-20.5067203448473,15.9999999999999));
#2738=CARTESIAN_POINT('Ctrl Pts',(31.9700624759949,-20.5115523800975,15.9999999999999));
#2739=CARTESIAN_POINT('Ctrl Pts',(31.980283667889,-20.516289778275,15.9999999999999));
#2740=CARTESIAN_POINT('Ctrl Pts',(31.9905513146712,-20.5209286087359,15.9999999999999));
#2741=CARTESIAN_POINT('Ctrl Pts',(32.0514510385675,-20.5484425562123,15.9999999999999));
#2742=CARTESIAN_POINT('Ctrl Pts',(32.1138266769578,-20.5724242452362,15.9999999999999));
#2743=CARTESIAN_POINT('Ctrl Pts',(32.1773400048979,-20.5928534621269,15.9999999999999));
#2744=CARTESIAN_POINT('Ctrl Pts',(32.2409180241403,-20.6133034871328,15.9999999999999));
#2745=CARTESIAN_POINT('Ctrl Pts',(32.3056371877568,-20.6301938072367,15.9999999999999));
#2746=CARTESIAN_POINT('Ctrl Pts',(32.3711639121397,-20.6434524730725,15.9999999999999));
#2747=CARTESIAN_POINT('Ctrl Pts',(32.4355740094801,-20.6564852007899,15.9999999999999));
#2748=CARTESIAN_POINT('Ctrl Pts',(32.5007653853748,-20.6660088532346,15.9999999999999));
#2749=CARTESIAN_POINT('Ctrl Pts',(32.566410859462,-20.6719064034102,15.9999999999999));
#2750=CARTESIAN_POINT('Ctrl Pts',(32.5875957564148,-20.6738096418966,15.9999999999999));
#2751=CARTESIAN_POINT('Ctrl Pts',(32.6088278022993,-20.6753348604168,15.9999999999999));
#2752=CARTESIAN_POINT('Ctrl Pts',(32.630095504421,-20.676477052317,15.9999999999999));
#2753=CARTESIAN_POINT('Ctrl Pts',(32.6430779169416,-20.6771742788599,15.9999999999999));
#2754=CARTESIAN_POINT('Ctrl Pts',(32.6560695322259,-20.6777284822971,15.9999999999999));
#2755=CARTESIAN_POINT('Ctrl Pts',(32.6690583164498,-20.6781386112615,15.9999999999999));
#2756=CARTESIAN_POINT('Ctrl Pts',(32.7253262466091,-20.679915306257,15.9999999999999));
#2757=CARTESIAN_POINT('Ctrl Pts',(32.7815947570046,-20.6789934156636,15.9999999999999));
#2758=CARTESIAN_POINT('Ctrl Pts',(32.8376546283348,-20.675313641814,15.9999999999999));
#2759=CARTESIAN_POINT('Ctrl Pts',(32.8855815956347,-20.6721677123502,15.9999999999999));
#2760=CARTESIAN_POINT('Ctrl Pts',(32.9333561438528,-20.6670055897598,15.9999999999999));
#2761=CARTESIAN_POINT('Ctrl Pts',(32.9808401458482,-20.6597740922895,15.9999999999999));
#2762=CARTESIAN_POINT('Ctrl Pts',(32.9954295878123,-20.6575522173795,15.9999999999999));
#2763=CARTESIAN_POINT('Ctrl Pts',(33.0099904775204,-20.6551349292585,15.9999999999999));
#2764=CARTESIAN_POINT('Ctrl Pts',(33.0245062357622,-20.6525230700891,15.9999999999999));
#2765=CARTESIAN_POINT('Ctrl Pts',(33.0852659232584,-20.6415904171564,15.9999999999999));
#2766=CARTESIAN_POINT('Ctrl Pts',(33.1452962428395,-20.6272435140038,15.9999999999999));
#2767=CARTESIAN_POINT('Ctrl Pts',(33.2043031965601,-20.6093797910998,15.9999999999999));
#2768=CARTESIAN_POINT('Ctrl Pts',(33.2463192038115,-20.5966598951596,15.9999999999999));
#2769=CARTESIAN_POINT('Ctrl Pts',(33.287815979414,-20.5821559929824,15.9999999999999));
#2770=CARTESIAN_POINT('Ctrl Pts',(33.3286781219201,-20.5658177366926,15.9999999999999));
#2771=CARTESIAN_POINT('Ctrl Pts',(34.3128734606345,-19.8105467291665,16.087489831517));
#2772=CARTESIAN_POINT('Ctrl Pts',(34.1781428971561,-20.0439069104435,16.0689713129985));
#2773=CARTESIAN_POINT('Ctrl Pts',(33.7902630364316,-20.4395471966052,16.0319342759614));
#2774=CARTESIAN_POINT('Ctrl Pts',(32.7269036533306,-20.7767278423621,15.9578602018874));
#2775=CARTESIAN_POINT('Ctrl Pts',(31.3547526951955,-20.1208449449321,15.8652676092948));
#2776=CARTESIAN_POINT('Ctrl Pts',(31.1247916648832,-18.2988369929677,15.7541564981837));
#2777=CARTESIAN_POINT('Ctrl Pts',(32.5296769201169,-17.1226613359967,15.6430453870726));
#2778=CARTESIAN_POINT('Ctrl Pts',(34.2803398190256,-17.6619299710253,15.5319342759614));
#2779=CARTESIAN_POINT('Ctrl Pts',(34.7769413304585,-19.426484280443,15.4208231648503));
#2780=CARTESIAN_POINT('Ctrl Pts',(33.5642068318206,-20.8003052742536,15.3097120537392));
#2781=CARTESIAN_POINT('Ctrl Pts',(31.7521430207955,-20.5272844085379,15.1986009426281));
#2782=CARTESIAN_POINT('Ctrl Pts',(30.9983862772606,-18.8568036440535,15.087489831517));
#2783=CARTESIAN_POINT('Ctrl Pts',(31.9926719135617,-17.3174025562116,14.9763787204059));
#2784=CARTESIAN_POINT('Ctrl Pts',(33.8252615201484,-17.3173881766327,14.8652676092948));
#2785=CARTESIAN_POINT('Ctrl Pts',(34.8195348153132,-18.8568251281843,14.7541564981837));
#2786=CARTESIAN_POINT('Ctrl Pts',(34.0658088514704,-20.5272452051307,14.6430453870726));
#2787=CARTESIAN_POINT('Ctrl Pts',(32.2536806147219,-20.8003815664038,14.5319342759615));
#2788=CARTESIAN_POINT('Ctrl Pts',(31.0410760198702,-19.426333203786,14.4208231648503));
#2789=CARTESIAN_POINT('Ctrl Pts',(31.5374179539542,-17.6622304995969,14.3097120537392));
#2790=CARTESIAN_POINT('Ctrl Pts',(33.2885985277904,-17.1220625592054,14.1986009426281));
#2791=CARTESIAN_POINT('Ctrl Pts',(34.6924500234062,-18.3000338910855,14.087489831517));
#2792=CARTESIAN_POINT('Ctrl Pts',(34.4645779794051,-20.1184093081816,13.9763787204059));
#2793=CARTESIAN_POINT('Ctrl Pts',(32.8134643510876,-20.9135437615238,13.8652676092948));
#2794=CARTESIAN_POINT('Ctrl Pts',(31.2497252745696,-19.95796269412,13.7541564981837));
#2795=CARTESIAN_POINT('Ctrl Pts',(31.2040373457475,-18.1259344171863,13.6430453870726));
#2796=CARTESIAN_POINT('Ctrl Pts',(32.7182007769879,-17.0935952644525,13.5319342759615));
#2797=CARTESIAN_POINT('Ctrl Pts',(34.406896138375,-17.8054400538342,13.4208231648503));
#2798=CARTESIAN_POINT('Ctrl Pts',(34.7251234216362,-19.6101966618425,13.3097120537392));
#2799=CARTESIAN_POINT('Ctrl Pts',(33.3817341092384,-20.8566797854522,13.1986009426281));
#2800=CARTESIAN_POINT('Ctrl Pts',(31.6058051205193,-20.4044726992548,13.087489831517));
#2801=CARTESIAN_POINT('Ctrl Pts',(31.0221471575212,-18.6673030460519,12.9763787204059));
#2802=CARTESIAN_POINT('Ctrl Pts',(32.1647532524686,-17.234520322155,12.8652676092948));
#2803=CARTESIAN_POINT('Ctrl Pts',(33.9882445496221,-17.4169881471725,12.7541564981837));
#2804=CARTESIAN_POINT('Ctrl Pts',(34.8242952389926,-19.0477653461005,12.6430453870726));
#2805=CARTESIAN_POINT('Ctrl Pts',(33.9079962908294,-20.634841670783,12.5319342759615));
#2806=CARTESIAN_POINT('Ctrl Pts',(32.0776764733311,-20.7261891392645,12.4208231648503));
#2807=CARTESIAN_POINT('Ctrl Pts',(31.0079090368686,-19.2382332569566,12.3097120537392));
#2808=CARTESIAN_POINT('Ctrl Pts',(31.6774322570452,-17.5323160051088,12.1986009426281));
#2809=CARTESIAN_POINT('Ctrl Pts',(33.4736942285003,-17.1691937724646,12.087489831517));
#2810=CARTESIAN_POINT('Ctrl Pts',(34.7532816672706,-18.4810899066977,11.9763787204059));
#2811=CARTESIAN_POINT('Ctrl Pts',(34.3454900341661,-20.2677406252149,11.8652676092948));
#2812=CARTESIAN_POINT('Ctrl Pts',(32.6234117981161,-20.8945262467638,11.7541564981837));
#2813=CARTESIAN_POINT('Ctrl Pts',(31.1625874985465,-19.787995103029,11.6430453870726));
#2814=CARTESIAN_POINT('Ctrl Pts',(31.2995396024334,-17.9605224385245,11.5319342759615));
#2815=CARTESIAN_POINT('Ctrl Pts',(32.9089628342356,-17.0840733966675,11.4208231648503));
#2816=CARTESIAN_POINT('Ctrl Pts',(34.5183973442421,-17.9605242345819,11.3097120537392));
#2817=CARTESIAN_POINT('Ctrl Pts',(34.655332597677,-19.787990623532,11.1986009426281));
#2818=CARTESIAN_POINT('Ctrl Pts',(33.1945390461487,-20.8945356228958,11.087489831517));
#2819=CARTESIAN_POINT('Ctrl Pts',(31.4724009727009,-20.267721719956,10.9763787204059));
#2820=CARTESIAN_POINT('Ctrl Pts',(31.0647278305171,-18.4811276817133,10.8652676092948));
#2821=CARTESIAN_POINT('Ctrl Pts',(32.3440795796135,-17.1691184632604,10.7541564981837));
#2822=CARTESIAN_POINT('Ctrl Pts',(34.1408109147219,-17.5324660674661,10.6430453870726));
#2823=CARTESIAN_POINT('Ctrl Pts',(34.8093988475468,-19.2379341622782,10.5319342759615));
#2824=CARTESIAN_POINT('Ctrl Pts',(33.7414992228651,-20.7267867903206,10.4208231648503));
#2825=CARTESIAN_POINT('Ctrl Pts',(31.9074009653553,-20.6336276024549,10.3097120537392));
#2826=CARTESIAN_POINT('Ctrl Pts',(31.1508110800159,-19.3143276470035,10.2171194611466));
#2827=CARTESIAN_POINT('Ctrl Pts',(31.4075839540855,-18.228744091194,10.1430453870726));
#2828=CARTESIAN_POINT('Ctrl Pts',(31.7731316514716,-17.812382585618,10.1060083500355));
#2829=CARTESIAN_POINT('Ctrl Pts',(31.9957708827342,-17.6605897279349,10.087489831517));
#2830=CARTESIAN_POINT('Ctrl Pts',(34.301541287134,-19.8040040957456,16.0799350491834));
#2831=CARTESIAN_POINT('Ctrl Pts',(34.167898192869,-20.0354807250934,16.0614165306649));
#2832=CARTESIAN_POINT('Ctrl Pts',(33.7831493524781,-20.4279273414321,16.0243794936278));
#2833=CARTESIAN_POINT('Ctrl Pts',(32.728373091542,-20.7623864183725,15.9503054195538));
#2834=CARTESIAN_POINT('Ctrl Pts',(31.3672981415141,-20.1117976178406,15.8577128269611));
#2835=CARTESIAN_POINT('Ctrl Pts',(31.1391932156377,-18.3044966929069,15.74660171585));
#2836=CARTESIAN_POINT('Ctrl Pts',(32.5327384976488,-17.1378149278289,15.6354906047389));
#2837=CARTESIAN_POINT('Ctrl Pts',(34.2692702784747,-17.6727306782229,15.5243794936278));
#2838=CARTESIAN_POINT('Ctrl Pts',(34.7618633092183,-19.4230417604574,15.4132683825167));
#2839=CARTESIAN_POINT('Ctrl Pts',(33.558917817309,-20.7857734775821,15.3021572714056));
#2840=CARTESIAN_POINT('Ctrl Pts',(31.7614807204564,-20.5149563943676,15.1910461602945));
#2841=CARTESIAN_POINT('Ctrl Pts',(31.0138081881086,-18.8579595040953,15.0799350491834));
#2842=CARTESIAN_POINT('Ctrl Pts',(32.0000680987737,-17.330984233579,14.9688239380723));
#2843=CARTESIAN_POINT('Ctrl Pts',(33.8178653129098,-17.3309699702612,14.8577128269612));
#2844=CARTESIAN_POINT('Ctrl Pts',(34.8041129814275,-18.8579808145236,14.74660171585));
#2845=CARTESIAN_POINT('Ctrl Pts',(34.0564709818863,-20.514917507926,14.6354906047389));
#2846=CARTESIAN_POINT('Ctrl Pts',(32.2589699760724,-20.7858491528986,14.5243794936278));
#2847=CARTESIAN_POINT('Ctrl Pts',(31.0561533459842,-19.4228919052783,14.4132683825167));
#2848=CARTESIAN_POINT('Ctrl Pts',(31.5484888814622,-17.6730287769748,14.3021572714056));
#2849=CARTESIAN_POINT('Ctrl Pts',(33.2855341849234,-17.1372209922412,14.1910461602945));
#2850=CARTESIAN_POINT('Ctrl Pts',(34.6780539990793,-18.3056839139016,14.0799350491834));
#2851=CARTESIAN_POINT('Ctrl Pts',(34.4520213044842,-20.109381673802,13.9688239380722));
#2852=CARTESIAN_POINT('Ctrl Pts',(32.8142352209644,-20.8980979195387,13.8577128269612));
#2853=CARTESIAN_POINT('Ctrl Pts',(31.2631184147943,-19.9502301610584,13.74660171585));
#2854=CARTESIAN_POINT('Ctrl Pts',(31.2177992721709,-18.1329897451846,13.6354906047389));
#2855=CARTESIAN_POINT('Ctrl Pts',(32.7197406003327,-17.1089834812766,13.5243794936278));
#2856=CARTESIAN_POINT('Ctrl Pts',(34.394805062737,-17.8150823648914,13.4132683825167));
#2857=CARTESIAN_POINT('Ctrl Pts',(34.7104636624742,-19.6052712447142,13.3021572714056));
#2858=CARTESIAN_POINT('Ctrl Pts',(33.3779179897468,-20.8416929410646,13.1910461602945));
#2859=CARTESIAN_POINT('Ctrl Pts',(31.6163240369375,-20.3931360035277,13.0799350491834));
#2860=CARTESIAN_POINT('Ctrl Pts',(31.037377274619,-18.6699885266158,12.9688239380723));
#2861=CARTESIAN_POINT('Ctrl Pts',(32.1707604223057,-17.2487710127741,12.8577128269611));
#2862=CARTESIAN_POINT('Ctrl Pts',(33.9795327676363,-17.4297659845184,12.7466017158501));
#2863=CARTESIAN_POINT('Ctrl Pts',(34.8088349796011,-19.0473797912974,12.6354906047389));
#2864=CARTESIAN_POINT('Ctrl Pts',(33.8999322609096,-20.6216454708187,12.5243794936278));
#2865=CARTESIAN_POINT('Ctrl Pts',(32.0843865140395,-20.7122555960568,12.4132683825167));
#2866=CARTESIAN_POINT('Ctrl Pts',(31.0232540819689,-19.2363102733714,12.3021572714056));
#2867=CARTESIAN_POINT('Ctrl Pts',(31.6873730098199,-17.5441629330578,12.1910461602945));
#2868=CARTESIAN_POINT('Ctrl Pts',(33.4691358205392,-17.1839717693216,12.0799350491834));
#2869=CARTESIAN_POINT('Ctrl Pts',(34.7383946189171,-18.4852784721599,11.9688239380723));
#2870=CARTESIAN_POINT('Ctrl Pts',(34.3338946195131,-20.2575076105446,11.8577128269611));
#2871=CARTESIAN_POINT('Ctrl Pts',(32.6257167440637,-20.879233911352,11.74660171585));
#2872=CARTESIAN_POINT('Ctrl Pts',(31.1766840020074,-19.7816345231843,11.6354906047389));
#2873=CARTESIAN_POINT('Ctrl Pts',(31.3125306487643,-17.9689129475655,11.5243794936278));
#2874=CARTESIAN_POINT('Ctrl Pts',(32.9089628545193,-17.099538472526,11.4132683825167));
#2875=CARTESIAN_POINT('Ctrl Pts',(34.5054062473223,-17.9689147292338,11.3021572714056));
#2876=CARTESIAN_POINT('Ctrl Pts',(34.6412361798211,-19.7816300795747,11.1910461602945));
#2877=CARTESIAN_POINT('Ctrl Pts',(33.192233937285,-20.8792432123675,11.0799350491834));
#2878=CARTESIAN_POINT('Ctrl Pts',(31.4839967080737,-20.2574888567445,10.9688239380723));
#2879=CARTESIAN_POINT('Ctrl Pts',(31.0796142418872,-18.4853159445423,10.8577128269612));
#2880=CARTESIAN_POINT('Ctrl Pts',(32.3486392555535,-17.1838970634544,10.74660171585));
#2881=CARTESIAN_POINT('Ctrl Pts',(34.1308676362935,-17.5443117931962,10.6354906047389));
#2882=CARTESIAN_POINT('Ctrl Pts',(34.7940588362554,-19.2360135748738,10.5243794936278));
#2883=CARTESIAN_POINT('Ctrl Pts',(33.7347791193591,-20.712848459129,10.4132683825167));
#2884=CARTESIAN_POINT('Ctrl Pts',(31.9154854719079,-20.6204411281484,10.3021572714056));
#2885=CARTESIAN_POINT('Ctrl Pts',(31.1650025912202,-19.3117905816825,10.209564678813));
#2886=CARTESIAN_POINT('Ctrl Pts',(31.4197029240544,-18.2349695309798,10.1354906047389));
#2887=CARTESIAN_POINT('Ctrl Pts',(31.7822998632086,-17.8219689540144,10.0984535677019));
#2888=CARTESIAN_POINT('Ctrl Pts',(32.0031420760114,-17.671401282772,10.0799350491834));
#2889=CARTESIAN_POINT('Ctrl Pts',(34.2785642134674,-19.790738276079,16.0553469072879));
#2890=CARTESIAN_POINT('Ctrl Pts',(34.1471247129649,-20.0183981690708,16.0368283887694));
#2891=CARTESIAN_POINT('Ctrl Pts',(33.7687266444881,-20.4043667962339,15.9997913517324));
#2892=CARTESIAN_POINT('Ctrl Pts',(32.7313492903373,-20.7333101852097,15.9257172776583));
#2893=CARTESIAN_POINT('Ctrl Pts',(31.3927359997507,-20.0934531837404,15.8331246850657));
#2894=CARTESIAN_POINT('Ctrl Pts',(31.1683919301586,-18.3159722446487,15.7220135739546));
#2895=CARTESIAN_POINT('Ctrl Pts',(32.5389463253349,-17.1685390443062,15.6109024628435));
#2896=CARTESIAN_POINT('Ctrl Pts',(34.2468262986278,-17.6946294820157,15.4997913517324));
#2897=CARTESIAN_POINT('Ctrl Pts',(34.7312923328863,-19.4160619165508,15.3886802406213));
#2898=CARTESIAN_POINT('Ctrl Pts',(33.548194153337,-20.7563099078831,15.2775691295101));
#2899=CARTESIAN_POINT('Ctrl Pts',(31.7804131728398,-20.4899610160099,15.166458018399));
#2900=CARTESIAN_POINT('Ctrl Pts',(31.0450764975172,-18.8603030459483,15.0553469072879));
#2901=CARTESIAN_POINT('Ctrl Pts',(32.0150640615237,-17.3585214319624,14.9442357961768));
#2902=CARTESIAN_POINT('Ctrl Pts',(33.8028693086871,-17.3585074087363,14.8331246850657));
#2903=CARTESIAN_POINT('Ctrl Pts',(34.7728448169278,-18.8603239976621,14.7220135739546));
#2904=CARTESIAN_POINT('Ctrl Pts',(34.0375382095625,-20.4899227841364,14.6109024628434));
#2905=CARTESIAN_POINT('Ctrl Pts',(32.2696942930913,-20.7563843093714,14.4997913517324));
#2906=CARTESIAN_POINT('Ctrl Pts',(31.0867230134967,-19.4159145838555,14.3886802406212));
#2907=CARTESIAN_POINT('Ctrl Pts',(31.5709354727355,-17.6949225629256,14.2775691295101));
#2908=CARTESIAN_POINT('Ctrl Pts',(33.279321150644,-17.1679551063576,14.166458018399));
#2909=CARTESIAN_POINT('Ctrl Pts',(34.6488656883407,-18.3171394809295,14.0553469072879));
#2910=CARTESIAN_POINT('Ctrl Pts',(34.426562322086,-20.0910779121754,13.9442357961768));
#2911=CARTESIAN_POINT('Ctrl Pts',(32.8157981795356,-20.8667810763824,13.8331246850657));
#2912=CARTESIAN_POINT('Ctrl Pts',(31.2902733521623,-19.9345522507653,13.7220135739546));
#2913=CARTESIAN_POINT('Ctrl Pts',(31.2457019330767,-18.1472946047396,13.6109024628435));
#2914=CARTESIAN_POINT('Ctrl Pts',(32.7228626318936,-17.1401834879295,13.4997913517323));
#2915=CARTESIAN_POINT('Ctrl Pts',(34.3702900949114,-17.8346323993473,13.3886802406213));
#2916=CARTESIAN_POINT('Ctrl Pts',(34.6807406225267,-19.5952848344029,13.2775691295101));
#2917=CARTESIAN_POINT('Ctrl Pts',(33.3701807090156,-20.811306727383,13.166458018399));
#2918=CARTESIAN_POINT('Ctrl Pts',(31.637651411381,-20.3701505604353,13.0553469072879));
#2919=CARTESIAN_POINT('Ctrl Pts',(31.0682567299974,-18.6754334077486,12.9442357961768));
#2920=CARTESIAN_POINT('Ctrl Pts',(32.1829401141453,-17.2776646556964,12.8331246850657));
#2921=CARTESIAN_POINT('Ctrl Pts',(33.9618694048817,-17.4556733794265,12.7220135739546));
#2922=CARTESIAN_POINT('Ctrl Pts',(34.7774889047839,-19.0465980689871,12.6109024628435));
#2923=CARTESIAN_POINT('Ctrl Pts',(33.8835822321824,-20.5948898349053,12.4997913517324));
#2924=CARTESIAN_POINT('Ctrl Pts',(32.0979912947049,-20.6840049776979,12.3886802406212));
#2925=CARTESIAN_POINT('Ctrl Pts',(31.0543665568398,-19.2324113745294,12.2775691295101));
#2926=CARTESIAN_POINT('Ctrl Pts',(31.7075281425539,-17.5681828851584,12.166458018399));
#2927=CARTESIAN_POINT('Ctrl Pts',(33.4598935307933,-17.2139345392195,12.0553469072879));
#2928=CARTESIAN_POINT('Ctrl Pts',(34.7082107442505,-18.4937708967596,11.9442357961768));
#2929=CARTESIAN_POINT('Ctrl Pts',(34.3103846171618,-20.2367599091662,11.8331246850657));
#2930=CARTESIAN_POINT('Ctrl Pts',(32.6303900813665,-20.8482283069472,11.7220135739546));
#2931=CARTESIAN_POINT('Ctrl Pts',(31.2052650266416,-19.7687382830167,11.6109024628435));
#2932=CARTESIAN_POINT('Ctrl Pts',(31.3388703300845,-17.9859249219699,11.4997913517324));
#2933=CARTESIAN_POINT('Ctrl Pts',(32.9089628962554,-17.1308943111914,11.3886802406212));
#2934=CARTESIAN_POINT('Ctrl Pts',(34.4790664619093,-17.9859266769417,11.2775691295101));
#2935=CARTESIAN_POINT('Ctrl Pts',(34.6126553313298,-19.7687339059904,11.166458018399));
#2936=CARTESIAN_POINT('Ctrl Pts',(33.1875602647621,-20.8482374685958,11.0553469072879));
#2937=CARTESIAN_POINT('Ctrl Pts',(31.5075073703456,-20.236741436374,10.9442357961768));
#2938=CARTESIAN_POINT('Ctrl Pts',(31.1097968058818,-18.493807807654,10.8331246850657));
#2939=CARTESIAN_POINT('Ctrl Pts',(32.3578841543232,-17.2138609527479,10.7220135739546));
#2940=CARTESIAN_POINT('Ctrl Pts',(34.110707306712,-17.5683295147804,10.6109024628435));
#2941=CARTESIAN_POINT('Ctrl Pts',(34.7629567190952,-19.2321191216327,10.4997913517324));
#2942=CARTESIAN_POINT('Ctrl Pts',(33.7211536329186,-20.6845889591916,10.3886802406212));
#2943=CARTESIAN_POINT('Ctrl Pts',(31.9318776377231,-20.5937035180456,10.2775691295101));
#2944=CARTESIAN_POINT('Ctrl Pts',(31.1937751097234,-19.3066498353173,10.1849765369175));
#2945=CARTESIAN_POINT('Ctrl Pts',(31.4442753995076,-18.2475912284055,10.1109024628435));
#2946=CARTESIAN_POINT('Ctrl Pts',(31.8008870570372,-17.8414077660451,10.0738654258064));
#2947=CARTESIAN_POINT('Ctrl Pts',(32.0180878806211,-17.6933227519353,10.0553469072879));
#2948=CARTESIAN_POINT('Ctrl Pts',(34.2691391777434,-19.7852967291665,16.0201673519578));
#2949=CARTESIAN_POINT('Ctrl Pts',(34.1386112173678,-20.0113777883454,16.0016488334393));
#2950=CARTESIAN_POINT('Ctrl Pts',(33.7628050699423,-20.3947033789484,15.9646117964022));
#2951=CARTESIAN_POINT('Ctrl Pts',(32.7325883164863,-20.72136986075,15.8905377223282));
#2952=CARTESIAN_POINT('Ctrl Pts',(31.4031661625687,-20.0859290262031,15.7979451297356));
#2953=CARTESIAN_POINT('Ctrl Pts',(31.1803792890249,-18.3206796347378,15.6868340186245));
#2954=CARTESIAN_POINT('Ctrl Pts',(32.5414916939088,-17.1811489190361,15.5757229075134));
#2955=CARTESIAN_POINT('Ctrl Pts',(34.2376166619211,-17.7036160018699,15.4646117964022));
#2956=CARTESIAN_POINT('Ctrl Pts',(34.7187457630992,-19.4131977217231,15.3535006852911));
#2957=CARTESIAN_POINT('Ctrl Pts',(33.5437935617444,-20.7442182445785,15.24238957418));
#2958=CARTESIAN_POINT('Ctrl Pts',(31.7881827054075,-20.4797032454182,15.1312784630689));
#2959=CARTESIAN_POINT('Ctrl Pts',(31.0579087488655,-18.8612647777522,15.0201673519578));
#2960=CARTESIAN_POINT('Ctrl Pts',(32.021218208015,-17.3698224198009,14.9090562408467));
#2961=CARTESIAN_POINT('Ctrl Pts',(33.7967151272026,-17.3698084704622,14.7979451297356));
#2962=CARTESIAN_POINT('Ctrl Pts',(34.7600126878481,-18.8612856190729,14.6868340186245));
#2963=CARTESIAN_POINT('Ctrl Pts',(34.0297684070411,-20.4796652149858,14.5757229075133));
#2964=CARTESIAN_POINT('Ctrl Pts',(32.2740954357005,-20.7442922540505,14.4646117964023));
#2965=CARTESIAN_POINT('Ctrl Pts',(31.0992684789462,-19.4130511653127,14.3535006852911));
#2966=CARTESIAN_POINT('Ctrl Pts',(31.5801473129261,-17.7039075385695,14.24238957418));
#2967=CARTESIAN_POINT('Ctrl Pts',(33.276771388176,-17.1805680576509,14.1312784630689));
#2968=CARTESIAN_POINT('Ctrl Pts',(34.6368871179286,-18.3218407230722,14.0201673519578));
#2969=CARTESIAN_POINT('Ctrl Pts',(34.4161142283208,-20.0835662443122,13.9090562408467));
#2970=CARTESIAN_POINT('Ctrl Pts',(32.8164396009652,-20.8539289792141,13.7979451297356));
#2971=CARTESIAN_POINT('Ctrl Pts',(31.3014174477832,-19.9281182042045,13.6868340186245));
#2972=CARTESIAN_POINT('Ctrl Pts',(31.2571528864054,-18.1531651659718,13.5757229075134));
#2973=CARTESIAN_POINT('Ctrl Pts',(32.7241438802295,-17.1529876366621,13.4646117964022));
#2974=CARTESIAN_POINT('Ctrl Pts',(34.3602294145458,-17.8426555242062,13.3535006852911));
#2975=CARTESIAN_POINT('Ctrl Pts',(34.6685426051183,-19.591186518515,13.24238957418));
#2976=CARTESIAN_POINT('Ctrl Pts',(33.3670054118304,-20.7988365505725,13.1312784630689));
#2977=CARTESIAN_POINT('Ctrl Pts',(31.6464039375437,-20.3607175806487,13.0201673519578));
#2978=CARTESIAN_POINT('Ctrl Pts',(31.0809293279201,-18.6776679286788,12.9090562408467));
#2979=CARTESIAN_POINT('Ctrl Pts',(32.1879385292933,-17.2895222974443,12.7979451297356));
#2980=CARTESIAN_POINT('Ctrl Pts',(33.9546205498924,-17.4663054969608,12.6868340186245));
#2981=CARTESIAN_POINT('Ctrl Pts',(34.7646248112401,-19.0462772585144,12.5757229075133));
#2982=CARTESIAN_POINT('Ctrl Pts',(33.8768723554161,-20.5839096083548,12.4646117964022));
#2983=CARTESIAN_POINT('Ctrl Pts',(32.1035745510579,-20.6724112263269,12.3535006852911));
#2984=CARTESIAN_POINT('Ctrl Pts',(31.0671347834542,-19.2308113082201,12.24238957418));
#2985=CARTESIAN_POINT('Ctrl Pts',(31.7157995932952,-17.5780404162919,12.1312784630689));
#2986=CARTESIAN_POINT('Ctrl Pts',(33.456100593965,-17.2262309393845,12.0201673519578));
#2987=CARTESIAN_POINT('Ctrl Pts',(34.695823605315,-18.4972560966051,11.9090562408467));
#2988=CARTESIAN_POINT('Ctrl Pts',(34.3007363636524,-20.2282452752198,11.7979451297356));
#2989=CARTESIAN_POINT('Ctrl Pts',(32.6323079694032,-20.8355039376278,11.6868340186245));
#2990=CARTESIAN_POINT('Ctrl Pts',(31.2169943723242,-19.7634458064691,11.5757229075134));
#2991=CARTESIAN_POINT('Ctrl Pts',(31.3496798550609,-17.992906449445,11.4646117964022));
#2992=CARTESIAN_POINT('Ctrl Pts',(32.90896290994,-17.1437624210936,11.3535006852911));
#2993=CARTESIAN_POINT('Ctrl Pts',(34.4682569028023,-17.9929081794869,11.24238957418));
#2994=CARTESIAN_POINT('Ctrl Pts',(34.600926043402,-19.7634414916197,11.1312784630689));
#2995=CARTESIAN_POINT('Ctrl Pts',(33.1856422668111,-20.8355129691326,11.0201673519578));
#2996=CARTESIAN_POINT('Ctrl Pts',(31.5171558402343,-20.2282270648389,10.9090562408467));
#2997=CARTESIAN_POINT('Ctrl Pts',(31.122183515065,-18.4972924831695,10.7979451297356));
#2998=CARTESIAN_POINT('Ctrl Pts',(32.3616779466155,-17.2261583982337,10.6868340186245));
#2999=CARTESIAN_POINT('Ctrl Pts',(34.1024341520029,-17.5781849629445,10.5757229075134));
#3000=CARTESIAN_POINT('Ctrl Pts',(34.7501918885008,-19.2305232075443,10.4646117964022));
#3001=CARTESIAN_POINT('Ctrl Pts',(33.7155635891971,-20.6729869031138,10.3535006852911));
#3002=CARTESIAN_POINT('Ctrl Pts',(31.9386013091463,-20.5827402390814,10.24238957418));
#3003=CARTESIAN_POINT('Ctrl Pts',(31.2055894540741,-19.3045219721724,10.1497969815874));
#3004=CARTESIAN_POINT('Ctrl Pts',(31.4543543157384,-18.2527740969497,10.0757229075134));
#3005=CARTESIAN_POINT('Ctrl Pts',(31.808524021677,-17.8493728224732,10.0386858704763));
#3006=CARTESIAN_POINT('Ctrl Pts',(32.0242185456664,-17.7023147860378,10.0201673519578));
#3007=CARTESIAN_POINT('Ctrl Pts',(34.2691391777434,-19.7852967291665,16.0000212657348));
#3008=CARTESIAN_POINT('Ctrl Pts',(34.1386057155615,-20.0113873177535,15.9815027472163));
#3009=CARTESIAN_POINT('Ctrl Pts',(33.7628090156603,-20.3947026917712,15.9444657101792));
#3010=CARTESIAN_POINT('Ctrl Pts',(32.7325752050366,-20.7213795491603,15.8703916361052));
#3011=CARTESIAN_POINT('Ctrl Pts',(31.403169236729,-20.085928592992,15.7777990435126));
#3012=CARTESIAN_POINT('Ctrl Pts',(31.1803719093919,-18.3206794917287,15.6666879324014));
#3013=CARTESIAN_POINT('Ctrl Pts',(32.5414924421018,-17.1811438386833,15.5555768212903));
#3014=CARTESIAN_POINT('Ctrl Pts',(34.2376190180487,-17.7036132781263,15.4444657101792));
#3015=CARTESIAN_POINT('Ctrl Pts',(34.7187504921445,-19.4131985219621,15.3333545990681));
#3016=CARTESIAN_POINT('Ctrl Pts',(33.5437948716251,-20.7442225013065,15.222243487957));
#3017=CARTESIAN_POINT('Ctrl Pts',(31.788180133284,-20.4797067304992,15.1111323768459));
#3018=CARTESIAN_POINT('Ctrl Pts',(31.0579042787457,-18.8612644701324,15.0000212657348));
#3019=CARTESIAN_POINT('Ctrl Pts',(32.0212161150016,-17.369818516855,14.8889101546237));
#3020=CARTESIAN_POINT('Ctrl Pts',(33.7967172331627,-17.3698045852261,14.7777990435126));
#3021=CARTESIAN_POINT('Ctrl Pts',(34.7600171127311,-18.8612852849935,14.6666879324014));
#3022=CARTESIAN_POINT('Ctrl Pts',(34.0297710790417,-20.4796687483493,14.5555768212903));
#3023=CARTESIAN_POINT('Ctrl Pts',(32.2740939219553,-20.7442964168179,14.4444657101792));
#3024=CARTESIAN_POINT('Ctrl Pts',(31.0992641584837,-19.4130521516168,14.3333545990681));
#3025=CARTESIAN_POINT('Ctrl Pts',(31.5801441415356,-17.7039044446882,14.222243487957));
#3026=CARTESIAN_POINT('Ctrl Pts',(33.2767722658975,-17.1805637148745,14.1111323768459));
#3027=CARTESIAN_POINT('Ctrl Pts',(34.6368912424756,-18.3218391043004,14.0000212657348));
#3028=CARTESIAN_POINT('Ctrl Pts',(34.4161178257392,-20.0835688307416,13.8889101546237));
#3029=CARTESIAN_POINT('Ctrl Pts',(32.8164393801383,-20.8539334044157,13.7777990435126));
#3030=CARTESIAN_POINT('Ctrl Pts',(31.3014136106527,-19.9281204195711,13.6666879324014));
#3031=CARTESIAN_POINT('Ctrl Pts',(31.2571489436382,-18.1531631446265,13.5555768212903));
#3032=CARTESIAN_POINT('Ctrl Pts',(32.7241434390688,-17.1529832279596,13.4444657101792));
#3033=CARTESIAN_POINT('Ctrl Pts',(34.3602328786249,-17.8426527616959,13.3333545990681));
#3034=CARTESIAN_POINT('Ctrl Pts',(34.6685468051192,-19.591187929641,13.222243487957));
#3035=CARTESIAN_POINT('Ctrl Pts',(33.3670065051441,-20.7988408442836,13.1111323768459));
#3036=CARTESIAN_POINT('Ctrl Pts',(31.6464009238876,-20.3607208285975,13.0000212657348));
#3037=CARTESIAN_POINT('Ctrl Pts',(31.0809249645117,-18.6776671592917,12.8889101546237));
#3038=CARTESIAN_POINT('Ctrl Pts',(32.1879368082466,-17.289518214641,12.7777990435126));
#3039=CARTESIAN_POINT('Ctrl Pts',(33.9546230458072,-17.4663018361253,12.6666879324014));
#3040=CARTESIAN_POINT('Ctrl Pts',(34.764629240583,-19.0462773689788,12.5555768212903));
#3041=CARTESIAN_POINT('Ctrl Pts',(33.8768746657527,-20.583913389042,12.4444657101792));
#3042=CARTESIAN_POINT('Ctrl Pts',(32.103572628635,-20.6724152182825,12.3333545990681));
#3043=CARTESIAN_POINT('Ctrl Pts',(31.0671303871289,-19.2308118591252,12.222243487957));
#3044=CARTESIAN_POINT('Ctrl Pts',(31.7157967452626,-17.5780370222167,12.1111323768459));
#3045=CARTESIAN_POINT('Ctrl Pts',(33.4561018999826,-17.2262267053997,12.0000212657348));
#3046=CARTESIAN_POINT('Ctrl Pts',(34.6958278703559,-18.4972548968017,11.8889101546237));
#3047=CARTESIAN_POINT('Ctrl Pts',(34.300739685881,-20.2282482065364,11.7777990435125));
#3048=CARTESIAN_POINT('Ctrl Pts',(32.6323073087256,-20.835508319716,11.6666879324015));
#3049=CARTESIAN_POINT('Ctrl Pts',(31.2169903343191,-19.7634476270655,11.5555768212903));
#3050=CARTESIAN_POINT('Ctrl Pts',(31.3496761318986,-17.9929040489644,11.4444657101792));
#3051=CARTESIAN_POINT('Ctrl Pts',(32.9089629124134,-17.1437579836177,11.3333545990681));
#3052=CARTESIAN_POINT('Ctrl Pts',(34.468260619796,-17.9929057890714,11.222243487957));
#3053=CARTESIAN_POINT('Ctrl Pts',(34.6009300918456,-19.763443287113,11.1111323768459));
#3054=CARTESIAN_POINT('Ctrl Pts',(33.1856429076232,-20.8355174037645,11.0000212657348));
#3055=CARTESIAN_POINT('Ctrl Pts',(31.5171525571133,-20.2282298902106,10.8889101546237));
#3056=CARTESIAN_POINT('Ctrl Pts',(31.1221791723522,-18.4972914950572,10.7777990435126));
#3057=CARTESIAN_POINT('Ctrl Pts',(32.3616767952122,-17.2261537422137,10.6666879324014));
#3058=CARTESIAN_POINT('Ctrl Pts',(34.1024366920568,-17.5781824098595,10.5555768212903));
#3059=CARTESIAN_POINT('Ctrl Pts',(34.7501968987354,-19.2305220817882,10.4444657101792));
#3060=CARTESIAN_POINT('Ctrl Pts',(33.7155642832869,-20.6729942514248,10.3333545990681));
#3061=CARTESIAN_POINT('Ctrl Pts',(31.9386015114138,-20.5827371411432,10.222243487957));
#3062=CARTESIAN_POINT('Ctrl Pts',(31.2055807725744,-19.3045357709756,10.1296508953644));
#3063=CARTESIAN_POINT('Ctrl Pts',(31.4543547061302,-18.252770110912,10.0555768212903));
#3064=CARTESIAN_POINT('Ctrl Pts',(31.8085149300656,-17.8493790210289,10.0185397842533));
#3065=CARTESIAN_POINT('Ctrl Pts',(32.0242185456664,-17.7023147860378,10.0000212657348));
#3066=CARTESIAN_POINT('',(33.1427537001722,-20.5530958810673,10.9999999999999));
#3067=CARTESIAN_POINT('Ctrl Pts',(31.9464463783179,-20.3044160539186,10.9999999999999));
#3068=CARTESIAN_POINT('Ctrl Pts',(32.068865651959,-20.3740592286595,10.9999999999999));
#3069=CARTESIAN_POINT('Ctrl Pts',(32.2571235110173,-20.4728302509949,10.9999999999999));
#3070=CARTESIAN_POINT('Ctrl Pts',(32.7154106783779,-20.5765273254785,10.9999999999999));
#3071=CARTESIAN_POINT('Ctrl Pts',(32.9304924045184,-20.5850476878007,10.9999999999999));
#3072=CARTESIAN_POINT('Ctrl Pts',(33.1427537001722,-20.5530958810673,10.9999999999999));
#3073=CARTESIAN_POINT('',(33.1432921025142,-20.5530147396319,11.0000385736605));
#3074=CARTESIAN_POINT('Ctrl Pts',(33.1436832305376,-20.5555874767968,11.0000386220609));
#3075=CARTESIAN_POINT('Ctrl Pts',(33.1436029480249,-20.5555995909371,11.0000328366189));
#3076=CARTESIAN_POINT('Ctrl Pts',(33.1434242975499,-20.5556265326594,11.0000199625985));
#3077=CARTESIAN_POINT('Ctrl Pts',(33.143245641976,-20.5556534405637,11.0000070885782));
#3078=CARTESIAN_POINT('Ctrl Pts',(33.1431472706927,-20.5556682461019,10.9999999999999));
#3079=CARTESIAN_POINT('',(31.5487915098747,-18.2147032708332,11.4500212657348));
#3080=CARTESIAN_POINT('Ctrl Pts',(31.5469294283681,-18.213080541559,11.4500212657348));
#3081=CARTESIAN_POINT('Ctrl Pts',(31.5598378364958,-18.1905157107779,11.4481694138829));
#3082=CARTESIAN_POINT('Ctrl Pts',(31.8434502790616,-17.724007794938,11.409280524994));
#3083=CARTESIAN_POINT('Ctrl Pts',(32.9089629124134,-17.1437579836177,11.3333545990681));
#3084=CARTESIAN_POINT('Ctrl Pts',(34.468260619796,-17.9929057890714,11.222243487957));
#3085=CARTESIAN_POINT('Ctrl Pts',(34.6009231838817,-19.7633510970342,11.1111381622879));
#3086=CARTESIAN_POINT('Ctrl Pts',(33.6575526811846,-20.478047718432,11.0370698736559));
#3087=CARTESIAN_POINT('Ctrl Pts',(33.1436832305376,-20.5555874767968,11.0000386220609));
#3088=CARTESIAN_POINT('',(31.5487915098747,-18.2147032708332,12.1500212657348));
#3089=CARTESIAN_POINT('Ctrl Pts',(31.5507702425361,-18.2145454491716,12.1500212657348));
#3090=CARTESIAN_POINT('Ctrl Pts',(31.6413108269577,-18.0552940691185,12.1370583027718));
#3091=CARTESIAN_POINT('Ctrl Pts',(32.0928628621186,-17.501811453573,12.0870583027718));
#3092=CARTESIAN_POINT('Ctrl Pts',(33.4561018999826,-17.2262267053997,12.0000212657348));
#3093=CARTESIAN_POINT('Ctrl Pts',(34.6958278703559,-18.4972548968017,11.8889101546237));
#3094=CARTESIAN_POINT('Ctrl Pts',(34.300739685881,-20.2282482065364,11.7777990435125));
#3095=CARTESIAN_POINT('Ctrl Pts',(32.6323073087256,-20.835508319716,11.6666879324015));
#3096=CARTESIAN_POINT('Ctrl Pts',(31.2405789505592,-19.7813153052764,11.5574286731422));
#3097=CARTESIAN_POINT('Ctrl Pts',(31.3016696739411,-18.6418123263992,11.48520645092));
#3098=CARTESIAN_POINT('Ctrl Pts',(31.5469294283681,-18.213080541559,11.4500212657348));
#3099=CARTESIAN_POINT('',(31.5487915098747,-18.2147032708332,12.8500212657348));
#3100=CARTESIAN_POINT('Ctrl Pts',(31.5496441935797,-18.2164958109608,12.8500212657348));
#3101=CARTESIAN_POINT('Ctrl Pts',(31.7217000281688,-17.9230001305482,12.8259471916607));
#3102=CARTESIAN_POINT('Ctrl Pts',(32.3940502026287,-17.3101429704808,12.7648360805496));
#3103=CARTESIAN_POINT('Ctrl Pts',(33.9546230458072,-17.4663018361253,12.6666879324014));
#3104=CARTESIAN_POINT('Ctrl Pts',(34.764629240583,-19.0462773689788,12.5555768212903));
#3105=CARTESIAN_POINT('Ctrl Pts',(33.8768746657527,-20.583913389042,12.4444657101792));
#3106=CARTESIAN_POINT('Ctrl Pts',(32.103572628635,-20.6724152182825,12.3333545990681));
#3107=CARTESIAN_POINT('Ctrl Pts',(31.1880486486379,-19.3989989176935,12.23520645092));
#3108=CARTESIAN_POINT('Ctrl Pts',(31.3826234428961,-18.5102980121274,12.1740953398089));
#3109=CARTESIAN_POINT('Ctrl Pts',(31.5507702425361,-18.2145454491716,12.1500212657348));
#3110=CARTESIAN_POINT('',(31.5487915098747,-18.2147032708332,13.5500212657348));
#3111=CARTESIAN_POINT('Ctrl Pts',(31.5464548286213,-18.2139018102489,13.5500212657348));
#3112=CARTESIAN_POINT('Ctrl Pts',(31.7951173815228,-17.787134612453,13.5148360805496));
#3113=CARTESIAN_POINT('Ctrl Pts',(32.7514115963947,-17.1644777201886,13.4426138583274));
#3114=CARTESIAN_POINT('Ctrl Pts',(34.3602328786249,-17.8426527616959,13.3333545990681));
#3115=CARTESIAN_POINT('Ctrl Pts',(34.6685468051192,-19.591187929641,13.222243487957));
#3116=CARTESIAN_POINT('Ctrl Pts',(33.3670065051441,-20.7988408442836,13.1111323768459));
#3117=CARTESIAN_POINT('Ctrl Pts',(31.6464009238876,-20.3607208285975,13.0000212657348));
#3118=CARTESIAN_POINT('Ctrl Pts',(31.2034447557098,-19.0423287876413,12.9129842286977));
#3119=CARTESIAN_POINT('Ctrl Pts',(31.4569987441856,-18.3745319465676,12.8629842286977));
#3120=CARTESIAN_POINT('Ctrl Pts',(31.5496441935797,-18.2164958109608,12.8500212657348));
#3121=CARTESIAN_POINT('',(31.5487915098747,-18.2147032708332,14.2500212657348));
#3122=CARTESIAN_POINT('Ctrl Pts',(31.54971818109,-18.2135843009526,14.2500212657348));
#3123=CARTESIAN_POINT('Ctrl Pts',(31.6139738659414,-18.0999317999475,14.2407620064755));
#3124=CARTESIAN_POINT('Ctrl Pts',(32.0043011726261,-17.5730692622348,14.1944657101792));
#3125=CARTESIAN_POINT('Ctrl Pts',(33.2767722658975,-17.1805637148745,14.1111323768459));
#3126=CARTESIAN_POINT('Ctrl Pts',(34.6368912424756,-18.3218391043004,14.0000212657348));
#3127=CARTESIAN_POINT('Ctrl Pts',(34.4161178257392,-20.0835688307416,13.8889101546237));
#3128=CARTESIAN_POINT('Ctrl Pts',(32.8164393801383,-20.8539334044157,13.7777990435126));
#3129=CARTESIAN_POINT('Ctrl Pts',(31.3014136106527,-19.9281204195711,13.6666879324014));
#3130=CARTESIAN_POINT('Ctrl Pts',(31.2711660881928,-18.715232948359,13.5907620064755));
#3131=CARTESIAN_POINT('Ctrl Pts',(31.533367325837,-18.2363632417119,13.5518731175866));
#3132=CARTESIAN_POINT('Ctrl Pts',(31.5464548286213,-18.2139018102489,13.5500212657348));
#3133=CARTESIAN_POINT('',(31.5487915098747,-18.2147032708332,14.9500212657348));
#3134=CARTESIAN_POINT('Ctrl Pts',(31.5506915051225,-18.2162864167517,14.9500212657348));
#3135=CARTESIAN_POINT('Ctrl Pts',(31.6954131633054,-17.9670178637874,14.9296508953644));
#3136=CARTESIAN_POINT('Ctrl Pts',(32.2875412827258,-17.3698164271107,14.872243487957));
#3137=CARTESIAN_POINT('Ctrl Pts',(33.7967172331627,-17.3698045852261,14.7777990435126));
#3138=CARTESIAN_POINT('Ctrl Pts',(34.7600171127311,-18.8612852849935,14.6666879324014));
#3139=CARTESIAN_POINT('Ctrl Pts',(34.0297710790417,-20.4796687483493,14.5555768212903));
#3140=CARTESIAN_POINT('Ctrl Pts',(32.2740939219553,-20.7442964168179,14.4444657101792));
#3141=CARTESIAN_POINT('Ctrl Pts',(31.197166638773,-19.5239891737169,14.3426138583274));
#3142=CARTESIAN_POINT('Ctrl Pts',(31.3569511265359,-18.5545418039678,14.2777990435126));
#3143=CARTESIAN_POINT('Ctrl Pts',(31.54971818109,-18.2135843009526,14.2500212657348));
#3144=CARTESIAN_POINT('',(31.5487915098747,-18.2147032708332,15.6500018575383));
#3145=CARTESIAN_POINT('Ctrl Pts',(31.5468490228313,-18.2147284002009,15.6500212657348));
#3146=CARTESIAN_POINT('Ctrl Pts',(31.7714470795617,-17.8331132278392,15.6185397842533));
#3147=CARTESIAN_POINT('Ctrl Pts',(32.6262987708991,-17.2072673106554,15.5500212657348));
#3148=CARTESIAN_POINT('Ctrl Pts',(34.2376190180487,-17.7036132781263,15.4444657101792));
#3149=CARTESIAN_POINT('Ctrl Pts',(34.7187504921445,-19.4131985219621,15.3333545990681));
#3150=CARTESIAN_POINT('Ctrl Pts',(33.5437948716251,-20.7442225013065,15.222243487957));
#3151=CARTESIAN_POINT('Ctrl Pts',(31.788180133284,-20.4797067304992,15.1111323768459));
#3152=CARTESIAN_POINT('Ctrl Pts',(31.1917881854111,-19.157978884533,15.0203916361052));
#3153=CARTESIAN_POINT('Ctrl Pts',(31.4322828757,-18.4202334146316,14.9666879324014));
#3154=CARTESIAN_POINT('Ctrl Pts',(31.5506915051225,-18.2162864167517,14.9500212657348));
#3155=CARTESIAN_POINT('',(34.2689906234468,-19.7855539765704,15.9999614263392));
#3156=CARTESIAN_POINT('Ctrl Pts',(34.2688271708029,-19.7839411673158,15.9999613779388));
#3157=CARTESIAN_POINT('Ctrl Pts',(34.0832381942339,-20.0992830379362,15.9740424758139));
#3158=CARTESIAN_POINT('Ctrl Pts',(33.3681225284328,-20.7177544929006,15.9110865366519));
#3159=CARTESIAN_POINT('Ctrl Pts',(31.7881799432135,-20.4797068957199,15.8110935604528));
#3160=CARTESIAN_POINT('Ctrl Pts',(31.1917879562795,-19.1579789201653,15.7203528197121));
#3161=CARTESIAN_POINT('Ctrl Pts',(31.4322826761588,-18.4202333417903,15.6666491160084));
#3162=CARTESIAN_POINT('Ctrl Pts',(31.5506913200326,-18.2162863127272,15.6499824493418));
#3163=CARTESIAN_POINT('Ctrl Pts',(33.3285281378157,-20.5669056593455,15.9999999999999));
#3164=CARTESIAN_POINT('Ctrl Pts',(33.355474672736,-20.5560165080203,15.9999999999999));
#3165=CARTESIAN_POINT('Ctrl Pts',(33.3848039952782,-20.543816013223,15.9999961500624));
#3166=CARTESIAN_POINT('Ctrl Pts',(33.4161431417689,-20.5299575518327,15.9999932315132));
#3167=CARTESIAN_POINT('Ctrl Pts',(33.4462701630525,-20.5166351034568,15.9999904258467));
#3168=CARTESIAN_POINT('Ctrl Pts',(33.4782548016658,-20.5017792021837,15.9999884112269));
#3169=CARTESIAN_POINT('Ctrl Pts',(33.5117201039407,-20.4850835080369,15.9999882885461));
#3170=CARTESIAN_POINT('Ctrl Pts',(33.544252236578,-20.4688533681746,15.9999881692862));
#3171=CARTESIAN_POINT('Ctrl Pts',(33.5781837293768,-20.4508837985883,15.9999897879165));
#3172=CARTESIAN_POINT('Ctrl Pts',(33.6131215354554,-20.4309096633848,15.9999919702641));
#3173=CARTESIAN_POINT('Ctrl Pts',(33.648059341534,-20.4109355281813,15.9999941526116));
#3174=CARTESIAN_POINT('Ctrl Pts',(33.6840036392662,-20.3889561728079,15.9999968615003));
#3175=CARTESIAN_POINT('Ctrl Pts',(33.7205114232208,-20.3647339220863,15.9999973350934));
#3176=CARTESIAN_POINT('Ctrl Pts',(33.7258809970956,-20.3611713074716,15.9999974047496));
#3177=CARTESIAN_POINT('Ctrl Pts',(33.7312626703928,-20.3575602311259,15.999997423818));
#3178=CARTESIAN_POINT('Ctrl Pts',(33.7366549223608,-20.3538999714674,15.9999974004414));
#3179=CARTESIAN_POINT('Ctrl Pts',(33.7560447870876,-20.3407381348051,15.9999973163821));
#3180=CARTESIAN_POINT('Ctrl Pts',(33.775571627253,-20.3269400122242,15.9999966860439));
#3181=CARTESIAN_POINT('Ctrl Pts',(33.7951695305533,-20.3124787489037,15.9999958620581));
#3182=CARTESIAN_POINT('Ctrl Pts',(33.8390416121475,-20.2801056059899,15.9999940174743));
#3183=CARTESIAN_POINT('Ctrl Pts',(33.8812970744029,-20.2458645366014,15.9999860456255));
#3184=CARTESIAN_POINT('Ctrl Pts',(33.9218734596668,-20.2097900132108,15.9999845834761));
#3185=CARTESIAN_POINT('Ctrl Pts',(33.9644085661424,-20.1719740844756,15.9999830507451));
#3186=CARTESIAN_POINT('Ctrl Pts',(34.0050986611078,-20.1321432261228,15.9999880209945));
#3187=CARTESIAN_POINT('Ctrl Pts',(34.0438241907036,-20.0903208352742,15.9999897937046));
#3188=CARTESIAN_POINT('Ctrl Pts',(34.0463640272348,-20.0875778892847,15.9999899099689));
#3189=CARTESIAN_POINT('Ctrl Pts',(34.0488953966864,-20.0848263716763,15.9999900062463));
#3190=CARTESIAN_POINT('Ctrl Pts',(34.0514182584079,-20.0820662869381,15.9999900773771));
#3191=CARTESIAN_POINT('Ctrl Pts',(34.0935945812961,-20.0359241523426,15.9999912665168));
#3192=CARTESIAN_POINT('Ctrl Pts',(34.1331808419351,-19.9876284513273,15.9999919507475));
#3193=CARTESIAN_POINT('Ctrl Pts',(34.1700098315124,-19.9372983636804,15.9999943363356));
#3194=CARTESIAN_POINT('Ctrl Pts',(34.205648276426,-19.8885952611331,15.9999966448065));
#3195=CARTESIAN_POINT('Ctrl Pts',(34.2387046596759,-19.8379870469674,15.9999999999999));
#3196=CARTESIAN_POINT('Ctrl Pts',(34.2689892544685,-19.7855563450861,15.9999999999999));
#3197=CARTESIAN_POINT('Origin',(-32.9089653438082,-19.0000000000004,10.9999999999999));
#3198=CARTESIAN_POINT('',(-31.6889430468782,-17.4107777343775,15.9999999999999));
#3199=CARTESIAN_POINT('Ctrl Pts',(-31.9080327849133,-20.7349587965289,15.781251625346));
#3200=CARTESIAN_POINT('Ctrl Pts',(-31.3707526008568,-20.4214726766958,15.8160508631985));
#3201=CARTESIAN_POINT('Ctrl Pts',(-30.9863982606938,-19.8385086161413,15.850850101051));
#3202=CARTESIAN_POINT('Ctrl Pts',(-30.9179231502678,-19.2202811229538,15.8856493389036));
#3203=CARTESIAN_POINT('Ctrl Pts',(-30.8450929724221,-18.5627339061931,15.9226618338953));
#3204=CARTESIAN_POINT('Ctrl Pts',(-31.1296000757222,-17.8652950537859,15.959674328887));
#3205=CARTESIAN_POINT('Ctrl Pts',(-31.6424357264537,-17.4474341971443,15.9966868238786));
#3206=CARTESIAN_POINT('Ctrl Pts',(-31.6577378997016,-17.434965915712,15.9977912159191));
#3207=CARTESIAN_POINT('Ctrl Pts',(-31.673243360146,-17.4227465502718,15.9988956079595));
#3208=CARTESIAN_POINT('Ctrl Pts',(-31.6889430468782,-17.4107777343775,15.9999999999999));
#3209=CARTESIAN_POINT('',(-30.9260707247509,-18.7389848094201,15.9999999999999));
#3210=CARTESIAN_POINT('Origin',(-32.9089653438082,-19.0000000000004,15.9999999999999));
#3211=CARTESIAN_POINT('Ctrl Pts',(-30.9260707247509,-18.73898480942,15.9999999999999));
#3212=CARTESIAN_POINT('Ctrl Pts',(-30.8393553763845,-19.3977487583038,15.9629875050082));
#3213=CARTESIAN_POINT('Ctrl Pts',(-31.1565795315316,-20.2248835472064,15.9192382015851));
#3214=CARTESIAN_POINT('Ctrl Pts',(-31.8016508159705,-20.6720096287672,15.875488898162));
#3215=CARTESIAN_POINT('Ctrl Pts',(-31.9067150002261,-20.7314060867426,15.8687520897306));
#3216=CARTESIAN_POINT('Ctrl Pts',(-34.8408642342492,-18.4825382360865,16.2187617938288));
#3217=CARTESIAN_POINT('Ctrl Pts',(-34.6689513389717,-17.8407162604355,16.1817492988371));
#3218=CARTESIAN_POINT('Ctrl Pts',(-33.6375997735111,-16.7530076187511,16.1077243088537));
#3219=CARTESIAN_POINT('Ctrl Pts',(-31.4141071790222,-17.1678562013787,15.9966868238786));
#3220=CARTESIAN_POINT('Ctrl Pts',(-30.560585869122,-19.2601727586003,15.8856493389036));
#3221=CARTESIAN_POINT('Ctrl Pts',(-31.8510882460967,-21.1131395019432,15.7746118539285));
#3222=CARTESIAN_POINT('Ctrl Pts',(-34.1092264701858,-21.0359225908926,15.6635743689534));
#3223=CARTESIAN_POINT('Ctrl Pts',(-35.2700962773252,-19.0978877469602,15.5525368839783));
#3224=CARTESIAN_POINT('Ctrl Pts',(-34.2736061632593,-17.0706010562291,15.4414993990033));
#3225=CARTESIAN_POINT('Ctrl Pts',(-32.0299935695088,-16.8062956934279,15.3304619140281));
#3226=CARTESIAN_POINT('Ctrl Pts',(-30.589641479328,-18.5466406815354,15.2194244290531));
#3227=CARTESIAN_POINT('Ctrl Pts',(-31.2686524903587,-20.7012398387577,15.108386944078));
#3228=CARTESIAN_POINT('Ctrl Pts',(-33.446591622523,-21.3012625739936,14.9973494591029));
#3229=CARTESIAN_POINT('Ctrl Pts',(-35.1332420444882,-19.7983914580364,14.8863119741278));
#3230=CARTESIAN_POINT('Ctrl Pts',(-34.7873577451384,-17.5659553008911,14.7752744891527));
#3231=CARTESIAN_POINT('Ctrl Pts',(-32.7250015314474,-16.6439439886426,14.6642370041776));
#3232=CARTESIAN_POINT('Ctrl Pts',(-30.8307518639599,-17.8748913255899,14.5531995192026));
#3233=CARTESIAN_POINT('Ctrl Pts',(-30.835567867852,-20.1339596935265,14.4421620342275));
#3234=CARTESIAN_POINT('Ctrl Pts',(-32.7350493544321,-21.3568188053384,14.3311245492524));
#3235=CARTESIAN_POINT('Ctrl Pts',(-34.7934547134614,-20.4260228834537,14.2200870642773));
#3236=CARTESIAN_POINT('Ctrl Pts',(-35.1298186049188,-18.1921309770149,14.1090495793022));
#3237=CARTESIAN_POINT('Ctrl Pts',(-33.4367724909986,-16.6964676759229,13.9980120943271));
#3238=CARTESIAN_POINT('Ctrl Pts',(-31.2614175818399,-17.3057662785772,13.886974609352));
#3239=CARTESIAN_POINT('Ctrl Pts',(-30.5915875584498,-19.4632512777137,13.775937124377));
#3240=CARTESIAN_POINT('Ctrl Pts',(-32.0393713779973,-21.1974184572802,13.6648996394019));
#3241=CARTESIAN_POINT('Ctrl Pts',(-34.2817879168251,-20.9235903214524,13.5538621544268));
#3242=CARTESIAN_POINT('Ctrl Pts',(-35.2697227337135,-18.8919903134762,13.4428246694517));
#3243=CARTESIAN_POINT('Ctrl Pts',(-34.1004035376709,-16.959089281478,13.3317871844766));
#3244=CARTESIAN_POINT('Ctrl Pts',(-31.8423512004916,-16.8911671896591,13.2207496995015));
#3245=CARTESIAN_POINT('Ctrl Pts',(-30.5589681040981,-18.7502910913893,13.1097122145265));
#3246=CARTESIAN_POINT('Ctrl Pts',(-31.4230064411267,-20.837598320638,12.9986747295514));
#3247=CARTESIAN_POINT('Ctrl Pts',(-33.6449101462352,-21.2457130048913,12.8876372445763));
#3248=CARTESIAN_POINT('Ctrl Pts',(-35.1943094746817,-19.6017008254319,12.7765997596012));
#3249=CARTESIAN_POINT('Ctrl Pts',(-34.6553670652283,-17.4078562173983,12.6655622746261));
#3250=CARTESIAN_POINT('Ctrl Pts',(-32.5205676103691,-16.6689080212118,12.554524789651));
#3251=CARTESIAN_POINT('Ctrl Pts',(-30.7406843184806,-18.0601065977348,12.443487304676));
#3252=CARTESIAN_POINT('Ctrl Pts',(-30.9421720039263,-20.3101754537657,12.3324498197009));
#3253=CARTESIAN_POINT('Ctrl Pts',(-32.9409076104805,-21.3630131488479,12.2214123347258));
#3254=CARTESIAN_POINT('Ctrl Pts',(-34.9104599928056,-20.25652792098,12.1103748497507));
#3255=CARTESIAN_POINT('Ctrl Pts',(-35.051040610789,-18.001845998568,11.9993373647756));
#3256=CARTESIAN_POINT('Ctrl Pts',(-33.2342207115534,-16.6592439446963,11.8882998798005));
#3257=CARTESIAN_POINT('Ctrl Pts',(-31.1201384424238,-17.4556803545832,11.7772623948255));
#3258=CARTESIAN_POINT('Ctrl Pts',(-30.6407716652079,-19.6631883085322,11.6662249098504));
#3259=CARTESIAN_POINT('Ctrl Pts',(-32.2338934834542,-21.2649250651972,11.5551874248753));
#3260=CARTESIAN_POINT('Ctrl Pts',(-34.4442576637935,-20.796479891546,11.4441499399002));
#3261=CARTESIAN_POINT('Ctrl Pts',(-35.2509451022376,-18.6874190783951,11.3331124549251));
#3262=CARTESIAN_POINT('Ctrl Pts',(-33.9190143643745,-16.8619745540086,11.22207496995));
#3263=CARTESIAN_POINT('Ctrl Pts',(-31.6610308618026,-16.9943723121774,11.1110374849749));
#3264=CARTESIAN_POINT('Ctrl Pts',(-30.9217291857758,-18.2983006739354,11.0370124949916));
#3265=CARTESIAN_POINT('Ctrl Pts',(-30.9093144765973,-18.9626314401862,10.9999999999999));
#3266=CARTESIAN_POINT('Ctrl Pts',(-34.7188627130114,-18.5152165106547,16.1458411958858));
#3267=CARTESIAN_POINT('Ctrl Pts',(-34.5578063045035,-17.9139262925303,16.1088287008941));
#3268=CARTESIAN_POINT('Ctrl Pts',(-33.5915857148614,-16.8949076374729,16.0348037109108));
#3269=CARTESIAN_POINT('Ctrl Pts',(-31.5085091019391,-17.2835580798073,15.9237662259357));
#3270=CARTESIAN_POINT('Ctrl Pts',(-30.7088885933344,-19.2437425652341,15.8127287409606));
#3271=CARTESIAN_POINT('Ctrl Pts',(-31.9178943381971,-20.9796924384865,15.7016912559855));
#3272=CARTESIAN_POINT('Ctrl Pts',(-34.033428671437,-20.9073518595566,15.5906537710104));
#3273=CARTESIAN_POINT('Ctrl Pts',(-35.120988284585,-19.0917060290148,15.4796162860353));
#3274=CARTESIAN_POINT('Ctrl Pts',(-34.1874276076734,-17.1924447031091,15.3685788010602));
#3275=CARTESIAN_POINT('Ctrl Pts',(-32.0855015953791,-16.944830512135,15.2575413160852));
#3276=CARTESIAN_POINT('Ctrl Pts',(-30.7361093100772,-18.575270816784,15.1465038311101));
#3277=CARTESIAN_POINT('Ctrl Pts',(-31.3722400354506,-20.5938046881162,15.035466346135));
#3278=CARTESIAN_POINT('Ctrl Pts',(-33.4126399368602,-21.1559353334305,14.9244288611599));
#3279=CARTESIAN_POINT('Ctrl Pts',(-34.9927765457607,-19.747972166993,14.8133913761848));
#3280=CARTESIAN_POINT('Ctrl Pts',(-34.6687352170249,-17.656516787147,14.7023538912097));
#3281=CARTESIAN_POINT('Ctrl Pts',(-32.7366190467696,-16.7927314945154,14.5913164062347));
#3282=CARTESIAN_POINT('Ctrl Pts',(-30.9619933110422,-17.9459431650599,14.4802789212596));
#3283=CARTESIAN_POINT('Ctrl Pts',(-30.9665051790379,-20.0623489025493,14.3692414362845));
#3284=CARTESIAN_POINT('Ctrl Pts',(-32.7460323387779,-21.2079831281941,14.2582039513094));
#3285=CARTESIAN_POINT('Ctrl Pts',(-34.6744471551509,-20.3359679836026,14.1471664663343));
#3286=CARTESIAN_POINT('Ctrl Pts',(-34.9895693001326,-18.2431487866181,14.0361289813592));
#3287=CARTESIAN_POINT('Ctrl Pts',(-33.4034408941971,-16.8419382536785,13.9250914963841));
#3288=CARTESIAN_POINT('Ctrl Pts',(-31.3654620192929,-17.4127589852705,13.8140540114091));
#3289=CARTESIAN_POINT('Ctrl Pts',(-30.7379324921807,-19.4339964544535,13.703016526434));
#3290=CARTESIAN_POINT('Ctrl Pts',(-32.0942871850372,-21.0586490859065,13.5919790414589));
#3291=CARTESIAN_POINT('Ctrl Pts',(-34.1950926745812,-20.8021134954049,13.4809415564838));
#3292=CARTESIAN_POINT('Ctrl Pts',(-35.1206383306597,-18.8988112429408,13.3699040715087));
#3293=CARTESIAN_POINT('Ctrl Pts',(-34.0251629167298,-17.0879750185123,13.2588665865336));
#3294=CARTESIAN_POINT('Ctrl Pts',(-31.9097090465478,-17.0243422808457,13.1478291015586));
#3295=CARTESIAN_POINT('Ctrl Pts',(-30.7073729919356,-18.7660604812202,13.0367916165835));
#3296=CARTESIAN_POINT('Ctrl Pts',(-31.516846365939,-20.7215519831971,12.9257541316084));
#3297=CARTESIAN_POINT('Ctrl Pts',(-33.5984344295776,-21.1038937801815,12.8147166466333));
#3298=CARTESIAN_POINT('Ctrl Pts',(-35.0499875011572,-19.5637027622849,12.7036791616582));
#3299=CARTESIAN_POINT('Ctrl Pts',(-34.5450798924576,-17.5084018331487,12.5926416766831));
#3300=CARTESIAN_POINT('Ctrl Pts',(-32.5450953506972,-16.81611902121,12.481604191708));
#3301=CARTESIAN_POINT('Ctrl Pts',(-30.8776136292586,-18.1194618908328,12.370566706733));
#3302=CARTESIAN_POINT('Ctrl Pts',(-31.0663771476909,-20.2274364454052,12.2595292217579));
#3303=CARTESIAN_POINT('Ctrl Pts',(-32.9388904215142,-21.2137862921575,12.1484917367828));
#3304=CARTESIAN_POINT('Ctrl Pts',(-34.7840634235363,-20.1771768128057,12.0374542518077));
#3305=CARTESIAN_POINT('Ctrl Pts',(-34.9157662222221,-18.0648805120236,11.9264167668326));
#3306=CARTESIAN_POINT('Ctrl Pts',(-33.2136804804616,-16.8070652416631,11.8153792818575));
#3307=CARTESIAN_POINT('Ctrl Pts',(-31.2331048115645,-17.5532058239287,11.7043417968825));
#3308=CARTESIAN_POINT('Ctrl Pts',(-30.7840105689726,-19.6213072437889,11.5933043119074));
#3309=CARTESIAN_POINT('Ctrl Pts',(-32.2765250074515,-21.1218925779326,11.4822668269323));
#3310=CARTESIAN_POINT('Ctrl Pts',(-34.3473022798913,-20.6830302277328,11.3712293419572));
#3311=CARTESIAN_POINT('Ctrl Pts',(-35.1030465270844,-18.7071589043945,11.2601918569821));
#3312=CARTESIAN_POINT('Ctrl Pts',(-33.8552286674917,-16.9969931919646,11.149154372007));
#3313=CARTESIAN_POINT('Ctrl Pts',(-31.7398392849365,-17.1210298873548,11.038116887032));
#3314=CARTESIAN_POINT('Ctrl Pts',(-31.047225315795,-18.3426137514236,10.9640918970486));
#3315=CARTESIAN_POINT('Ctrl Pts',(-31.0355946090365,-18.9649913054805,10.9270794020569));
#3316=CARTESIAN_POINT('Ctrl Pts',(-34.5968611917736,-18.5478947852229,16.0729205979428));
#3317=CARTESIAN_POINT('Ctrl Pts',(-34.4466612700353,-17.9871363246251,16.0359081029512));
#3318=CARTESIAN_POINT('Ctrl Pts',(-33.5455716562117,-17.0368076561946,15.9618831129678));
#3319=CARTESIAN_POINT('Ctrl Pts',(-31.602911024856,-17.3992599582359,15.8508456279927));
#3320=CARTESIAN_POINT('Ctrl Pts',(-30.8571913175467,-19.2273123718679,15.7398081430176));
#3321=CARTESIAN_POINT('Ctrl Pts',(-31.9847004302975,-20.8462453750298,15.6287706580425));
#3322=CARTESIAN_POINT('Ctrl Pts',(-33.9576308726881,-20.7787811282206,15.5177331730674));
#3323=CARTESIAN_POINT('Ctrl Pts',(-34.9718802918449,-19.0855243110695,15.4066956880923));
#3324=CARTESIAN_POINT('Ctrl Pts',(-34.1012490520875,-17.314288349989,15.2956582031173));
#3325=CARTESIAN_POINT('Ctrl Pts',(-32.1410096212496,-17.0833653308421,15.1846207181422));
#3326=CARTESIAN_POINT('Ctrl Pts',(-30.8825771408264,-18.6039009520327,15.0735832331671));
#3327=CARTESIAN_POINT('Ctrl Pts',(-31.4758275805426,-20.4863695374747,14.962545748192));
#3328=CARTESIAN_POINT('Ctrl Pts',(-33.3786882511974,-21.0106080928674,14.8515082632169));
#3329=CARTESIAN_POINT('Ctrl Pts',(-34.8523110470334,-19.6975528759495,14.7404707782418));
#3330=CARTESIAN_POINT('Ctrl Pts',(-34.5501126889113,-17.7470782734028,14.6294332932667));
#3331=CARTESIAN_POINT('Ctrl Pts',(-32.7482365620919,-16.9415190003881,14.5183958082917));
#3332=CARTESIAN_POINT('Ctrl Pts',(-31.0932347581246,-18.0169950045299,14.4073583233166));
#3333=CARTESIAN_POINT('Ctrl Pts',(-31.0974424902237,-19.990738111572,14.2963208383415));
#3334=CARTESIAN_POINT('Ctrl Pts',(-32.7570153231238,-21.0591474510498,14.1852833533664));
#3335=CARTESIAN_POINT('Ctrl Pts',(-34.5554395968404,-20.2459130837514,14.0742458683913));
#3336=CARTESIAN_POINT('Ctrl Pts',(-34.8493199953466,-18.2941665962213,13.9632083834162));
#3337=CARTESIAN_POINT('Ctrl Pts',(-33.3701092973957,-16.9874088314341,13.8521708984412));
#3338=CARTESIAN_POINT('Ctrl Pts',(-31.4695064567459,-17.5197516919637,13.7411334134661));
#3339=CARTESIAN_POINT('Ctrl Pts',(-30.8842774259116,-19.4047416311933,13.630095928491));
#3340=CARTESIAN_POINT('Ctrl Pts',(-32.1492029920771,-20.9198797145327,13.5190584435159));
#3341=CARTESIAN_POINT('Ctrl Pts',(-34.1083974323372,-20.6806366693575,13.4080209585408));
#3342=CARTESIAN_POINT('Ctrl Pts',(-34.9715539276059,-18.9056321724053,13.2969834735657));
#3343=CARTESIAN_POINT('Ctrl Pts',(-33.9499222957888,-17.2168607555466,13.1859459885907));
#3344=CARTESIAN_POINT('Ctrl Pts',(-31.9770668926039,-17.1575173720323,13.0749085036156));
#3345=CARTESIAN_POINT('Ctrl Pts',(-30.855777879773,-18.781829871051,12.9638710186405));
#3346=CARTESIAN_POINT('Ctrl Pts',(-31.6106862907513,-20.6055056457562,12.8528335336654));
#3347=CARTESIAN_POINT('Ctrl Pts',(-33.5519587129201,-20.9620745554716,12.7417960486903));
#3348=CARTESIAN_POINT('Ctrl Pts',(-34.9056655276326,-19.5257046991378,12.6307585637152));
#3349=CARTESIAN_POINT('Ctrl Pts',(-34.4347927196869,-17.608947448899,12.5197210787401));
#3350=CARTESIAN_POINT('Ctrl Pts',(-32.5696230910253,-16.9633300212083,12.4086835937651));
#3351=CARTESIAN_POINT('Ctrl Pts',(-31.0145429400367,-18.1788171839307,12.29764610879));
#3352=CARTESIAN_POINT('Ctrl Pts',(-31.1905822914555,-20.1446974370447,12.1866086238149));
#3353=CARTESIAN_POINT('Ctrl Pts',(-32.9368732325479,-21.064559435467,12.0755711388398));
#3354=CARTESIAN_POINT('Ctrl Pts',(-34.657666854267,-20.0978257046313,11.9645336538647));
#3355=CARTESIAN_POINT('Ctrl Pts',(-34.7804918336552,-18.1279150254791,11.8534961688897));
#3356=CARTESIAN_POINT('Ctrl Pts',(-33.1931402493698,-16.9548865386298,11.7424586839145));
#3357=CARTESIAN_POINT('Ctrl Pts',(-31.3460711807051,-17.6507312932741,11.6314211989395));
#3358=CARTESIAN_POINT('Ctrl Pts',(-30.9272494727374,-19.5794261790457,11.5203837139644));
#3359=CARTESIAN_POINT('Ctrl Pts',(-32.3191565314486,-20.9788600906679,11.4093462289893));
#3360=CARTESIAN_POINT('Ctrl Pts',(-34.2503468959892,-20.5695805639196,11.2983087440142));
#3361=CARTESIAN_POINT('Ctrl Pts',(-34.955147951931,-18.7268987303939,11.1872712590391));
#3362=CARTESIAN_POINT('Ctrl Pts',(-33.7914429706089,-17.1320118299206,11.0762337740641));
#3363=CARTESIAN_POINT('Ctrl Pts',(-31.8186477080704,-17.2476874625321,10.965196289089));
#3364=CARTESIAN_POINT('Ctrl Pts',(-31.1727214458141,-18.3869268289118,10.8911712991056));
#3365=CARTESIAN_POINT('Ctrl Pts',(-31.1618747414758,-18.9673511707749,10.8541588041139));
#3366=CARTESIAN_POINT('Ctrl Pts',(-34.4748596705358,-18.5805730597912,15.9999999999999));
#3367=CARTESIAN_POINT('Ctrl Pts',(-34.3355162355671,-18.0603463567199,15.9629875050082));
#3368=CARTESIAN_POINT('Ctrl Pts',(-33.4995575975621,-17.1787076749164,15.8889625150248));
#3369=CARTESIAN_POINT('Ctrl Pts',(-31.6973129477729,-17.5149618366646,15.7779250300497));
#3370=CARTESIAN_POINT('Ctrl Pts',(-31.0054940417592,-19.2108821785018,15.6668875450746));
#3371=CARTESIAN_POINT('Ctrl Pts',(-32.0515065223978,-20.712798311573,15.5558500600995));
#3372=CARTESIAN_POINT('Ctrl Pts',(-33.8818330739394,-20.6502103968846,15.4448125751244));
#3373=CARTESIAN_POINT('Ctrl Pts',(-34.8227722991046,-19.0793425931241,15.3337750901493));
#3374=CARTESIAN_POINT('Ctrl Pts',(-34.0150704965016,-17.436131996869,15.2227376051743));
#3375=CARTESIAN_POINT('Ctrl Pts',(-32.1965176471199,-17.2219001495492,15.1117001201992));
#3376=CARTESIAN_POINT('Ctrl Pts',(-31.0290449715756,-18.6325310872813,15.0006626352241));
#3377=CARTESIAN_POINT('Ctrl Pts',(-31.5794151256346,-20.3789343868332,14.889625150249));
#3378=CARTESIAN_POINT('Ctrl Pts',(-33.3447365655345,-20.8652808523043,14.7785876652739));
#3379=CARTESIAN_POINT('Ctrl Pts',(-34.711845548306,-19.6471335849061,14.6675501802988));
#3380=CARTESIAN_POINT('Ctrl Pts',(-34.4314901607978,-17.8376397596586,14.5565126953238));
#3381=CARTESIAN_POINT('Ctrl Pts',(-32.7598540774142,-17.0903065062609,14.4454752103487));
#3382=CARTESIAN_POINT('Ctrl Pts',(-31.224476205207,-18.0880468439999,14.3344377253736));
#3383=CARTESIAN_POINT('Ctrl Pts',(-31.2283798014095,-19.9191273205948,14.2234002403985));
#3384=CARTESIAN_POINT('Ctrl Pts',(-32.7679983074696,-20.9103117739056,14.1123627554234));
#3385=CARTESIAN_POINT('Ctrl Pts',(-34.4364320385299,-20.1558581839003,14.0013252704483));
#3386=CARTESIAN_POINT('Ctrl Pts',(-34.7090706905604,-18.3451844058245,13.8902877854733));
#3387=CARTESIAN_POINT('Ctrl Pts',(-33.3367777005942,-17.1328794091897,13.7792503004982));
#3388=CARTESIAN_POINT('Ctrl Pts',(-31.5735508941989,-17.626744398657,13.6682128155231));
#3389=CARTESIAN_POINT('Ctrl Pts',(-31.0306223596425,-19.3754868079332,13.557175330548));
#3390=CARTESIAN_POINT('Ctrl Pts',(-32.2041187991171,-20.781110343159,13.4461378455729));
#3391=CARTESIAN_POINT('Ctrl Pts',(-34.0217021900932,-20.55915984331,13.3351003605978));
#3392=CARTESIAN_POINT('Ctrl Pts',(-34.822469524552,-18.9124531018699,13.2240628756228));
#3393=CARTESIAN_POINT('Ctrl Pts',(-33.8746816748478,-17.3457464925809,13.1130253906477));
#3394=CARTESIAN_POINT('Ctrl Pts',(-32.0444247386601,-17.2906924632189,13.0019879056726));
#3395=CARTESIAN_POINT('Ctrl Pts',(-31.0041827676105,-18.7975992608819,12.8909504206975));
#3396=CARTESIAN_POINT('Ctrl Pts',(-31.7045262155636,-20.4894593083154,12.7799129357224));
#3397=CARTESIAN_POINT('Ctrl Pts',(-33.5054829962626,-20.8202553307617,12.6688754507473));
#3398=CARTESIAN_POINT('Ctrl Pts',(-34.761343554108,-19.4877066359908,12.5578379657723));
#3399=CARTESIAN_POINT('Ctrl Pts',(-34.3245055469163,-17.7094930646492,12.4468004807971));
#3400=CARTESIAN_POINT('Ctrl Pts',(-32.5941508313534,-17.1105410212066,12.3357629958221));
#3401=CARTESIAN_POINT('Ctrl Pts',(-31.1514722508148,-18.2381724770287,12.224725510847));
#3402=CARTESIAN_POINT('Ctrl Pts',(-31.3147874352201,-20.0619584286843,12.1136880258719));
#3403=CARTESIAN_POINT('Ctrl Pts',(-32.9348560435816,-20.9153325787766,12.0026505408968));
#3404=CARTESIAN_POINT('Ctrl Pts',(-34.5312702849976,-20.018474596457,11.8916130559217));
#3405=CARTESIAN_POINT('Ctrl Pts',(-34.6452174450883,-18.1909495389347,11.7805755709467));
#3406=CARTESIAN_POINT('Ctrl Pts',(-33.1726000182779,-17.1027078355966,11.6695380859716));
#3407=CARTESIAN_POINT('Ctrl Pts',(-31.4590375498457,-17.7482567626197,11.5585006009965));
#3408=CARTESIAN_POINT('Ctrl Pts',(-31.0704883765022,-19.5375451143024,11.4474631160214));
#3409=CARTESIAN_POINT('Ctrl Pts',(-32.3617880554458,-20.8358276034032,11.3364256310463));
#3410=CARTESIAN_POINT('Ctrl Pts',(-34.153391512087,-20.4561309001064,11.2253881460712));
#3411=CARTESIAN_POINT('Ctrl Pts',(-34.8072493767777,-18.7466385563933,11.1143506610962));
#3412=CARTESIAN_POINT('Ctrl Pts',(-33.7276572737262,-17.2670304678766,11.0033131761211));
#3413=CARTESIAN_POINT('Ctrl Pts',(-31.8974561312043,-17.3743450377094,10.892275691146));
#3414=CARTESIAN_POINT('Ctrl Pts',(-31.2982175758333,-18.4312399064,10.8182507011626));
#3415=CARTESIAN_POINT('Ctrl Pts',(-31.2881548739151,-18.9697110360693,10.7812382061709));
#3416=CARTESIAN_POINT('',(-33.5573633008605,-17.5142260973013,10.9999999999999));
#3417=CARTESIAN_POINT('Ctrl Pts',(-30.9093144765973,-18.9626314401861,10.9999999999999));
#3418=CARTESIAN_POINT('Ctrl Pts',(-30.9177227057926,-18.8897560232142,10.9999999999999));
#3419=CARTESIAN_POINT('Ctrl Pts',(-30.930457773144,-18.8175310269206,10.9999999999999));
#3420=CARTESIAN_POINT('Ctrl Pts',(-30.9472980223003,-18.7462413397119,10.9999999999999));
#3421=CARTESIAN_POINT('Ctrl Pts',(-30.9590356624858,-18.6965524847774,10.9999999999999));
#3422=CARTESIAN_POINT('Ctrl Pts',(-30.9727687585074,-18.6473182830608,10.9999999999999));
#3423=CARTESIAN_POINT('Ctrl Pts',(-30.9884349556399,-18.5986423125182,10.9999999999999));
#3424=CARTESIAN_POINT('Ctrl Pts',(-30.9932027781616,-18.5838283543726,10.9999999999999));
#3425=CARTESIAN_POINT('Ctrl Pts',(-30.9981497128806,-18.569066151031,10.9999999999999));
#3426=CARTESIAN_POINT('Ctrl Pts',(-31.0032741651687,-18.5543587635865,10.9999999999999));
#3427=CARTESIAN_POINT('Ctrl Pts',(-31.0087733023884,-18.538576015079,10.9999999999999));
#3428=CARTESIAN_POINT('Ctrl Pts',(-31.0144739380066,-18.5228648776967,10.9999999999999));
#3429=CARTESIAN_POINT('Ctrl Pts',(-31.0203722363462,-18.507232212899,10.9999999999999));
#3430=CARTESIAN_POINT('Ctrl Pts',(-31.0422286762885,-18.4493045904521,10.9999999999999));
#3431=CARTESIAN_POINT('Ctrl Pts',(-31.0668029229365,-18.3924378932271,10.9999999999999));
#3432=CARTESIAN_POINT('Ctrl Pts',(-31.0939751287015,-18.3368150448279,10.9999999999999));
#3433=CARTESIAN_POINT('Ctrl Pts',(-31.1185832166746,-18.2864410723002,10.9999999999999));
#3434=CARTESIAN_POINT('Ctrl Pts',(-31.1453225372719,-18.2370872526039,10.9999999999999));
#3435=CARTESIAN_POINT('Ctrl Pts',(-31.1741174026194,-18.1889029733292,10.9999999999999));
#3436=CARTESIAN_POINT('Ctrl Pts',(-31.1809152673603,-18.1775276739765,10.9999999999999));
#3437=CARTESIAN_POINT('Ctrl Pts',(-31.1878278421762,-18.1662176416662,10.9999999999999));
#3438=CARTESIAN_POINT('Ctrl Pts',(-31.1948463343548,-18.1549870411215,10.9999999999999));
#3439=CARTESIAN_POINT('Ctrl Pts',(-31.2326653475631,-18.0944711611389,10.9999999999999));
#3440=CARTESIAN_POINT('Ctrl Pts',(-31.2736100153153,-18.0361680879527,10.9999999999999));
#3441=CARTESIAN_POINT('Ctrl Pts',(-31.3174885055781,-17.980350666046,10.9999999999999));
#3442=CARTESIAN_POINT('Ctrl Pts',(-31.3604425963939,-17.9257091641318,10.9999999999999));
#3443=CARTESIAN_POINT('Ctrl Pts',(-31.4062089719639,-17.8734491101782,10.9999999999999));
#3444=CARTESIAN_POINT('Ctrl Pts',(-31.45463842858,-17.8238643899647,10.9999999999999));
#3445=CARTESIAN_POINT('Ctrl Pts',(-31.4908183339993,-17.7868214286574,10.9999999999999));
#3446=CARTESIAN_POINT('Ctrl Pts',(-31.5284851930707,-17.7512722995744,10.9999999999999));
#3447=CARTESIAN_POINT('Ctrl Pts',(-31.5675846603753,-17.717356660308,10.9999999999999));
#3448=CARTESIAN_POINT('Ctrl Pts',(-31.5877628513949,-17.6998537045174,10.9999999999999));
#3449=CARTESIAN_POINT('Ctrl Pts',(-31.6083226837777,-17.682786055661,10.9999999999999));
#3450=CARTESIAN_POINT('Ctrl Pts',(-31.6292571732269,-17.6661746679925,10.9999999999999));
#3451=CARTESIAN_POINT('Ctrl Pts',(-31.6390496442205,-17.658404402933,10.9999999999999));
#3452=CARTESIAN_POINT('Ctrl Pts',(-31.6489240964481,-17.6507339886238,10.9999999999999));
#3453=CARTESIAN_POINT('Ctrl Pts',(-31.6588798332698,-17.6431656668339,10.9999999999999));
#3454=CARTESIAN_POINT('Ctrl Pts',(-31.6670788459992,-17.6369328015214,10.9999999999999));
#3455=CARTESIAN_POINT('Ctrl Pts',(-31.6753311605253,-17.63077063191,10.9999999999999));
#3456=CARTESIAN_POINT('Ctrl Pts',(-31.6836292590072,-17.6246853381804,10.9999999999999));
#3457=CARTESIAN_POINT('Ctrl Pts',(-31.7376579040022,-17.5850641918029,10.9999999999999));
#3458=CARTESIAN_POINT('Ctrl Pts',(-31.7937101876552,-17.5486336821001,10.9999999999999));
#3459=CARTESIAN_POINT('Ctrl Pts',(-31.8516448395456,-17.5156581178935,10.9999999999999));
#3460=CARTESIAN_POINT('Ctrl Pts',(-31.8851814175198,-17.4965695837577,10.9999999999999));
#3461=CARTESIAN_POINT('Ctrl Pts',(-31.9193492014876,-17.4786395804364,10.9999999999999));
#3462=CARTESIAN_POINT('Ctrl Pts',(-31.9541236248508,-17.46192690786,10.9999999999999));
#3463=CARTESIAN_POINT('Ctrl Pts',(-32.0163617412601,-17.4320151175059,10.9999999999999));
#3464=CARTESIAN_POINT('Ctrl Pts',(-32.0805434340155,-17.4059997983341,10.9999999999999));
#3465=CARTESIAN_POINT('Ctrl Pts',(-32.1462858977403,-17.3838926132118,10.9999999999999));
#3466=CARTESIAN_POINT('Ctrl Pts',(-32.1750482256198,-17.3742207197207,10.9999999999999));
#3467=CARTESIAN_POINT('Ctrl Pts',(-32.2041092908746,-17.3652975716688,10.9999999999999));
#3468=CARTESIAN_POINT('Ctrl Pts',(-32.2334366014633,-17.3571273791779,10.9999999999999));
#3469=CARTESIAN_POINT('Ctrl Pts',(-32.2477843891256,-17.3531302793871,10.9999999999999));
#3470=CARTESIAN_POINT('Ctrl Pts',(-32.2621958937463,-17.3493134255792,10.9999999999999));
#3471=CARTESIAN_POINT('Ctrl Pts',(-32.2766672551452,-17.3456774782773,10.9999999999999));
#3472=CARTESIAN_POINT('Ctrl Pts',(-32.2879139624312,-17.3428517292765,10.9999999999999));
#3473=CARTESIAN_POINT('Ctrl Pts',(-32.2991971935274,-17.3401352589152,10.9999999999999));
#3474=CARTESIAN_POINT('Ctrl Pts',(-32.31050016997,-17.3375315784841,10.9999999999999));
#3475=CARTESIAN_POINT('Ctrl Pts',(-32.3756729997039,-17.3225187876254,10.9999999999999));
#3476=CARTESIAN_POINT('Ctrl Pts',(-32.4416226749577,-17.3112203036711,10.9999999999999));
#3477=CARTESIAN_POINT('Ctrl Pts',(-32.5079982631692,-17.3036056219914,10.9999999999999));
#3478=CARTESIAN_POINT('Ctrl Pts',(-32.5742393408124,-17.2960063715144,10.9999999999999));
#3479=CARTESIAN_POINT('Ctrl Pts',(-32.6409057504608,-17.2920762179507,10.9999999999999));
#3480=CARTESIAN_POINT('Ctrl Pts',(-32.7076428796651,-17.2918359787866,10.9999999999999));
#3481=CARTESIAN_POINT('Ctrl Pts',(-32.7730344084329,-17.2916005834917,10.9999999999999));
#3482=CARTESIAN_POINT('Ctrl Pts',(-32.8384947910485,-17.2949081308631,10.9999999999999));
#3483=CARTESIAN_POINT('Ctrl Pts',(-32.9036694380028,-17.3018231731682,10.9999999999999));
#3484=CARTESIAN_POINT('Ctrl Pts',(-32.9168964996215,-17.3032265668947,10.9999999999999));
#3485=CARTESIAN_POINT('Ctrl Pts',(-32.9301116952807,-17.3047786873681,10.9999999999999));
#3486=CARTESIAN_POINT('Ctrl Pts',(-32.9433118991354,-17.3064802883933,10.9999999999999));
#3487=CARTESIAN_POINT('Ctrl Pts',(-32.9547832697719,-17.3079590304073,10.9999999999999));
#3488=CARTESIAN_POINT('Ctrl Pts',(-32.9662440163376,-17.30955085979,10.9999999999999));
#3489=CARTESIAN_POINT('Ctrl Pts',(-32.9776761769489,-17.3112536729168,10.9999999999999));
#3490=CARTESIAN_POINT('Ctrl Pts',(-33.0412056978891,-17.3207163550705,10.9999999999999));
#3491=CARTESIAN_POINT('Ctrl Pts',(-33.1039720310672,-17.3336167776021,10.9999999999999));
#3492=CARTESIAN_POINT('Ctrl Pts',(-33.1656556696227,-17.3499637033549,10.9999999999999));
#3493=CARTESIAN_POINT('Ctrl Pts',(-33.2262012674737,-17.366009034271,10.9999999999999));
#3494=CARTESIAN_POINT('Ctrl Pts',(-33.2857046083009,-17.3853752049398,10.9999999999999));
#3495=CARTESIAN_POINT('Ctrl Pts',(-33.3438386090574,-17.4081133779166,10.9999999999999));
#3496=CARTESIAN_POINT('Ctrl Pts',(-33.4000063654875,-17.4300824862663,10.9999999999999));
#3497=CARTESIAN_POINT('Ctrl Pts',(-33.4548964255268,-17.4551997312063,10.9999999999999));
#3498=CARTESIAN_POINT('Ctrl Pts',(-33.5081800770589,-17.4835463396473,10.9999999999999));
#3499=CARTESIAN_POINT('Ctrl Pts',(-33.5252277948894,-17.4926156314142,10.9999999999999));
#3500=CARTESIAN_POINT('Ctrl Pts',(-33.542110775241,-17.5020157453563,10.9999999999999));
#3501=CARTESIAN_POINT('Ctrl Pts',(-33.5588173454104,-17.5117500439493,10.9999999999999));
#3502=CARTESIAN_POINT('',(-34.4748596705358,-18.5805730597912,15.9999999999999));
#3503=CARTESIAN_POINT('Ctrl Pts',(-34.4748596705358,-18.5805730597912,15.9999999999999));
#3504=CARTESIAN_POINT('Ctrl Pts',(-34.3355162355671,-18.0603463567199,15.9629875050082));
#3505=CARTESIAN_POINT('Ctrl Pts',(-33.4995575975621,-17.1787076749164,15.8889625150248));
#3506=CARTESIAN_POINT('Ctrl Pts',(-31.6973129477729,-17.5149618366646,15.7779250300497));
#3507=CARTESIAN_POINT('Ctrl Pts',(-31.0054940417592,-19.2108821785018,15.6668875450746));
#3508=CARTESIAN_POINT('Ctrl Pts',(-32.0515065223978,-20.712798311573,15.5558500600995));
#3509=CARTESIAN_POINT('Ctrl Pts',(-33.8818330739394,-20.6502103968846,15.4448125751244));
#3510=CARTESIAN_POINT('Ctrl Pts',(-34.8227722991046,-19.0793425931241,15.3337750901493));
#3511=CARTESIAN_POINT('Ctrl Pts',(-34.0150704965016,-17.436131996869,15.2227376051743));
#3512=CARTESIAN_POINT('Ctrl Pts',(-32.1965176471199,-17.2219001495492,15.1117001201992));
#3513=CARTESIAN_POINT('Ctrl Pts',(-31.0290449715756,-18.6325310872813,15.0006626352241));
#3514=CARTESIAN_POINT('Ctrl Pts',(-31.5794151256346,-20.3789343868332,14.889625150249));
#3515=CARTESIAN_POINT('Ctrl Pts',(-33.3447365655345,-20.8652808523043,14.7785876652739));
#3516=CARTESIAN_POINT('Ctrl Pts',(-34.711845548306,-19.6471335849061,14.6675501802988));
#3517=CARTESIAN_POINT('Ctrl Pts',(-34.4314901607978,-17.8376397596586,14.5565126953238));
#3518=CARTESIAN_POINT('Ctrl Pts',(-32.7598540774142,-17.0903065062609,14.4454752103487));
#3519=CARTESIAN_POINT('Ctrl Pts',(-31.224476205207,-18.0880468439999,14.3344377253736));
#3520=CARTESIAN_POINT('Ctrl Pts',(-31.2283798014095,-19.9191273205948,14.2234002403985));
#3521=CARTESIAN_POINT('Ctrl Pts',(-32.7679983074696,-20.9103117739056,14.1123627554234));
#3522=CARTESIAN_POINT('Ctrl Pts',(-34.4364320385299,-20.1558581839003,14.0013252704483));
#3523=CARTESIAN_POINT('Ctrl Pts',(-34.7090706905604,-18.3451844058245,13.8902877854733));
#3524=CARTESIAN_POINT('Ctrl Pts',(-33.3367777005942,-17.1328794091897,13.7792503004982));
#3525=CARTESIAN_POINT('Ctrl Pts',(-31.5735508941989,-17.626744398657,13.6682128155231));
#3526=CARTESIAN_POINT('Ctrl Pts',(-31.0306223596425,-19.3754868079332,13.557175330548));
#3527=CARTESIAN_POINT('Ctrl Pts',(-32.2041187991171,-20.781110343159,13.4461378455729));
#3528=CARTESIAN_POINT('Ctrl Pts',(-34.0217021900932,-20.55915984331,13.3351003605978));
#3529=CARTESIAN_POINT('Ctrl Pts',(-34.822469524552,-18.9124531018699,13.2240628756228));
#3530=CARTESIAN_POINT('Ctrl Pts',(-33.8746816748478,-17.3457464925809,13.1130253906477));
#3531=CARTESIAN_POINT('Ctrl Pts',(-32.0444247386601,-17.2906924632189,13.0019879056726));
#3532=CARTESIAN_POINT('Ctrl Pts',(-31.0041827676105,-18.7975992608819,12.8909504206975));
#3533=CARTESIAN_POINT('Ctrl Pts',(-31.7045262155636,-20.4894593083154,12.7799129357224));
#3534=CARTESIAN_POINT('Ctrl Pts',(-33.5054829962626,-20.8202553307617,12.6688754507473));
#3535=CARTESIAN_POINT('Ctrl Pts',(-34.761343554108,-19.4877066359908,12.5578379657723));
#3536=CARTESIAN_POINT('Ctrl Pts',(-34.3245055469163,-17.7094930646492,12.4468004807971));
#3537=CARTESIAN_POINT('Ctrl Pts',(-32.5941508313534,-17.1105410212066,12.3357629958221));
#3538=CARTESIAN_POINT('Ctrl Pts',(-31.1514722508148,-18.2381724770287,12.224725510847));
#3539=CARTESIAN_POINT('Ctrl Pts',(-31.3147874352201,-20.0619584286843,12.1136880258719));
#3540=CARTESIAN_POINT('Ctrl Pts',(-32.9348560435816,-20.9153325787766,12.0026505408968));
#3541=CARTESIAN_POINT('Ctrl Pts',(-34.5312702849976,-20.018474596457,11.8916130559217));
#3542=CARTESIAN_POINT('Ctrl Pts',(-34.6452174450883,-18.1909495389347,11.7805755709467));
#3543=CARTESIAN_POINT('Ctrl Pts',(-33.1726000182779,-17.1027078355966,11.6695380859716));
#3544=CARTESIAN_POINT('Ctrl Pts',(-31.4590375498457,-17.7482567626197,11.5585006009965));
#3545=CARTESIAN_POINT('Ctrl Pts',(-31.0704883765022,-19.5375451143024,11.4474631160214));
#3546=CARTESIAN_POINT('Ctrl Pts',(-32.3617880554458,-20.8358276034032,11.3364256310463));
#3547=CARTESIAN_POINT('Ctrl Pts',(-34.153391512087,-20.4561309001064,11.2253881460712));
#3548=CARTESIAN_POINT('Ctrl Pts',(-34.8072493767777,-18.7466385563933,11.1143506610962));
#3549=CARTESIAN_POINT('Ctrl Pts',(-34.0767835565349,-17.7455168059087,11.0392212790724));
#3550=CARTESIAN_POINT('Ctrl Pts',(-33.5735032359078,-17.5181040631053,11.0011043920403));
#3551=CARTESIAN_POINT('Ctrl Pts',(-33.5588173454104,-17.5117500439493,10.9999999999999));
#3552=CARTESIAN_POINT('Ctrl Pts',(-31.6889430468782,-17.4107777343775,15.9999999999999));
#3553=CARTESIAN_POINT('Ctrl Pts',(-31.749781759975,-17.3730881407685,15.9999999999999));
#3554=CARTESIAN_POINT('Ctrl Pts',(-31.8126955449236,-17.3390169632735,15.9999999999999));
#3555=CARTESIAN_POINT('Ctrl Pts',(-31.8773243499438,-17.3085482613191,15.9999999999999));
#3556=CARTESIAN_POINT('Ctrl Pts',(-31.9436942317875,-17.2772587434638,15.9999999999999));
#3557=CARTESIAN_POINT('Ctrl Pts',(-32.0118738508544,-17.2497682067589,15.9999999999999));
#3558=CARTESIAN_POINT('Ctrl Pts',(-32.0814895743853,-17.2261110148697,15.9999999999999));
#3559=CARTESIAN_POINT('Ctrl Pts',(-32.1374755269685,-17.2070855655002,15.9999999999999));
#3560=CARTESIAN_POINT('Ctrl Pts',(-32.1943908442725,-17.1905403685597,15.9999999999999));
#3561=CARTESIAN_POINT('Ctrl Pts',(-32.2520412794573,-17.1765177537727,15.9999999999999));
#3562=CARTESIAN_POINT('Ctrl Pts',(-32.2812691122981,-17.1694085161812,15.9999999999999));
#3563=CARTESIAN_POINT('Ctrl Pts',(-32.3106858527982,-17.1629480108203,15.9999999999999));
#3564=CARTESIAN_POINT('Ctrl Pts',(-32.3402656737761,-17.1571438915141,15.9999999999999));
#3565=CARTESIAN_POINT('Ctrl Pts',(-32.3581655510712,-17.1536315976613,15.9999999999999));
#3566=CARTESIAN_POINT('Ctrl Pts',(-32.3761251385307,-17.1503596950398,15.9999999999999));
#3567=CARTESIAN_POINT('Ctrl Pts',(-32.3941386115178,-17.147330135429,15.9999999999999));
#3568=CARTESIAN_POINT('Ctrl Pts',(-32.406723519603,-17.1452135680537,15.9999999999999));
#3569=CARTESIAN_POINT('Ctrl Pts',(-32.4193271829678,-17.1432166042534,15.9999999999999));
#3570=CARTESIAN_POINT('Ctrl Pts',(-32.4319407066364,-17.1413404165934,15.9999999999999));
#3571=CARTESIAN_POINT('Ctrl Pts',(-32.5029788457582,-17.1307739100794,15.9999999999999));
#3572=CARTESIAN_POINT('Ctrl Pts',(-32.574398741434,-17.124022326705,15.9999999999999));
#3573=CARTESIAN_POINT('Ctrl Pts',(-32.6458509029372,-17.1211163009327,15.9999999999999));
#3574=CARTESIAN_POINT('Ctrl Pts',(-32.7163589752646,-17.1182486721439,15.9999999999999));
#3575=CARTESIAN_POINT('Ctrl Pts',(-32.7868994844098,-17.1191258087624,15.9999999999999));
#3576=CARTESIAN_POINT('Ctrl Pts',(-32.8571271604678,-17.1238265005375,15.9999999999999));
#3577=CARTESIAN_POINT('Ctrl Pts',(-32.9097979175114,-17.1273520193688,15.9999999999999));
#3578=CARTESIAN_POINT('Ctrl Pts',(-32.9622926000872,-17.1330292963095,15.9999999999999));
#3579=CARTESIAN_POINT('Ctrl Pts',(-33.0144569144163,-17.1409094418448,15.9999999999999));
#3580=CARTESIAN_POINT('Ctrl Pts',(-33.0432311193804,-17.1452561858919,15.9999999999999));
#3581=CARTESIAN_POINT('Ctrl Pts',(-33.0719046458077,-17.1502734666942,15.9999999999999));
#3582=CARTESIAN_POINT('Ctrl Pts',(-33.1004501926333,-17.1559718390988,15.9999999999999));
#3583=CARTESIAN_POINT('Ctrl Pts',(-33.1172888941071,-17.1593332457796,15.9999999999999));
#3584=CARTESIAN_POINT('Ctrl Pts',(-33.1340893092394,-17.1629332672348,15.9999999999999));
#3585=CARTESIAN_POINT('Ctrl Pts',(-33.1508115076187,-17.1667660157021,15.9999999999999));
#3586=CARTESIAN_POINT('Ctrl Pts',(-33.2164391507038,-17.1818079523386,15.9999999999999));
#3587=CARTESIAN_POINT('Ctrl Pts',(-33.2809434798349,-17.2004438492605,15.9999999999999));
#3588=CARTESIAN_POINT('Ctrl Pts',(-33.3440182325516,-17.2227353326187,15.9999999999999));
#3589=CARTESIAN_POINT('Ctrl Pts',(-33.3858043088263,-17.2375031055193,15.9999999999999));
#3590=CARTESIAN_POINT('Ctrl Pts',(-33.4269626514463,-17.2538762218617,15.9999999999999));
#3591=CARTESIAN_POINT('Ctrl Pts',(-33.4673979425512,-17.2718836291305,15.9999999999999));
#3592=CARTESIAN_POINT('Ctrl Pts',(-33.5324520380561,-17.3008547471873,15.9999999999999));
#3593=CARTESIAN_POINT('Ctrl Pts',(-33.5956371597799,-17.3340546119071,15.9999999999999));
#3594=CARTESIAN_POINT('Ctrl Pts',(-33.6566852337326,-17.3711855889378,15.9999999999999));
#3595=CARTESIAN_POINT('Ctrl Pts',(-33.6846800652717,-17.3882127509686,15.9999999999999));
#3596=CARTESIAN_POINT('Ctrl Pts',(-33.7122248481771,-17.4060671088543,15.9999999999999));
#3597=CARTESIAN_POINT('Ctrl Pts',(-33.7392900842862,-17.424722186623,15.9999999999999));
#3598=CARTESIAN_POINT('Ctrl Pts',(-33.74855761402,-17.4311099560557,15.9999999999999));
#3599=CARTESIAN_POINT('Ctrl Pts',(-33.7577709147092,-17.4375930727707,15.9999999999999));
#3600=CARTESIAN_POINT('Ctrl Pts',(-33.7669220804102,-17.4441657045647,15.9999999999999));
#3601=CARTESIAN_POINT('Ctrl Pts',(-33.8211996678864,-17.4831494372173,15.9999999999999));
#3602=CARTESIAN_POINT('Ctrl Pts',(-33.8731561808601,-17.5251774787475,15.9999999999999));
#3603=CARTESIAN_POINT('Ctrl Pts',(-33.9226050042069,-17.5699670242813,15.9999999999999));
#3604=CARTESIAN_POINT('Ctrl Pts',(-33.9721042139979,-17.6148022086348,15.9999999999999));
#3605=CARTESIAN_POINT('Ctrl Pts',(-34.019091195721,-17.6624055076332,15.9999999999999));
#3606=CARTESIAN_POINT('Ctrl Pts',(-34.0633368502211,-17.7125240034345,15.9999999999999));
#3607=CARTESIAN_POINT('Ctrl Pts',(-34.106828540868,-17.7617884597907,15.9999999999999));
#3608=CARTESIAN_POINT('Ctrl Pts',(-34.1476719177325,-17.8134840642372,15.9999999999999));
#3609=CARTESIAN_POINT('Ctrl Pts',(-34.185602044484,-17.8673859828932,15.9999999999999));
#3610=CARTESIAN_POINT('Ctrl Pts',(-34.1978427560809,-17.8847810695246,15.9999999999999));
#3611=CARTESIAN_POINT('Ctrl Pts',(-34.2097796658603,-17.9024059994245,15.9999999999999));
#3612=CARTESIAN_POINT('Ctrl Pts',(-34.2214026916036,-17.9202533228832,15.9999999999999));
#3613=CARTESIAN_POINT('Ctrl Pts',(-34.2284977515075,-17.9311478895701,15.9999999999999));
#3614=CARTESIAN_POINT('Ctrl Pts',(-34.2354735493547,-17.9421219384979,15.9999999999999));
#3615=CARTESIAN_POINT('Ctrl Pts',(-34.24232315786,-17.9531655739233,15.9999999999999));
#3616=CARTESIAN_POINT('Ctrl Pts',(-34.2719956958285,-18.0010066572811,15.9999999999999));
#3617=CARTESIAN_POINT('Ctrl Pts',(-34.2993314861068,-18.050197532731,15.9999999999999));
#3618=CARTESIAN_POINT('Ctrl Pts',(-34.3241745678425,-18.1005866600035,15.9999999999999));
#3619=CARTESIAN_POINT('Ctrl Pts',(-34.345413595456,-18.1436656981418,15.9999999999999));
#3620=CARTESIAN_POINT('Ctrl Pts',(-34.364830333896,-18.1876208370797,15.9999999999999));
#3621=CARTESIAN_POINT('Ctrl Pts',(-34.3823096631831,-18.2323590452952,15.9999999999999));
#3622=CARTESIAN_POINT('Ctrl Pts',(-34.3876801540801,-18.2461047752383,15.9999999999999));
#3623=CARTESIAN_POINT('Ctrl Pts',(-34.3928671372632,-18.2599234839333,15.9999999999999));
#3624=CARTESIAN_POINT('Ctrl Pts',(-34.3978630527224,-18.2738003927689,15.9999999999999));
#3625=CARTESIAN_POINT('Ctrl Pts',(-34.4187749032857,-18.3318862123194,15.9999999999999));
#3626=CARTESIAN_POINT('Ctrl Pts',(-34.4363652436497,-18.3910475058279,15.9999999999999));
#3627=CARTESIAN_POINT('Ctrl Pts',(-34.4503982487201,-18.4510809474518,15.9999999999999));
#3628=CARTESIAN_POINT('Ctrl Pts',(-34.4603904075094,-18.4938275778677,15.9999999999999));
#3629=CARTESIAN_POINT('Ctrl Pts',(-34.4685779816301,-18.5370165371408,15.9999999999999));
#3630=CARTESIAN_POINT('Ctrl Pts',(-34.4748596705358,-18.5805730597912,15.9999999999999));
#3631=CARTESIAN_POINT('Ctrl Pts',(-34.3128734606336,-19.810546729167,16.087489831517));
#3632=CARTESIAN_POINT('Ctrl Pts',(-34.447604024112,-19.5771865478901,16.0689713129985));
#3633=CARTESIAN_POINT('Ctrl Pts',(-34.5962985014816,-19.0434527154816,16.0319342759614));
#3634=CARTESIAN_POINT('Ctrl Pts',(-34.35662630153,-17.9539657915155,15.9578602018874));
#3635=CARTESIAN_POINT('Ctrl Pts',(-33.1025391189147,-17.0935899734913,15.8652676092948));
#3636=CARTESIAN_POINT('Ctrl Pts',(-31.4096535700046,-17.8054417606841,15.7541564981837));
#3637=CARTESIAN_POINT('Ctrl Pts',(-31.0934981867157,-19.6101959273991,15.6430453870726));
#3638=CARTESIAN_POINT('Ctrl Pts',(-32.4358499383771,-20.8566801173429,15.5319342759615));
#3639=CARTESIAN_POINT('Ctrl Pts',(-34.2122995521279,-20.4044725031235,15.4208231648503));
#3640=CARTESIAN_POINT('Ctrl Pts',(-34.7956961578154,-18.6673031397007,15.3097120537392));
#3641=CARTESIAN_POINT('Ctrl Pts',(-33.6532212743062,-17.2345203000109,15.1986009426281));
#3642=CARTESIAN_POINT('Ctrl Pts',(-31.8296641393946,-17.4169881904366,15.087489831517));
#3643=CARTESIAN_POINT('Ctrl Pts',(-30.9936465246342,-19.0477653335769,14.9763787204059));
#3644=CARTESIAN_POINT('Ctrl Pts',(-31.9099288600668,-20.6348416565456,14.8652676092948));
#3645=CARTESIAN_POINT('Ctrl Pts',(-33.740256993256,-20.7261891116679,14.7541564981837));
#3646=CARTESIAN_POINT('Ctrl Pts',(-34.8100202181714,-19.2382332601664,14.6430453870726));
#3647=CARTESIAN_POINT('Ctrl Pts',(-34.1404991365503,-17.532316013681,14.5319342759614));
#3648=CARTESIAN_POINT('Ctrl Pts',(-32.3442360739876,-17.1691938157758,14.4208231648503));
#3649=CARTESIAN_POINT('Ctrl Pts',(-31.0646493010205,-18.4810898748039,14.3097120537392));
#3650=CARTESIAN_POINT('Ctrl Pts',(-31.4724404238892,-20.2677406854572,14.1986009426281));
#3651=CARTESIAN_POINT('Ctrl Pts',(-33.1945192478249,-20.8945260697622,14.087489831517));
#3652=CARTESIAN_POINT('Ctrl Pts',(-34.6553425117387,-19.7879953965982,13.9763787204059));
#3653=CARTESIAN_POINT('Ctrl Pts',(-34.5183923353828,-17.9605218468909,13.8652676092948));
#3654=CARTESIAN_POINT('Ctrl Pts',(-32.9089653381717,-17.084074626766,13.7541564981837));
#3655=CARTESIAN_POINT('Ctrl Pts',(-31.2995383662912,-17.9605218468984,13.6430453870726));
#3656=CARTESIAN_POINT('Ctrl Pts',(-31.1625881520906,-19.7879953965797,13.5319342759615));
#3657=CARTESIAN_POINT('Ctrl Pts',(-32.6234114850597,-20.8945260698008,13.4208231648503));
#3658=CARTESIAN_POINT('Ctrl Pts',(-34.3454901746139,-20.2677406853796,13.3097120537392));
#3659=CARTESIAN_POINT('Ctrl Pts',(-34.753281563579,-18.481089874959,13.1986009426281));
#3660=CARTESIAN_POINT('Ctrl Pts',(-33.4736942613404,-17.1691938154666,13.087489831517));
#3661=CARTESIAN_POINT('Ctrl Pts',(-31.6774322527017,-17.532316014297,12.9763787204059));
#3662=CARTESIAN_POINT('Ctrl Pts',(-31.0079090718313,-19.2382332589393,12.8652676092948));
#3663=CARTESIAN_POINT('Ctrl Pts',(-32.0776764784188,-20.7261891141124,12.7541564981837));
#3664=CARTESIAN_POINT('Ctrl Pts',(-33.9079962816314,-20.6348416516761,12.6430453870726));
#3665=CARTESIAN_POINT('Ctrl Pts',(-34.8242952106242,-19.0477653432771,12.5319342759614));
#3666=CARTESIAN_POINT('Ctrl Pts',(-33.9882445409613,-17.4169881711134,12.4208231648504));
#3667=CARTESIAN_POINT('Ctrl Pts',(-32.1647532525039,-17.2345203385041,12.3097120537392));
#3668=CARTESIAN_POINT('Ctrl Pts',(-31.0221472005186,-18.6673030630124,12.1986009426281));
#3669=CARTESIAN_POINT('Ctrl Pts',(-31.6058051005309,-20.4044726559992,12.087489831517));
#3670=CARTESIAN_POINT('Ctrl Pts',(-33.3817341763754,-20.8566798114013,11.9763787204059));
#3671=CARTESIAN_POINT('Ctrl Pts',(-34.7251232523079,-19.6101965544887,11.8652676092948));
#3672=CARTESIAN_POINT('Ctrl Pts',(-34.4068964095258,-17.8054402674021,11.7541564981837));
#3673=CARTESIAN_POINT('Ctrl Pts',(-32.7182002007566,-17.0935948944258,11.6430453870726));
#3674=CARTESIAN_POINT('Ctrl Pts',(-31.2040385205576,-18.1259352146729,11.5319342759615));
#3675=CARTESIAN_POINT('Ctrl Pts',(-31.2497229996559,-19.9579611156274,11.4208231648503));
#3676=CARTESIAN_POINT('Ctrl Pts',(-32.8134689267418,-20.9135468565339,11.3097120537392));
#3677=CARTESIAN_POINT('Ctrl Pts',(-34.4645688469032,-20.1184030790969,11.1986009426281));
#3678=CARTESIAN_POINT('Ctrl Pts',(-34.6924681525395,-18.3000462798771,11.087489831517));
#3679=CARTESIAN_POINT('Ctrl Pts',(-33.2885623631243,-17.1220379226189,10.9763787204059));
#3680=CARTESIAN_POINT('Ctrl Pts',(-31.5374900032402,-17.6622796422306,10.8652676092948));
#3681=CARTESIAN_POINT('Ctrl Pts',(-31.040932552994,-19.4262353376344,10.7541564981837));
#3682=CARTESIAN_POINT('Ctrl Pts',(-32.2539664849946,-20.8005765021086,10.6430453870726));
#3683=CARTESIAN_POINT('Ctrl Pts',(-34.0652390972427,-20.5268565994929,10.5319342759615));
#3684=CARTESIAN_POINT('Ctrl Pts',(-34.8206734828452,-18.857602059973,10.4208231648503));
#3685=CARTESIAN_POINT('Ctrl Pts',(-33.8229461919506,-17.3158061261212,10.3097120537392));
#3686=CARTESIAN_POINT('Ctrl Pts',(-32.3021037795353,-17.3202295229289,10.2171194611467));
#3687=CARTESIAN_POINT('Ctrl Pts',(-31.4903474775414,-18.085393706027,10.1430453870726));
#3688=CARTESIAN_POINT('Ctrl Pts',(-31.312541646808,-18.6101478751528,10.1060083500355));
#3689=CARTESIAN_POINT('Ctrl Pts',(-31.2924047915726,-18.8788555341468,10.087489831517));
#3690=CARTESIAN_POINT('Ctrl Pts',(-34.3015412871332,-19.804004095746,16.0799350491834));
#3691=CARTESIAN_POINT('Ctrl Pts',(-34.4351843813983,-19.5725274663982,16.0614165306649));
#3692=CARTESIAN_POINT('Ctrl Pts',(-34.5826785707683,-19.0431020110724,16.0243794936278));
#3693=CARTESIAN_POINT('Ctrl Pts',(-34.3449409802569,-17.9624090763172,15.9503054195538));
#3694=CARTESIAN_POINT('Ctrl Pts',(-33.1009766277448,-17.1089783116008,15.8577128269612));
#3695=CARTESIAN_POINT('Ctrl Pts',(-31.4217557889976,-17.8150840196469,15.74660171585));
#3696=CARTESIAN_POINT('Ctrl Pts',(-31.1081523707591,-19.6052705353422,15.6354906047389));
#3697=CARTESIAN_POINT('Ctrl Pts',(-32.4396688549702,-20.8416932606374,15.5243794936278));
#3698=CARTESIAN_POINT('Ctrl Pts',(-34.2017792317748,-20.3931358137785,15.4132683825167));
#3699=CARTESIAN_POINT('Ctrl Pts',(-34.7804667457069,-18.6699886170933,15.3021572714056));
#3700=CARTESIAN_POINT('Ctrl Pts',(-33.6472137507115,-17.2487709920537,15.1910461602945));
#3701=CARTESIAN_POINT('Ctrl Pts',(-31.8383760989087,-17.4297660268499,15.0799350491834));
#3702=CARTESIAN_POINT('Ctrl Pts',(-31.0091066946837,-19.0473797791803,14.9688239380723));
#3703=CARTESIAN_POINT('Ctrl Pts',(-31.91799293468,-20.6216454565151,14.8577128269612));
#3704=CARTESIAN_POINT('Ctrl Pts',(-33.7335469301097,-20.712255568731,14.74660171585));
#3705=CARTESIAN_POINT('Ctrl Pts',(-34.7946751845991,-19.2363102765128,14.6354906047389));
#3706=CARTESIAN_POINT('Ctrl Pts',(-34.130558378058,-17.5441629416044,14.5243794936278));
#3707=CARTESIAN_POINT('Ctrl Pts',(-32.3487944850663,-17.1839718123053,14.4132683825167));
#3708=CARTESIAN_POINT('Ctrl Pts',(-31.0795363471389,-18.4852784405349,14.3021572714056));
#3709=CARTESIAN_POINT('Ctrl Pts',(-31.4840358404208,-20.2575076702815,14.1910461602945));
#3710=CARTESIAN_POINT('Ctrl Pts',(-33.1922142989769,-20.8792337357394,14.0799350491834));
#3711=CARTESIAN_POINT('Ctrl Pts',(-34.6412460137224,-19.7816348143883,13.9688239380723));
#3712=CARTESIAN_POINT('Ctrl Pts',(-34.50540127892,-17.9689123606888,13.8577128269612));
#3713=CARTESIAN_POINT('Ctrl Pts',(-32.9089653382172,-17.0995396928001,13.74660171585));
#3714=CARTESIAN_POINT('Ctrl Pts',(-31.3125294226405,-17.9689123606959,13.6354906047389));
#3715=CARTESIAN_POINT('Ctrl Pts',(-31.1766846502988,-19.7816348143707,13.5243794936278));
#3716=CARTESIAN_POINT('Ctrl Pts',(-32.6257164335424,-20.8792337357764,13.4132683825167));
#3717=CARTESIAN_POINT('Ctrl Pts',(-34.3338947588014,-20.257507670207,13.3021572714056));
#3718=CARTESIAN_POINT('Ctrl Pts',(-34.7383945160325,-18.4852784406838,13.1910461602945));
#3719=CARTESIAN_POINT('Ctrl Pts',(-33.4691358531042,-17.1839718120083,13.0799350491834));
#3720=CARTESIAN_POINT('Ctrl Pts',(-31.6873730055324,-17.544162942196,12.9688239380722));
#3721=CARTESIAN_POINT('Ctrl Pts',(-31.0232541166811,-19.2363102753343,12.8577128269612));
#3722=CARTESIAN_POINT('Ctrl Pts',(-32.0843865191001,-20.7122555710786,12.74660171585));
#3723=CARTESIAN_POINT('Ctrl Pts',(-33.8999322517691,-20.6216454518386,12.6354906047389));
#3724=CARTESIAN_POINT('Ctrl Pts',(-34.8088349514294,-19.047379788496,12.5243794936278));
#3725=CARTESIAN_POINT('Ctrl Pts',(-33.9795327590274,-17.4297660082926,12.4132683825167));
#3726=CARTESIAN_POINT('Ctrl Pts',(-32.170760422353,-17.2487710290211,12.3021572714056));
#3727=CARTESIAN_POINT('Ctrl Pts',(-31.0373773173014,-18.6699885434444,12.1910461602945));
#3728=CARTESIAN_POINT('Ctrl Pts',(-31.6163240171316,-20.3931359605985,12.0799350491834));
#3729=CARTESIAN_POINT('Ctrl Pts',(-33.3779180563355,-20.8416929667712,11.9688239380723));
#3730=CARTESIAN_POINT('Ctrl Pts',(-34.7104634944791,-19.6052711382206,11.8577128269611));
#3731=CARTESIAN_POINT('Ctrl Pts',(-34.3948053316801,-17.8150825767479,11.7466017158501));
#3732=CARTESIAN_POINT('Ctrl Pts',(-32.7197400287435,-17.1089831142837,11.6354906047389));
#3733=CARTESIAN_POINT('Ctrl Pts',(-31.2178004375515,-18.1329905362188,11.5243794936278));
#3734=CARTESIAN_POINT('Ctrl Pts',(-31.2631161582218,-19.9502285953506,11.4132683825167));
#3735=CARTESIAN_POINT('Ctrl Pts',(-32.8142397597848,-20.8981009894157,11.3021572714056));
#3736=CARTESIAN_POINT('Ctrl Pts',(-34.4520122454758,-20.1093754952149,11.1910461602945));
#3737=CARTESIAN_POINT('Ctrl Pts',(-34.6780719822385,-18.3056962022342,11.0799350491834));
#3738=CARTESIAN_POINT('Ctrl Pts',(-33.2854983113869,-17.1371965554858,10.9688239380723));
#3739=CARTESIAN_POINT('Ctrl Pts',(-31.5485603507536,-17.6730775210932,10.8577128269612));
#3740=CARTESIAN_POINT('Ctrl Pts',(-31.056011034088,-19.4227948327974,10.74660171585));
#3741=CARTESIAN_POINT('Ctrl Pts',(-32.2592535450191,-20.7860425076764,10.6354906047389));
#3742=CARTESIAN_POINT('Ctrl Pts',(-34.0559058143197,-20.5145320537905,10.5243794936278));
#3743=CARTESIAN_POINT('Ctrl Pts',(-34.8052424823792,-18.8587514454943,10.4132683825167));
#3744=CARTESIAN_POINT('Ctrl Pts',(-33.8155686232224,-17.3294007503561,10.3021572714056));
#3745=CARTESIAN_POINT('Ctrl Pts',(-32.3070023733766,-17.3337882680727,10.209564678813));
#3746=CARTESIAN_POINT('Ctrl Pts',(-31.5017983512284,-18.0927763206061,10.1354906047389));
#3747=CARTESIAN_POINT('Ctrl Pts',(-31.3254277912378,-18.6132945952261,10.0984535677019));
#3748=CARTESIAN_POINT('Ctrl Pts',(-31.3054534693546,-18.8798333973625,10.0799350491834));
#3749=CARTESIAN_POINT('Ctrl Pts',(-34.2785642114383,-19.7907382749084,16.0553469088292));
#3750=CARTESIAN_POINT('Ctrl Pts',(-34.4100037119408,-19.5630783819165,16.0368283903106));
#3751=CARTESIAN_POINT('Ctrl Pts',(-34.5550631852488,-19.0423918507236,15.9997913532736));
#3752=CARTESIAN_POINT('Ctrl Pts',(-34.3212483151167,-17.979524663071,15.9257172791995));
#3753=CARTESIAN_POINT('Ctrl Pts',(-33.0978088119755,-17.1401803620093,15.8331246866069));
#3754=CARTESIAN_POINT('Ctrl Pts',(-31.4462932676567,-17.8346330746886,15.7220135754958));
#3755=CARTESIAN_POINT('Ctrl Pts',(-31.1378641526926,-19.5952846123872,15.6109024643847));
#3756=CARTESIAN_POINT('Ctrl Pts',(-32.4474117864028,-20.8113067992308,15.4997913532736));
#3757=CARTESIAN_POINT('Ctrl Pts',(-34.1804490192419,-20.3701504913529,15.3886802421625));
#3758=CARTESIAN_POINT('Ctrl Pts',(-34.7495887110455,-18.6754334370684,15.2775691310514));
#3759=CARTESIAN_POINT('Ctrl Pts',(-33.6350333430158,-17.2776646687109,15.1664580199403));
#3760=CARTESIAN_POINT('Ctrl Pts',(-31.856039822138,-17.455673408694,15.0553469088292));
#3761=CARTESIAN_POINT('Ctrl Pts',(-31.040452592382,-19.0465980646068,14.9442357977181));
#3762=CARTESIAN_POINT('Ctrl Pts',(-31.9343430554287,-20.5948898141014,14.8331246866069));
#3763=CARTESIAN_POINT('Ctrl Pts',(-33.7199421026689,-20.6840049496662,14.7220135754958));
#3764=CARTESIAN_POINT('Ctrl Pts',(-34.7635627296977,-19.2324113762376,14.6109024643847));
#3765=CARTESIAN_POINT('Ctrl Pts',(-34.1104032316189,-17.5681828966473,14.4997913532736));
#3766=CARTESIAN_POINT('Ctrl Pts',(-32.3580367821079,-17.2139345845403,14.3886802421625));
#3767=CARTESIAN_POINT('Ctrl Pts',(-31.1097202204868,-18.4937708666447,14.2775691310514));
#3768=CARTESIAN_POINT('Ctrl Pts',(-31.5075458491232,-20.2367599657136,14.1664580199403));
#3769=CARTESIAN_POINT('Ctrl Pts',(-33.1875409552203,-20.8482281306597,14.0553469088292));
#3770=CARTESIAN_POINT('Ctrl Pts',(-34.6126649972298,-19.7687385684538,13.9442357977181));
#3771=CARTESIAN_POINT('Ctrl Pts',(-34.4790615739406,-17.9859243457257,13.8331246866069));
#3772=CARTESIAN_POINT('Ctrl Pts',(-32.908965338309,-17.1308955165517,13.7220135754958));
#3773=CARTESIAN_POINT('Ctrl Pts',(-31.3388691273909,-17.9859243457269,13.6109024643847));
#3774=CARTESIAN_POINT('Ctrl Pts',(-31.2052656671791,-19.7687385684509,13.4997913532736));
#3775=CARTESIAN_POINT('Ctrl Pts',(-32.6303897765612,-20.8482281306659,13.3886802421625));
#3776=CARTESIAN_POINT('Ctrl Pts',(-34.3103847515515,-20.2367599657013,13.2775691310514));
#3777=CARTESIAN_POINT('Ctrl Pts',(-34.7082106397999,-18.4937708666693,13.1664580199403));
#3778=CARTESIAN_POINT('Ctrl Pts',(-33.4598935618047,-17.2139345844912,13.0553469088292));
#3779=CARTESIAN_POINT('Ctrl Pts',(-31.7075281405356,-17.5681828967451,12.944235797718));
#3780=CARTESIAN_POINT('Ctrl Pts',(-31.0543665943623,-19.2324113760428,12.8331246866069));
#3781=CARTESIAN_POINT('Ctrl Pts',(-32.0979913011634,-20.6840049500544,12.7220135754958));
#3782=CARTESIAN_POINT('Ctrl Pts',(-33.8835822214134,-20.594889813328,12.6109024643847));
#3783=CARTESIAN_POINT('Ctrl Pts',(-34.7774888736653,-19.0465980661474,12.4997913532736));
#3784=CARTESIAN_POINT('Ctrl Pts',(-33.9618693944951,-17.455673405625,12.3886802421625));
#3785=CARTESIAN_POINT('Ctrl Pts',(-32.1829401155123,-17.2776646748251,12.2775691310514));
#3786=CARTESIAN_POINT('Ctrl Pts',(-31.0682567753456,-18.6754334248804,12.1664580199403));
#3787=CARTESIAN_POINT('Ctrl Pts',(-31.6376513942029,-20.3701505157369,12.0553469088292));
#3788=CARTESIAN_POINT('Ctrl Pts',(-33.370180773703,-20.8113067493119,11.944235797718));
#3789=CARTESIAN_POINT('Ctrl Pts',(-34.6807404539907,-19.5952847286736,11.8331246866069));
#3790=CARTESIAN_POINT('Ctrl Pts',(-34.3702903569055,-17.8346326096484,11.7220135754958));
#3791=CARTESIAN_POINT('Ctrl Pts',(-32.722862069764,-17.1401831307599,11.6109024643847));
#3792=CARTESIAN_POINT('Ctrl Pts',(-31.2457030828846,-18.1472953835359,11.4997913532736));
#3793=CARTESIAN_POINT('Ctrl Pts',(-31.2902711345432,-19.9345507106647,11.3886802421625));
#3794=CARTESIAN_POINT('Ctrl Pts',(-32.8158026460955,-20.8667840892523,11.2775691310514));
#3795=CARTESIAN_POINT('Ctrl Pts',(-34.4265534048806,-20.0910718394123,11.1664580199403));
#3796=CARTESIAN_POINT('Ctrl Pts',(-34.6488833813629,-18.3171515560597,11.0553469088292));
#3797=CARTESIAN_POINT('Ctrl Pts',(-33.2792858488998,-17.1679310994428,10.944235797718));
#3798=CARTESIAN_POINT('Ctrl Pts',(-31.5710058039611,-17.6949704587542,10.8331246866069));
#3799=CARTESIAN_POINT('Ctrl Pts',(-31.0865829759104,-19.4158192047317,10.7220135754958));
#3800=CARTESIAN_POINT('Ctrl Pts',(-32.2699733380465,-20.7565742864638,10.6109024643847));
#3801=CARTESIAN_POINT('Ctrl Pts',(-34.0369820587311,-20.4895440543238,10.4997913532736));
#3802=CARTESIAN_POINT('Ctrl Pts',(-34.7739562912659,-18.861081178868,10.3886802421625));
#3803=CARTESIAN_POINT('Ctrl Pts',(-33.8006092545931,-17.3569655884049,10.2775691310514));
#3804=CARTESIAN_POINT('Ctrl Pts',(-32.3169366186585,-17.3612763829964,10.1849765384588));
#3805=CARTESIAN_POINT('Ctrl Pts',(-31.5250153010813,-18.1077458591642,10.1109024643847));
#3806=CARTESIAN_POINT('Ctrl Pts',(-31.3515558955256,-18.6196721714264,10.0738654273477));
#3807=CARTESIAN_POINT('Ctrl Pts',(-31.3319109231786,-18.8818161094279,10.0553469088292));
#3808=CARTESIAN_POINT('Ctrl Pts',(-34.2691391777425,-19.785296729167,16.0201673519578));
#3809=CARTESIAN_POINT('Ctrl Pts',(-34.3996671381181,-19.5592156699882,16.0016488334393));
#3810=CARTESIAN_POINT('Ctrl Pts',(-34.5437336392883,-19.0420953220145,15.9646117964023));
#3811=CARTESIAN_POINT('Ctrl Pts',(-34.3115272040976,-17.9865678465917,15.8905377223282));
#3812=CARTESIAN_POINT('Ctrl Pts',(-33.0965077840437,-17.1529752214143,15.7979451297356));
#3813=CARTESIAN_POINT('Ctrl Pts',(-31.456363660731,-17.8426607322871,15.6868340186245));
#3814=CARTESIAN_POINT('Ctrl Pts',(-31.1500573027655,-19.5911840311888,15.5757229075133));
#3815=CARTESIAN_POINT('Ctrl Pts',(-32.4505895208803,-20.798837766266,15.4646117964023));
#3816=CARTESIAN_POINT('Ctrl Pts',(-34.1716952733326,-20.3607169454597,15.3535006852911));
#3817=CARTESIAN_POINT('Ctrl Pts',(-34.7369167341732,-18.6776682434598,15.24238957418));
#3818=CARTESIAN_POINT('Ctrl Pts',(-33.6300346219213,-17.2895221605081,15.1312784630689));
#3819=CARTESIAN_POINT('Ctrl Pts',(-31.8632888282861,-17.4663055930016,15.0201673519578));
#3820=CARTESIAN_POINT('Ctrl Pts',(-31.053316601582,-19.0462772180497,14.9090562408467));
#3821=CARTESIAN_POINT('Ctrl Pts',(-31.9410529677982,-20.5839096113618,14.7979451297356));
#3822=CARTESIAN_POINT('Ctrl Pts',(-33.7143588295573,-20.6724111951332,14.6868340186245));
#3823=CARTESIAN_POINT('Ctrl Pts',(-34.7507945195165,-19.2308113152676,14.5757229075134));
#3824=CARTESIAN_POINT('Ctrl Pts',(-34.1021317800691,-17.5780404205611,14.4646117964023));
#3825=CARTESIAN_POINT('Ctrl Pts',(-32.3618297196899,-17.2262309792923,14.3535006852911));
#3826=CARTESIAN_POINT('Ctrl Pts',(-31.1221073513941,-18.4972560646573,14.24238957418));
#3827=CARTESIAN_POINT('Ctrl Pts',(-31.5171940991819,-20.2282453353595,14.1312784630689));
#3828=CARTESIAN_POINT('Ctrl Pts',(-33.1856230661218,-20.835503769831,14.0201673519578));
#3829=CARTESIAN_POINT('Ctrl Pts',(-34.6009356611636,-19.7634460904759,13.9090562408467));
#3830=CARTESIAN_POINT('Ctrl Pts',(-34.468252047555,-17.9929058779847,13.7979451297356));
#3831=CARTESIAN_POINT('Ctrl Pts',(-32.9089653383487,-17.1437636031479,13.6868340186245));
#3832=CARTESIAN_POINT('Ctrl Pts',(-31.3496786536775,-17.9929058780134,13.5757229075134));
#3833=CARTESIAN_POINT('Ctrl Pts',(-31.2169950034127,-19.7634460904042,13.4646117964022));
#3834=CARTESIAN_POINT('Ctrl Pts',(-32.6323076653412,-20.835503769981,13.3535006852911));
#3835=CARTESIAN_POINT('Ctrl Pts',(-34.3007365021197,-20.228245335057,13.24238957418));
#3836=CARTESIAN_POINT('Ctrl Pts',(-34.6958235076475,-18.4972560652616,13.1312784630689));
#3837=CARTESIAN_POINT('Ctrl Pts',(-33.4561006267011,-17.2262309780875,13.0201673519578));
#3838=CARTESIAN_POINT('Ctrl Pts',(-31.7157995871492,-17.5780404229616,12.9090562408467));
#3839=CARTESIAN_POINT('Ctrl Pts',(-31.067134814376,-19.2308113104856,12.7979451297356));
#3840=CARTESIAN_POINT('Ctrl Pts',(-32.1035745546884,-20.6724112046593,12.6868340186245));
#3841=CARTESIAN_POINT('Ctrl Pts',(-33.8768723480609,-20.5839095923855,12.5757229075133));
#3842=CARTESIAN_POINT('Ctrl Pts',(-34.7646247867422,-19.0462772558513,12.4646117964023));
#3843=CARTESIAN_POINT('Ctrl Pts',(-33.9546205431738,-17.4663055176997,12.3535006852911));
#3844=CARTESIAN_POINT('Ctrl Pts',(-32.1879385281866,-17.2895223105128,12.24238957418));
#3845=CARTESIAN_POINT('Ctrl Pts',(-31.0809293666023,-18.6776679446366,12.1312784630689));
#3846=CARTESIAN_POINT('Ctrl Pts',(-31.6464039162217,-20.3607175408401,12.0201673519578));
#3847=CARTESIAN_POINT('Ctrl Pts',(-33.3670054774656,-20.798836578781,11.9090562408467));
#3848=CARTESIAN_POINT('Ctrl Pts',(-34.6685424441858,-19.5911864151058,11.7979451297356));
#3849=CARTESIAN_POINT('Ctrl Pts',(-34.360229679001,-17.8426557299579,11.6868340186245));
#3850=CARTESIAN_POINT('Ctrl Pts',(-32.7241433228108,-17.1529872738035,11.5757229075133));
#3851=CARTESIAN_POINT('Ctrl Pts',(-31.2571540196534,-18.1531659400217,11.4646117964023));
#3852=CARTESIAN_POINT('Ctrl Pts',(-31.3014152457522,-19.928116670863,11.3535006852911));
#3853=CARTESIAN_POINT('Ctrl Pts',(-32.8164440247683,-20.8539319917734,11.24238957418));
#3854=CARTESIAN_POINT('Ctrl Pts',(-34.4161054009876,-20.0835601891368,11.1312784630689));
#3855=CARTESIAN_POINT('Ctrl Pts',(-34.6369046487265,-18.3218527684261,11.0201673519578));
#3856=CARTESIAN_POINT('Ctrl Pts',(-33.2767364231224,-17.180544098789,10.9090562408467));
#3857=CARTESIAN_POINT('Ctrl Pts',(-31.580216971334,-17.7039553211953,10.7979451297356));
#3858=CARTESIAN_POINT('Ctrl Pts',(-31.0991297658215,-19.4129560039893,10.6868340186245));
#3859=CARTESIAN_POINT('Ctrl Pts',(-32.2743718269804,-20.7444818063798,10.5757229075133));
#3860=CARTESIAN_POINT('Ctrl Pts',(-34.0292175449985,-20.4792873491334,10.4646117964022));
#3861=CARTESIAN_POINT('Ctrl Pts',(-34.7611136014908,-18.8620410864315,10.3535006852911));
#3862=CARTESIAN_POINT('Ctrl Pts',(-33.7944766133738,-17.3682700924872,10.24238957418));
#3863=CARTESIAN_POINT('Ctrl Pts',(-32.3210010109621,-17.3725718311395,10.1497969815874));
#3864=CARTESIAN_POINT('Ctrl Pts',(-31.5345432518188,-18.1138830161353,10.0757229075133));
#3865=CARTESIAN_POINT('Ctrl Pts',(-31.3622723167193,-18.6223034484232,10.0386858704763));
#3866=CARTESIAN_POINT('Ctrl Pts',(-31.3427635833303,-18.8826294038729,10.0201673519578));
#3867=CARTESIAN_POINT('Ctrl Pts',(-34.2691391777425,-19.785296729167,16.0000212657348));
#3868=CARTESIAN_POINT('Ctrl Pts',(-34.3996726399244,-19.5592061405801,15.9815027472163));
#3869=CARTESIAN_POINT('Ctrl Pts',(-34.5437350147656,-19.0420990846218,15.9444657101792));
#3870=CARTESIAN_POINT('Ctrl Pts',(-34.3115290383283,-17.9865516533959,15.8703916361052));
#3871=CARTESIAN_POINT('Ctrl Pts',(-33.0965089449031,-17.1529781018215,15.7777990435126));
#3872=CARTESIAN_POINT('Ctrl Pts',(-31.4563598497616,-17.8426544153742,15.6666879324014));
#3873=CARTESIAN_POINT('Ctrl Pts',(-31.1500532797993,-19.5911872180769,15.5555768212903));
#3874=CARTESIAN_POINT('Ctrl Pts',(-32.4505883409359,-20.7988411658353,15.4444657101792));
#3875=CARTESIAN_POINT('Ctrl Pts',(-34.1716983288105,-20.3607206385761,15.3333545990681));
#3876=CARTESIAN_POINT('Ctrl Pts',(-34.7369210726298,-18.6776672500231,15.222243487957));
#3877=CARTESIAN_POINT('Ctrl Pts',(-33.6300363528589,-17.2895181931867,15.1111323768459));
#3878=CARTESIAN_POINT('Ctrl Pts',(-31.8632863285057,-17.4663018780418,15.0000212657348));
#3879=CARTESIAN_POINT('Ctrl Pts',(-31.053312178006,-19.0462773568454,14.8889101546237));
#3880=CARTESIAN_POINT('Ctrl Pts',(-31.9410506576223,-20.5839133752481,14.7777990435125));
#3881=CARTESIAN_POINT('Ctrl Pts',(-33.7143607513822,-20.6724151915456,14.6666879324015));
#3882=CARTESIAN_POINT('Ctrl Pts',(-34.7507989125385,-19.2308118622349,14.5555768212903));
#3883=CARTESIAN_POINT('Ctrl Pts',(-34.1021346263404,-17.5780370305219,14.4444657101792));
#3884=CARTESIAN_POINT('Ctrl Pts',(-32.3618284145027,-17.2262267473616,14.3333545990681));
#3885=CARTESIAN_POINT('Ctrl Pts',(-31.1221030891917,-18.4972548659015,14.222243487957));
#3886=CARTESIAN_POINT('Ctrl Pts',(-31.5171907793255,-20.2282482649021,14.1111323768459));
#3887=CARTESIAN_POINT('Ctrl Pts',(-33.185623726053,-20.8355081482284,14.0000212657348));
#3888=CARTESIAN_POINT('Ctrl Pts',(-34.6009396970662,-19.7634479114895,13.8889101546236));
#3889=CARTESIAN_POINT('Ctrl Pts',(-34.4682557669717,-17.9929034757614,13.7777990435126));
#3890=CARTESIAN_POINT('Ctrl Pts',(-32.9089653383473,-17.1437591753964,13.6666879324014));
#3891=CARTESIAN_POINT('Ctrl Pts',(-31.3496749342644,-17.9929034757686,13.5555768212903));
#3892=CARTESIAN_POINT('Ctrl Pts',(-31.2169909675042,-19.7634479114717,13.4444657101792));
#3893=CARTESIAN_POINT('Ctrl Pts',(-32.6323070054214,-20.8355081482657,13.3333545990681));
#3894=CARTESIAN_POINT('Ctrl Pts',(-34.3007398219537,-20.2282482648269,13.222243487957));
#3895=CARTESIAN_POINT('Ctrl Pts',(-34.6958277698945,-18.4972548660518,13.1111323768459));
#3896=CARTESIAN_POINT('Ctrl Pts',(-33.4561019317996,-17.2262267470621,13.0000212657348));
#3897=CARTESIAN_POINT('Ctrl Pts',(-31.7157967410544,-17.5780370311187,12.8889101546237));
#3898=CARTESIAN_POINT('Ctrl Pts',(-31.0671304210023,-19.230811861046,12.7777990435125));
#3899=CARTESIAN_POINT('Ctrl Pts',(-32.1035726335641,-20.6724151939139,12.6666879324015));
#3900=CARTESIAN_POINT('Ctrl Pts',(-33.8768746568412,-20.5839133705303,12.5555768212903));
#3901=CARTESIAN_POINT('Ctrl Pts',(-34.7646292130983,-19.0462773662434,12.4444657101792));
#3902=CARTESIAN_POINT('Ctrl Pts',(-33.9546230374162,-17.4663018593205,12.3333545990681));
#3903=CARTESIAN_POINT('Ctrl Pts',(-32.1879368082809,-17.2895182304808,12.222243487957));
#3904=CARTESIAN_POINT('Ctrl Pts',(-31.0809250061696,-18.6776671757238,12.1111323768459));
#3905=CARTESIAN_POINT('Ctrl Pts',(-31.646400904522,-20.3607207866894,12.0000212657348));
#3906=CARTESIAN_POINT('Ctrl Pts',(-33.3670065701895,-20.7988408694244,11.8889101546237));
#3907=CARTESIAN_POINT('Ctrl Pts',(-34.6685466410658,-19.5911878256315,11.7777990435126));
#3908=CARTESIAN_POINT('Ctrl Pts',(-34.3602331413287,-17.8426529686107,11.6666879324014));
#3909=CARTESIAN_POINT('Ctrl Pts',(-32.7241428807882,-17.15298286946,11.5555768212903));
#3910=CARTESIAN_POINT('Ctrl Pts',(-31.2571500818507,-18.15316391727,11.4444657101792));
#3911=CARTESIAN_POINT('Ctrl Pts',(-31.3014114066067,-19.9281188902514,11.3333545990681));
#3912=CARTESIAN_POINT('Ctrl Pts',(-32.8164438132526,-20.8539364030106,11.222243487957));
#3913=CARTESIAN_POINT('Ctrl Pts',(-34.4161089777312,-20.0835627957042,11.1111323768459));
#3914=CARTESIAN_POINT('Ctrl Pts',(-34.6369088068535,-18.3218511071586,11.0000212657348));
#3915=CARTESIAN_POINT('Ctrl Pts',(-33.2767372278263,-17.1805398457624,10.8889101546237));
#3916=CARTESIAN_POINT('Ctrl Pts',(-31.5802139463557,-17.7039520564397,10.7777990435126));
#3917=CARTESIAN_POINT('Ctrl Pts',(-31.0991251608607,-19.4129573341733,10.6666879324015));
#3918=CARTESIAN_POINT('Ctrl Pts',(-32.2743708868507,-20.7444852799221,10.5555768212903));
#3919=CARTESIAN_POINT('Ctrl Pts',(-34.0292190736912,-20.4792922484815,10.4444657101792));
#3920=CARTESIAN_POINT('Ctrl Pts',(-34.7611203087052,-18.8620380139487,10.3333545990681));
#3921=CARTESIAN_POINT('Ctrl Pts',(-33.7944740316356,-17.368271818456,10.222243487957));
#3922=CARTESIAN_POINT('Ctrl Pts',(-32.3210086174015,-17.3725574184343,10.1296508953644));
#3923=CARTESIAN_POINT('Ctrl Pts',(-31.534539995794,-18.1138853501134,10.0555768212903));
#3924=CARTESIAN_POINT('Ctrl Pts',(-31.3622731390203,-18.6222924755789,10.0185397842533));
#3925=CARTESIAN_POINT('Ctrl Pts',(-31.3427635833303,-18.8826294038729,10.0000212657348));
#3926=CARTESIAN_POINT('',(-34.3708800095071,-18.4259187151862,10.9999999999999));
#3927=CARTESIAN_POINT('Ctrl Pts',(-33.5573633008605,-17.5142260973013,10.9999999999999));
#3928=CARTESIAN_POINT('Ctrl Pts',(-33.6788856962068,-17.5854227108169,10.9999999999999));
#3929=CARTESIAN_POINT('Ctrl Pts',(-33.8585528402362,-17.6990732880558,10.9999999999999));
#3930=CARTESIAN_POINT('Ctrl Pts',(-34.1775007247174,-18.0441130799767,10.9999999999999));
#3931=CARTESIAN_POINT('Ctrl Pts',(-34.2924204380082,-18.2261191375431,10.9999999999999));
#3932=CARTESIAN_POINT('Ctrl Pts',(-34.3708800095071,-18.4259187151862,10.9999999999999));
#3933=CARTESIAN_POINT('',(-34.3710789401337,-18.4264255560095,11.0000385736605));
#3934=CARTESIAN_POINT('Ctrl Pts',(-34.3735025417583,-18.4254779220774,11.0000386220609));
#3935=CARTESIAN_POINT('Ctrl Pts',(-34.3734728916555,-18.4254023383126,11.0000328366189));
#3936=CARTESIAN_POINT('Ctrl Pts',(-34.3734068986347,-18.4252341516038,11.0000199625985));
#3937=CARTESIAN_POINT('Ctrl Pts',(-34.373340873777,-18.4250659773883,11.0000070885782));
#3938=CARTESIAN_POINT('Ctrl Pts',(-34.373304510108,-18.4249733825899,10.9999999999999));
#3939=CARTESIAN_POINT('',(-31.5487915098739,-18.2147032708337,11.4500212657348));
#3940=CARTESIAN_POINT('Ctrl Pts',(-31.546455162045,-18.213902035794,11.4500212657348));
#3941=CARTESIAN_POINT('Ctrl Pts',(-31.5333676495875,-18.2363634602542,11.4481694138829));
#3942=CARTESIAN_POINT('Ctrl Pts',(-31.2711661680234,-18.7152329920474,11.409280524994));
#3943=CARTESIAN_POINT('Ctrl Pts',(-31.3014114066067,-19.9281188902514,11.3333545990681));
#3944=CARTESIAN_POINT('Ctrl Pts',(-32.8164438132526,-20.8539364030106,11.222243487957));
#3945=CARTESIAN_POINT('Ctrl Pts',(-34.4160256848002,-20.0836029082709,11.1111381622879));
#3946=CARTESIAN_POINT('Ctrl Pts',(-34.5632858645621,-18.9092717936982,11.0370698736559));
#3947=CARTESIAN_POINT('Ctrl Pts',(-34.3735025417583,-18.4254779220774,11.0000386220609));
#3948=CARTESIAN_POINT('',(-31.5487915098739,-18.2147032708337,12.1500212657348));
#3949=CARTESIAN_POINT('Ctrl Pts',(-31.5496442162083,-18.216495824545,12.1500212657348));
#3950=CARTESIAN_POINT('Ctrl Pts',(-31.4569987689032,-18.3745319587117,12.1370583027718));
#3951=CARTESIAN_POINT('Ctrl Pts',(-31.2034447841459,-19.042328791433,12.0870583027718));
#3952=CARTESIAN_POINT('Ctrl Pts',(-31.646400904522,-20.3607207866894,12.0000212657348));
#3953=CARTESIAN_POINT('Ctrl Pts',(-33.3670065701895,-20.7988408694244,11.8889101546237));
#3954=CARTESIAN_POINT('Ctrl Pts',(-34.6685466410658,-19.5911878256315,11.7777990435126));
#3955=CARTESIAN_POINT('Ctrl Pts',(-34.3602331413287,-17.8426529686107,11.6666879324014));
#3956=CARTESIAN_POINT('Ctrl Pts',(-32.7514110517972,-17.1644773711125,11.5574286731422));
#3957=CARTESIAN_POINT('Ctrl Pts',(-31.7951178987368,-17.7871349710509,11.48520645092));
#3958=CARTESIAN_POINT('Ctrl Pts',(-31.546455162045,-18.213902035794,11.4500212657348));
#3959=CARTESIAN_POINT('',(-31.5487915098739,-18.2147032708337,12.8500212657348));
#3960=CARTESIAN_POINT('Ctrl Pts',(-31.5507702545695,-18.2145454566722,12.8500212657348));
#3961=CARTESIAN_POINT('Ctrl Pts',(-31.3826234588991,-18.5102980166792,12.8259471916607));
#3962=CARTESIAN_POINT('Ctrl Pts',(-31.1880486791346,-19.3989989165473,12.7648360805496));
#3963=CARTESIAN_POINT('Ctrl Pts',(-32.1035726335641,-20.6724151939139,12.6666879324015));
#3964=CARTESIAN_POINT('Ctrl Pts',(-33.8768746568412,-20.5839133705303,12.5555768212903));
#3965=CARTESIAN_POINT('Ctrl Pts',(-34.7646292130983,-19.0462773662434,12.4444657101792));
#3966=CARTESIAN_POINT('Ctrl Pts',(-33.9546230374162,-17.4663018593205,12.3333545990681));
#3967=CARTESIAN_POINT('Ctrl Pts',(-32.39405020168,-17.3101429871787,12.23520645092));
#3968=CARTESIAN_POINT('Ctrl Pts',(-31.7217000469178,-17.9230001468069,12.1740953398089));
#3969=CARTESIAN_POINT('Ctrl Pts',(-31.5496442162083,-18.216495824545,12.1500212657348));
#3970=CARTESIAN_POINT('',(-31.5487915098739,-18.2147032708337,13.5500212657348));
#3971=CARTESIAN_POINT('Ctrl Pts',(-31.5469291016264,-18.2130803859711,13.5500212657348));
#3972=CARTESIAN_POINT('Ctrl Pts',(-31.3016691464543,-18.6418120671101,13.5148360805496));
#3973=CARTESIAN_POINT('Ctrl Pts',(-31.2405795681361,-19.7813155820849,13.4426138583274));
#3974=CARTESIAN_POINT('Ctrl Pts',(-32.6323070054214,-20.8355081482657,13.3333545990681));
#3975=CARTESIAN_POINT('Ctrl Pts',(-34.3007398219537,-20.2282482648269,13.222243487957));
#3976=CARTESIAN_POINT('Ctrl Pts',(-34.6958277698945,-18.4972548660518,13.1111323768459));
#3977=CARTESIAN_POINT('Ctrl Pts',(-33.4561019317996,-17.2262267470621,13.0000212657348));
#3978=CARTESIAN_POINT('Ctrl Pts',(-32.0928628657159,-17.5018114695731,12.9129842286977));
#3979=CARTESIAN_POINT('Ctrl Pts',(-31.6413108368536,-18.0552940782068,12.8629842286977));
#3980=CARTESIAN_POINT('Ctrl Pts',(-31.5507702545695,-18.2145454566722,12.8500212657348));
#3981=CARTESIAN_POINT('',(-31.5487915098739,-18.2147032708337,14.2500212657348));
#3982=CARTESIAN_POINT('Ctrl Pts',(-31.5482858067266,-18.21606528672,14.2500212657348));
#3983=CARTESIAN_POINT('Ctrl Pts',(-31.4819876969415,-18.3285385911881,14.2407620064755));
#3984=CARTESIAN_POINT('Ctrl Pts',(-31.2208750117251,-18.9300032156517,14.1944657101792));
#3985=CARTESIAN_POINT('Ctrl Pts',(-31.5171907793255,-20.2282482649021,14.1111323768459));
#3986=CARTESIAN_POINT('Ctrl Pts',(-33.185623726053,-20.8355081482284,14.0000212657348));
#3987=CARTESIAN_POINT('Ctrl Pts',(-34.6009396970662,-19.7634479114895,13.8889101546236));
#3988=CARTESIAN_POINT('Ctrl Pts',(-34.4682557669717,-17.9929034757614,13.7777990435126));
#3989=CARTESIAN_POINT('Ctrl Pts',(-32.9089653383473,-17.1437591753964,13.6666879324014));
#3990=CARTESIAN_POINT('Ctrl Pts',(-31.8434502288906,-17.7240077806507,13.5907620064755));
#3991=CARTESIAN_POINT('Ctrl Pts',(-31.5598375203197,-18.190515560648,13.5518731175866));
#3992=CARTESIAN_POINT('Ctrl Pts',(-31.5469291016264,-18.2130803859711,13.5500212657348));
#3993=CARTESIAN_POINT('',(-31.5487915098739,-18.2147032708337,14.9500212657348));
#3994=CARTESIAN_POINT('Ctrl Pts',(-31.5511125690195,-18.2155571520682,14.9500212657348));
#3995=CARTESIAN_POINT('Ctrl Pts',(-31.4076005011223,-18.4655240578289,14.9296508953644));
#3996=CARTESIAN_POINT('Ctrl Pts',(-31.1864729499485,-19.2769227596058,14.872243487957));
#3997=CARTESIAN_POINT('Ctrl Pts',(-31.9410506576223,-20.5839133752481,14.7777990435125));
#3998=CARTESIAN_POINT('Ctrl Pts',(-33.7143607513822,-20.6724151915456,14.6666879324015));
#3999=CARTESIAN_POINT('Ctrl Pts',(-34.7507989125385,-19.2308118622349,14.5555768212903));
#4000=CARTESIAN_POINT('Ctrl Pts',(-34.1021346263404,-17.5780370305219,14.4444657101792));
#4001=CARTESIAN_POINT('Ctrl Pts',(-32.5068539321559,-17.2555442709583,14.3426138583274));
#4002=CARTESIAN_POINT('Ctrl Pts',(-31.7471801360819,-17.8786453733159,14.2777990435125));
#4003=CARTESIAN_POINT('Ctrl Pts',(-31.5482858067266,-18.21606528672,14.2500212657348));
#4004=CARTESIAN_POINT('',(-31.5487915098739,-18.2147032708337,15.6500018575383));
#4005=CARTESIAN_POINT('Ctrl Pts',(-31.547842052814,-18.2130084649902,15.6500212657348));
#4006=CARTESIAN_POINT('Ctrl Pts',(-31.3296526588945,-18.598323667506,15.6185397842533));
#4007=CARTESIAN_POINT('Ctrl Pts',(-31.2150800328561,-19.6515699154649,15.5500212657348));
#4008=CARTESIAN_POINT('Ctrl Pts',(-32.4505883409359,-20.7988411658353,15.4444657101792));
#4009=CARTESIAN_POINT('Ctrl Pts',(-34.1716983288105,-20.3607206385761,15.3333545990681));
#4010=CARTESIAN_POINT('Ctrl Pts',(-34.7369210726298,-18.6776672500231,15.222243487957));
#4011=CARTESIAN_POINT('Ctrl Pts',(-33.6300363528589,-17.2895181931867,15.1111323768459));
#4012=CARTESIAN_POINT('Ctrl Pts',(-32.1871904996371,-17.4338915358183,15.0203916361051));
#4013=CARTESIAN_POINT('Ctrl Pts',(-31.6685315336626,-18.0110387746278,14.9666879324014));
#4014=CARTESIAN_POINT('Ctrl Pts',(-31.5511125690195,-18.2155571520682,14.9500212657348));
#4015=CARTESIAN_POINT('',(-34.269287683381,-19.7850394536704,15.9999614263392));
#4016=CARTESIAN_POINT('Ctrl Pts',(-34.2678092092961,-19.7857042954343,15.9999613779388));
#4017=CARTESIAN_POINT('Ctrl Pts',(-34.4481087881513,-19.4673085954512,15.9740424758139));
#4018=CARTESIAN_POINT('Ctrl Pts',(-34.626162937437,-18.5387645441186,15.9110865366519));
#4019=CARTESIAN_POINT('Ctrl Pts',(-33.6300364011164,-17.2895179448287,15.8110935604529));
#4020=CARTESIAN_POINT('Ctrl Pts',(-32.1871904155533,-17.433891318584,15.7203528197121));
#4021=CARTESIAN_POINT('Ctrl Pts',(-31.6685313700686,-18.0110386376199,15.6666491160084));
#4022=CARTESIAN_POINT('Ctrl Pts',(-31.5511123855543,-18.215557043295,15.6499824493418));
#4023=CARTESIAN_POINT('Ctrl Pts',(-34.4757269198785,-18.5798991799834,15.9999999999999));
#4024=CARTESIAN_POINT('Ctrl Pts',(-34.4797698958765,-18.6086801392892,15.9999999999999));
#4025=CARTESIAN_POINT('Ctrl Pts',(-34.4838686080036,-18.6401803242974,15.9999961501093));
#4026=CARTESIAN_POINT('Ctrl Pts',(-34.4875363907569,-18.6742500503009,15.9999932316286));
#4027=CARTESIAN_POINT('Ctrl Pts',(-34.4910623107305,-18.7070020248565,15.9999904260292));
#4028=CARTESIAN_POINT('Ctrl Pts',(-34.4941890303903,-18.7421294668269,15.9999884114958));
#4029=CARTESIAN_POINT('Ctrl Pts',(-34.4964627762364,-18.779459094599,15.999988288901));
#4030=CARTESIAN_POINT('Ctrl Pts',(-34.4986731218271,-18.8157478373769,15.9999881697245));
#4031=CARTESIAN_POINT('Ctrl Pts',(-34.5000767570123,-18.8541181782668,15.9999897884421));
#4032=CARTESIAN_POINT('Ctrl Pts',(-34.500247544225,-18.8943622957052,15.9999919708629));
#4033=CARTESIAN_POINT('Ctrl Pts',(-34.5004183314377,-18.9346064131435,15.9999941532838));
#4034=CARTESIAN_POINT('Ctrl Pts',(-34.4993557930033,-18.9767247888855,15.9999968622318));
#4035=CARTESIAN_POINT('Ctrl Pts',(-34.4966325940586,-19.0204526053132,15.9999973358483));
#4036=CARTESIAN_POINT('Ctrl Pts',(-34.4962320654687,-19.0268841004076,15.9999974055079));
#4037=CARTESIAN_POINT('Ctrl Pts',(-34.4957956175489,-19.0333503047343,15.999997424579));
#4038=CARTESIAN_POINT('Ctrl Pts',(-34.4953218650194,-19.0398502620715,15.9999974012044));
#4039=CARTESIAN_POINT('Ctrl Pts',(-34.4936183100823,-19.0632232969827,15.9999973171522));
#4040=CARTESIAN_POINT('Ctrl Pts',(-34.4914322037859,-19.0870330984979,15.9999966868119));
#4041=CARTESIAN_POINT('Ctrl Pts',(-34.4887073329805,-19.1112360123399,15.9999958628167));
#4042=CARTESIAN_POINT('Ctrl Pts',(-34.482607406801,-19.16541692524,15.9999940182116));
#4043=CARTESIAN_POINT('Ctrl Pts',(-34.4740815021443,-19.2191317652853,15.9999860463055));
#4044=CARTESIAN_POINT('Ctrl Pts',(-34.4631282427623,-19.2723092075362,15.9999845840868));
#4045=CARTESIAN_POINT('Ctrl Pts',(-34.451646243082,-19.3280536534251,15.9999830512833));
#4046=CARTESIAN_POINT('Ctrl Pts',(-34.4374967592108,-19.3832077356955,15.999988021446));
#4047=CARTESIAN_POINT('Ctrl Pts',(-34.4206402751453,-19.437656220402,15.9999897940698));
#4048=CARTESIAN_POINT('Ctrl Pts',(-34.4195347349199,-19.4412272492014,15.9999899103281));
#4049=CARTESIAN_POINT('Ctrl Pts',(-34.4184175379615,-19.4447952311148,15.9999900065997));
#4050=CARTESIAN_POINT('Ctrl Pts',(-34.4172886678319,-19.4483601286937,15.9999900777248));
#4051=CARTESIAN_POINT('Ctrl Pts',(-34.3984165800361,-19.5079569399907,15.999991266771));
#4052=CARTESIAN_POINT('Ctrl Pts',(-34.376384420121,-19.5663874753313,15.9999919509128));
#4053=CARTESIAN_POINT('Ctrl Pts',(-34.3512117943465,-19.6234473396448,15.9999943364356));
#4054=CARTESIAN_POINT('Ctrl Pts',(-34.3268528923172,-19.6786627016442,15.9999966448446));
#4055=CARTESIAN_POINT('Ctrl Pts',(-34.2995530812238,-19.7325944892694,15.9999999999999));
#4056=CARTESIAN_POINT('Ctrl Pts',(-34.2692890500866,-19.7850370838427,15.9999999999999));
#4057=CARTESIAN_POINT('Ctrl Pts',(34.2691391777434,-19.7852967291665,16.6999824493418));
#4058=CARTESIAN_POINT('Ctrl Pts',(34.1386057155615,-20.0113873177535,16.6814639308232));
#4059=CARTESIAN_POINT('Ctrl Pts',(33.7628085813886,-20.3947045133368,16.6444268937862));
#4060=CARTESIAN_POINT('Ctrl Pts',(32.7325755005422,-20.7213750996041,16.5703528197121));
#4061=CARTESIAN_POINT('Ctrl Pts',(31.403168995368,-20.0859298891468,16.4777602271195));
#4062=CARTESIAN_POINT('Ctrl Pts',(31.1803717995073,-18.3206790523463,16.3666491160084));
#4063=CARTESIAN_POINT('Ctrl Pts',(32.5414922381998,-17.1811436019852,16.2555380048973));
#4064=CARTESIAN_POINT('Ctrl Pts',(34.2376193270385,-17.7036131712875,16.1444268937862));
#4065=CARTESIAN_POINT('Ctrl Pts',(34.7187506581389,-19.413198500689,16.0333157826751));
#4066=CARTESIAN_POINT('Ctrl Pts',(33.5437950154771,-20.7442228049918,15.922204671564));
#4067=CARTESIAN_POINT('Ctrl Pts',(31.7881799432135,-20.4797068957199,15.8110935604528));
#4068=CARTESIAN_POINT('Ctrl Pts',(31.0579040408453,-18.8612644766734,15.6999824493418));
#4069=CARTESIAN_POINT('Ctrl Pts',(32.0212159796869,-17.3698182740287,15.5888713382306));
#4070=CARTESIAN_POINT('Ctrl Pts',(33.7967173634691,-17.3698043672363,15.4777602271195));
#4071=CARTESIAN_POINT('Ctrl Pts',(34.7600173669943,-18.8612852603795,15.3666491160084));
#4072=CARTESIAN_POINT('Ctrl Pts',(34.0297712372824,-20.4796689575403,15.2555380048973));
#4073=CARTESIAN_POINT('Ctrl Pts',(32.274093832356,-20.7442966582298,15.1444268937862));
#4074=CARTESIAN_POINT('Ctrl Pts',(31.099263906902,-19.413052210101,15.0333157826751));
#4075=CARTESIAN_POINT('Ctrl Pts',(31.580143956022,-17.7039042635621,14.922204671564));
#4076=CARTESIAN_POINT('Ctrl Pts',(33.2767723173334,-17.1805634615976,14.8110935604529));
#4077=CARTESIAN_POINT('Ctrl Pts',(34.6368914831787,-18.3218390096448,14.6999824493417));
#4078=CARTESIAN_POINT('Ctrl Pts',(34.4161180358234,-20.083568981825,14.5888713382307));
#4079=CARTESIAN_POINT('Ctrl Pts',(32.8164393672168,-20.8539336627321,14.4777602271195));
#4080=CARTESIAN_POINT('Ctrl Pts',(31.301413386643,-19.9281205489345,14.3666491160084));
#4081=CARTESIAN_POINT('Ctrl Pts',(31.2571487134377,-18.1531630266014,14.2555380048973));
#4082=CARTESIAN_POINT('Ctrl Pts',(32.7241434133165,-17.1529829705706,14.1444268937862));
#4083=CARTESIAN_POINT('Ctrl Pts',(34.3602330808677,-17.8426526004076,14.0333157826751));
#4084=CARTESIAN_POINT('Ctrl Pts',(34.6685470503309,-19.5911880120291,13.922204671564));
#4085=CARTESIAN_POINT('Ctrl Pts',(33.3670065689752,-20.7988410949646,13.8110935604529));
#4086=CARTESIAN_POINT('Ctrl Pts',(31.6464007479396,-20.3607210182243,13.6999824493417));
#4087=CARTESIAN_POINT('Ctrl Pts',(31.0809247097616,-18.6776671143725,13.5888713382306));
#4088=CARTESIAN_POINT('Ctrl Pts',(32.1879367077641,-17.2895179762718,13.4777602271195));
#4089=CARTESIAN_POINT('Ctrl Pts',(33.9546231915309,-17.4663016223949,13.3666491160084));
#4090=CARTESIAN_POINT('Ctrl Pts',(34.7646294991768,-19.0462773754244,13.2555380048973));
#4091=CARTESIAN_POINT('Ctrl Pts',(33.8768748006507,-20.5839136097787,13.1444268937862));
#4092=CARTESIAN_POINT('Ctrl Pts',(32.1035725163737,-20.6724154513333,13.0333157826751));
#4093=CARTESIAN_POINT('Ctrl Pts',(31.0671301305003,-19.2308118913145,12.922204671564));
#4094=CARTESIAN_POINT('Ctrl Pts',(31.7157965789021,-17.5780368240104,12.8110935604529));
#4095=CARTESIAN_POINT('Ctrl Pts',(33.4561019763857,-17.2262264582959,12.6999824493417));
#4096=CARTESIAN_POINT('Ctrl Pts',(34.6958281190807,-18.4972548265824,12.5888713382307));
#4097=CARTESIAN_POINT('Ctrl Pts',(34.300739880364,-20.2282483779957,12.4777602271195));
#4098=CARTESIAN_POINT('Ctrl Pts',(32.6323072692056,-20.8355085749648,12.3666491160084));
#4099=CARTESIAN_POINT('Ctrl Pts',(31.216990100278,-19.763447734455,12.2555380048973));
#4100=CARTESIAN_POINT('Ctrl Pts',(31.3496759114671,-17.9929039067991,12.1444268937862));
#4101=CARTESIAN_POINT('Ctrl Pts',(32.9089629179575,-17.1437577282259,12.0333157826751));
#4102=CARTESIAN_POINT('Ctrl Pts',(34.4682608274383,-17.992905642839,11.922204671564));
#4103=CARTESIAN_POINT('Ctrl Pts',(34.600930344105,-19.7634434039029,11.8110935604529));
#4104=CARTESIAN_POINT('Ctrl Pts',(33.1856429188788,-20.8355176414886,11.6999824493417));
#4105=CARTESIAN_POINT('Ctrl Pts',(31.5171524065586,-20.2282300920966,11.5888713382307));
#4106=CARTESIAN_POINT('Ctrl Pts',(31.122178858766,-18.4972913743018,11.4777602271195));
#4107=CARTESIAN_POINT('Ctrl Pts',(32.3616768040211,-17.2261535750937,11.3666491160084));
#4108=CARTESIAN_POINT('Ctrl Pts',(34.102436775506,-17.5781820937496,11.2555380048973));
#4109=CARTESIAN_POINT('Ctrl Pts',(34.7501971500093,-19.2305222674315,11.1444268937862));
#4110=CARTESIAN_POINT('Ctrl Pts',(33.7155647296525,-20.6729943281671,11.0333157826751));
#4111=CARTESIAN_POINT('Ctrl Pts',(31.9386002369203,-20.582737478691,10.922204671564));
#4112=CARTESIAN_POINT('Ctrl Pts',(31.2055851876056,-19.3045351437805,10.8296120789714));
#4113=CARTESIAN_POINT('Ctrl Pts',(31.4543529221113,-18.2527706800951,10.7555380048973));
#4114=CARTESIAN_POINT('Ctrl Pts',(31.8085149300656,-17.8493790210289,10.7185009678603));
#4115=CARTESIAN_POINT('Ctrl Pts',(32.0242185456664,-17.7023147860378,10.6999824493418));
#4116=CARTESIAN_POINT('Ctrl Pts',(34.2691391777434,-19.7852967291665,16.6848728846745));
#4117=CARTESIAN_POINT('Ctrl Pts',(34.1386066692158,-20.0113856659756,16.666354366156));
#4118=CARTESIAN_POINT('Ctrl Pts',(33.7628078984642,-20.3947046269808,16.6293173291189));
#4119=CARTESIAN_POINT('Ctrl Pts',(32.7325777822494,-20.7213734140624,16.5552432550449));
#4120=CARTESIAN_POINT('Ctrl Pts',(31.4031684639747,-20.0859299611337,16.4626506624523));
#4121=CARTESIAN_POINT('Ctrl Pts',(31.1803730852649,-18.3206790791343,16.3515395513412));
#4122=CARTESIAN_POINT('Ctrl Pts',(32.5414921089828,-17.181144488039,16.24042844023));
#4123=CARTESIAN_POINT('Ctrl Pts',(34.2376189149255,-17.7036136473264,16.1293173291189));
#4124=CARTESIAN_POINT('Ctrl Pts',(34.7187498328743,-19.4131983607168,16.0182062180078));
#4125=CARTESIAN_POINT('Ctrl Pts',(33.5437947865714,-20.7442220619276,15.9070951068967));
#4126=CARTESIAN_POINT('Ctrl Pts',(31.7881803923996,-20.4797062871783,15.7959839957856));
#4127=CARTESIAN_POINT('Ctrl Pts',(31.0579048212413,-18.8612645304177,15.6848728846745));
#4128=CARTESIAN_POINT('Ctrl Pts',(32.0212163451438,-17.3698189554391,15.5737617735634));
#4129=CARTESIAN_POINT('Ctrl Pts',(33.7967169957663,-17.3698050455829,15.4626506624523));
#4130=CARTESIAN_POINT('Ctrl Pts',(34.7600165944468,-18.8612853187026,15.3515395513411));
#4131=CARTESIAN_POINT('Ctrl Pts',(34.0297707707641,-20.4796683406405,15.24042844023));
#4132=CARTESIAN_POINT('Ctrl Pts',(32.2740940966484,-20.7442959314363,15.1293173291189));
#4133=CARTESIAN_POINT('Ctrl Pts',(31.0992646612255,-19.4130520378994,15.0182062180078));
#4134=CARTESIAN_POINT('Ctrl Pts',(31.5801445097269,-17.7039048037334,14.9070951068967));
#4135=CARTESIAN_POINT('Ctrl Pts',(33.2767721640885,-17.1805642198184,14.7959839957856));
#4136=CARTESIAN_POINT('Ctrl Pts',(34.6368907630598,-18.3218392922718,14.6848728846745));
#4137=CARTESIAN_POINT('Ctrl Pts',(34.4161174077375,-20.0835685302512,14.5737617735634));
#4138=CARTESIAN_POINT('Ctrl Pts',(32.8164394057718,-20.8539328901207,14.4626506624523));
#4139=CARTESIAN_POINT('Ctrl Pts',(31.301414056581,-19.9281201621458,14.3515395513411));
#4140=CARTESIAN_POINT('Ctrl Pts',(31.2571494018193,-18.1531633795151,14.24042844023));
#4141=CARTESIAN_POINT('Ctrl Pts',(32.7241434903403,-17.1529837403014,14.1293173291189));
#4142=CARTESIAN_POINT('Ctrl Pts',(34.360232476062,-17.842653082724,14.0182062180078));
#4143=CARTESIAN_POINT('Ctrl Pts',(34.668546317038,-19.5911877656556,13.9070951068967));
#4144=CARTESIAN_POINT('Ctrl Pts',(33.3670063780898,-20.7988403453105,13.7959839957856));
#4145=CARTESIAN_POINT('Ctrl Pts',(31.6464012741044,-20.3607204511535,13.6848728846745));
#4146=CARTESIAN_POINT('Ctrl Pts',(31.0809254715844,-18.6776672487025,13.5737617735634));
#4147=CARTESIAN_POINT('Ctrl Pts',(32.1879370082477,-17.2895186891028,13.4626506624522));
#4148=CARTESIAN_POINT('Ctrl Pts',(33.9546227557604,-17.466302261553,13.3515395513412));
#4149=CARTESIAN_POINT('Ctrl Pts',(34.7646287258423,-19.0462773561381,13.24042844023));
#4150=CARTESIAN_POINT('Ctrl Pts',(33.8768743972809,-20.5839129496953,13.1293173291189));
#4151=CARTESIAN_POINT('Ctrl Pts',(32.1035728520162,-20.6724147543638,13.0182062180078));
#4152=CARTESIAN_POINT('Ctrl Pts',(31.0671308980702,-19.23081179513,12.9070951068967));
#4153=CARTESIAN_POINT('Ctrl Pts',(31.71579707615,-17.578037416594,12.7959839957856));
#4154=CARTESIAN_POINT('Ctrl Pts',(33.4561017483636,-17.226227197522,12.6848728846745));
#4155=CARTESIAN_POINT('Ctrl Pts',(34.6958273744321,-18.4972550360606,12.5737617735634));
#4156=CARTESIAN_POINT('Ctrl Pts',(34.3007393003248,-20.2282478662062,12.4626506624523));
#4157=CARTESIAN_POINT('Ctrl Pts',(32.632307384555,-20.8355078098818,12.3515395513412));
#4158=CARTESIAN_POINT('Ctrl Pts',(31.2169908052886,-19.7634474165883,12.24042844023));
#4159=CARTESIAN_POINT('Ctrl Pts',(31.3496765615049,-17.9929043259119,12.1293173291189));
#4160=CARTESIAN_POINT('Ctrl Pts',(32.90896291753,-17.1437585029718,12.0182062180078));
#4161=CARTESIAN_POINT('Ctrl Pts',(34.468260178467,-17.9929060602066,11.9070951068967));
#4162=CARTESIAN_POINT('Ctrl Pts',(34.6009296372893,-19.7634430903898,11.7959839957856));
#4163=CARTESIAN_POINT('Ctrl Pts',(33.1856428069657,-20.835516867291,11.6848728846745));
#4164=CARTESIAN_POINT('Ctrl Pts',(31.5171529798309,-20.2282295986901,11.5737617735634));
#4165=CARTESIAN_POINT('Ctrl Pts',(31.1221796168584,-18.4972915470382,11.4626506624523));
#4166=CARTESIAN_POINT('Ctrl Pts',(32.361677005274,-17.2261543875906,11.3515395513412));
#4167=CARTESIAN_POINT('Ctrl Pts',(34.1024363315955,-17.5781825402848,11.24042844023));
#4168=CARTESIAN_POINT('Ctrl Pts',(34.7501962760894,-19.230522462502,11.1293173291189));
#4169=CARTESIAN_POINT('Ctrl Pts',(33.7155646068546,-20.6729930480066,11.0182062180078));
#4170=CARTESIAN_POINT('Ctrl Pts',(31.9386002048457,-20.5827380139781,10.9070951068967));
#4171=CARTESIAN_POINT('Ctrl Pts',(31.205586697922,-19.3045327424928,10.8145025143041));
#4172=CARTESIAN_POINT('Ctrl Pts',(31.4543528598201,-18.2527713696026,10.74042844023));
#4173=CARTESIAN_POINT('Ctrl Pts',(31.808516505958,-17.8493779466037,10.703391403193));
#4174=CARTESIAN_POINT('Ctrl Pts',(32.0242185456664,-17.7023147860378,10.6848728846745));
#4175=CARTESIAN_POINT('Ctrl Pts',(34.2760917705729,-19.7893108105082,16.6496017535295));
#4176=CARTESIAN_POINT('Ctrl Pts',(34.144889870252,-20.0165591679136,16.631083235011));
#4177=CARTESIAN_POINT('Ctrl Pts',(33.7671739080722,-20.4018334671528,16.5940461979739));
#4178=CARTESIAN_POINT('Ctrl Pts',(32.7316709800578,-20.7301761287088,16.5199721238999));
#4179=CARTESIAN_POINT('Ctrl Pts',(31.3954727205071,-20.0914805797419,16.4273795313073));
#4180=CARTESIAN_POINT('Ctrl Pts',(31.1715343803036,-18.3172066372261,16.3162684201962));
#4181=CARTESIAN_POINT('Ctrl Pts',(32.5396140460299,-17.1718453071595,16.205157309085));
#4182=CARTESIAN_POINT('Ctrl Pts',(34.2444113276293,-17.6969860246606,16.0940461979739));
#4183=CARTESIAN_POINT('Ctrl Pts',(34.7280025085506,-19.415310761975,15.9829350868628));
#4184=CARTESIAN_POINT('Ctrl Pts',(33.547040267823,-20.7531394252271,15.8718239757517));
#4185=CARTESIAN_POINT('Ctrl Pts',(31.7824504256607,-20.4872712596771,15.7607128646406));
#4186=CARTESIAN_POINT('Ctrl Pts',(31.0484412632048,-18.8605552552888,15.6496017535295));
#4187=CARTESIAN_POINT('Ctrl Pts',(32.0166777430987,-17.3614846583958,15.5384906424184));
#4188=CARTESIAN_POINT('Ctrl Pts',(33.8012556164813,-17.3614706844062,15.4273795313073));
#4189=CARTESIAN_POINT('Ctrl Pts',(34.7694800872411,-18.8605761394213,15.3162684201962));
#4190=CARTESIAN_POINT('Ctrl Pts',(34.0355008815799,-20.487233138181,15.205157309085));
#4191=CARTESIAN_POINT('Ctrl Pts',(32.2708483212388,-20.7532136353222,15.0940461979739));
#4192=CARTESIAN_POINT('Ctrl Pts',(31.0900125752572,-19.4151637645147,14.9829350868628));
#4193=CARTESIAN_POINT('Ctrl Pts',(31.5733509200564,-17.6972785234838,14.8718239757517));
#4194=CARTESIAN_POINT('Ctrl Pts',(33.278652574526,-17.1712623635759,14.7607128646406));
#4195=CARTESIAN_POINT('Ctrl Pts',(34.6457247731205,-18.318372199044,14.6496017535295));
#4196=CARTESIAN_POINT('Ctrl Pts',(34.423822715067,-20.0891082689243,14.5384906424184));
#4197=CARTESIAN_POINT('Ctrl Pts',(32.8159663673891,-20.8634111126968,14.4273795313073));
#4198=CARTESIAN_POINT('Ctrl Pts',(31.2931954587012,-19.9328651718114,14.3162684201961));
#4199=CARTESIAN_POINT('Ctrl Pts',(31.2487045011223,-18.1488339315488,14.205157309085));
#4200=CARTESIAN_POINT('Ctrl Pts',(32.7231985895422,-17.1435408789594,14.0940461979739));
#4201=CARTESIAN_POINT('Ctrl Pts',(34.3676520719807,-17.8367361524272,13.9829350868628));
#4202=CARTESIAN_POINT('Ctrl Pts',(34.6775421659177,-19.5942102101358,13.8718239757517));
#4203=CARTESIAN_POINT('Ctrl Pts',(33.3693481105751,-20.8080369075329,13.7607128646406));
#4204=CARTESIAN_POINT('Ctrl Pts',(31.639946421645,-20.3676771276196,13.6496017535295));
#4205=CARTESIAN_POINT('Ctrl Pts',(31.0715796269274,-18.6760193241317,13.5384906424184));
#4206=CARTESIAN_POINT('Ctrl Pts',(32.1842507545067,-17.2807738619999,13.4273795313073));
#4207=CARTESIAN_POINT('Ctrl Pts',(33.9599686740226,-17.4584612395746,13.3162684201962));
#4208=CARTESIAN_POINT('Ctrl Pts',(34.7741157955538,-19.04651394889,13.205157309085));
#4209=CARTESIAN_POINT('Ctrl Pts',(33.881822827452,-20.5920106966854,13.0940461979739));
#4210=CARTESIAN_POINT('Ctrl Pts',(32.0994552869487,-20.6809649663934,12.9829350868628));
#4211=CARTESIAN_POINT('Ctrl Pts',(31.0577145287293,-19.2319918192616,12.8718239757517));
#4212=CARTESIAN_POINT('Ctrl Pts',(31.709697009372,-17.570767640056,12.7607128646406));
#4213=CARTESIAN_POINT('Ctrl Pts',(33.4588989804969,-17.2171587929437,12.6496017535295));
#4214=CARTESIAN_POINT('Ctrl Pts',(34.70496269755,-18.4946847550445,12.5384906424184));
#4215=CARTESIAN_POINT('Ctrl Pts',(34.3078547377427,-20.2345272770789,12.4273795313073));
#4216=CARTESIAN_POINT('Ctrl Pts',(32.630892972006,-20.8448918346689,12.3162684201962));
#4217=CARTESIAN_POINT('Ctrl Pts',(31.2083405942115,-19.7673505369975,12.205157309085));
#4218=CARTESIAN_POINT('Ctrl Pts',(31.341704704955,-17.9877555556764,12.0940461979739));
#4219=CARTESIAN_POINT('Ctrl Pts',(32.9089629061001,-17.1342684749886,11.9829350868628));
#4220=CARTESIAN_POINT('Ctrl Pts',(34.4762320635287,-17.9877573028049,11.8718239757517));
#4221=CARTESIAN_POINT('Ctrl Pts',(34.6095798001032,-19.767346178785,11.7607128646406));
#4222=CARTESIAN_POINT('Ctrl Pts',(33.1870573113953,-20.8449009591031,11.6496017535295));
#4223=CARTESIAN_POINT('Ctrl Pts',(31.5100373614802,-20.2345088743827,11.5384906424184));
#4224=CARTESIAN_POINT('Ctrl Pts',(31.1130446531976,-18.4947215362044,11.4273795313072));
#4225=CARTESIAN_POINT('Ctrl Pts',(32.3588790573989,-17.2170854442157,11.3162684201962));
#4226=CARTESIAN_POINT('Ctrl Pts',(34.108537824447,-17.5709138376825,11.205157309085));
#4227=CARTESIAN_POINT('Ctrl Pts',(34.7596098023934,-19.2317003453526,11.0940461979739));
#4228=CARTESIAN_POINT('Ctrl Pts',(33.7196878563598,-20.6815475422473,10.9829350868628));
#4229=CARTESIAN_POINT('Ctrl Pts',(31.9336402105224,-20.5908270368341,10.8718239757517));
#4230=CARTESIAN_POINT('Ctrl Pts',(31.1968763628637,-19.3060948367708,10.7792313831591));
#4231=CARTESIAN_POINT('Ctrl Pts',(31.4469176810245,-18.2489503071362,10.705157309085));
#4232=CARTESIAN_POINT('Ctrl Pts',(31.8028879259793,-17.8434989309559,10.668120272048));
#4233=CARTESIAN_POINT('Ctrl Pts',(32.0196961205974,-17.6956816067423,10.6496017535295));
#4234=CARTESIAN_POINT('Ctrl Pts',(34.2977638959672,-19.8018232179386,16.622586926671));
#4235=CARTESIAN_POINT('Ctrl Pts',(34.1644873603213,-20.0326649491341,16.6040684081525));
#4236=CARTESIAN_POINT('Ctrl Pts',(33.7807747672198,-20.4240564016037,16.5670313711155));
#4237=CARTESIAN_POINT('Ctrl Pts',(32.7288729404329,-20.7575942094603,16.4929572970414));
#4238=CARTESIAN_POINT('Ctrl Pts',(31.3714774431379,-20.108783472974,16.4003647044488));
#4239=CARTESIAN_POINT('Ctrl Pts',(31.1439991056503,-18.3063829250527,16.2892535933377));
#4240=CARTESIAN_POINT('Ctrl Pts',(32.533758263941,-17.1428696634303,16.1781424822266));
#4241=CARTESIAN_POINT('Ctrl Pts',(34.2655789890949,-17.6763328356205,16.0670313711155));
#4242=CARTESIAN_POINT('Ctrl Pts',(34.7568339509958,-19.4218936349713,15.9559202600044));
#4243=CARTESIAN_POINT('Ctrl Pts',(33.5571539828514,-20.7809266854952,15.8448091488932));
#4244=CARTESIAN_POINT('Ctrl Pts',(31.7645950091688,-20.5108446289622,15.7336980377822));
#4245=CARTESIAN_POINT('Ctrl Pts',(31.018951911343,-18.8583450267258,15.622586926671));
#4246=CARTESIAN_POINT('Ctrl Pts',(32.0025349147269,-17.3355141183455,15.5114758155599));
#4247=CARTESIAN_POINT('Ctrl Pts',(33.8153984749183,-17.335499906068,15.4003647044488));
#4248=CARTESIAN_POINT('Ctrl Pts',(34.7989693340405,-18.8583662669795,15.2892535933377));
#4249=CARTESIAN_POINT('Ctrl Pts',(34.0533565300852,-20.5108058574093,15.1781424822266));
#4250=CARTESIAN_POINT('Ctrl Pts',(32.2607341325146,-20.7810021610385,15.0670313711155));
#4251=CARTESIAN_POINT('Ctrl Pts',(31.0611820824408,-19.4217441308748,14.9559202600043));
#4252=CARTESIAN_POINT('Ctrl Pts',(31.5521813633311,-17.6766303222125,14.8448091488933));
#4253=CARTESIAN_POINT('Ctrl Pts',(33.2845121360736,-17.142276779233,14.7336980377821));
#4254=CARTESIAN_POINT('Ctrl Pts',(34.6732524980285,-18.3075683638858,14.622586926671));
#4255=CARTESIAN_POINT('Ctrl Pts',(34.4478332812536,-20.1063706901813,14.5114758155599));
#4256=CARTESIAN_POINT('Ctrl Pts',(32.8144923288728,-20.8929462733183,14.4003647044488));
#4257=CARTESIAN_POINT('Ctrl Pts',(31.2675854241162,-19.9476511320746,14.2892535933377));
#4258=CARTESIAN_POINT('Ctrl Pts',(31.2223892825851,-18.1353429062131,14.1781424822266));
#4259=CARTESIAN_POINT('Ctrl Pts',(32.7202541770721,-17.1141159077681,14.0670313711155));
#4260=CARTESIAN_POINT('Ctrl Pts',(34.3907723305751,-17.8182983614671,13.9559202600044));
#4261=CARTESIAN_POINT('Ctrl Pts',(34.7055741982148,-19.6036284720921,13.8448091488933));
#4262=CARTESIAN_POINT('Ctrl Pts',(33.376645200769,-20.836694384184,13.7336980377821));
#4263=CARTESIAN_POINT('Ctrl Pts',(31.6198324073904,-20.3893548794326,13.622586926671));
#4264=CARTESIAN_POINT('Ctrl Pts',(31.0424569701603,-18.670884213994,13.5114758155599));
#4265=CARTESIAN_POINT('Ctrl Pts',(32.172763991524,-17.253524040548,13.4003647044488));
#4266=CARTESIAN_POINT('Ctrl Pts',(33.9766271300911,-17.4340277720684,13.2892535933377));
#4267=CARTESIAN_POINT('Ctrl Pts',(34.8036785247772,-19.0472511973349,13.1781424822266));
#4268=CARTESIAN_POINT('Ctrl Pts',(33.8972426678887,-20.6172441469484,13.0670313711155));
#4269=CARTESIAN_POINT('Ctrl Pts',(32.0866245115106,-20.7076083463218,12.9559202600044));
#4270=CARTESIAN_POINT('Ctrl Pts',(31.0283721094436,-19.2356689013845,12.8448091488932));
#4271=CARTESIAN_POINT('Ctrl Pts',(31.6906885454878,-17.5481142346384,12.7336980377821));
#4272=CARTESIAN_POINT('Ctrl Pts',(33.4676154564822,-17.1889006695252,12.622586926671));
#4273=CARTESIAN_POINT('Ctrl Pts',(34.7334293467374,-18.4866754825889,12.5114758155599));
#4274=CARTESIAN_POINT('Ctrl Pts',(34.3300272054107,-20.2540945974166,12.4003647044488));
#4275=CARTESIAN_POINT('Ctrl Pts',(32.6264855111112,-20.8741334629739,12.2892535933377));
#4276=CARTESIAN_POINT('Ctrl Pts',(31.1813856051191,-19.779513083526,12.1781424822266));
#4277=CARTESIAN_POINT('Ctrl Pts',(31.3168635455469,-17.9717114266998,12.0670313711155));
#4278=CARTESIAN_POINT('Ctrl Pts',(32.9089628651172,-17.1046965421299,11.9559202600043));
#4279=CARTESIAN_POINT('Ctrl Pts',(34.5010733251687,-17.9717131919728,11.8448091488933));
#4280=CARTESIAN_POINT('Ctrl Pts',(34.6365346161441,-19.7795086800519,11.7336980377821));
#4281=CARTESIAN_POINT('Ctrl Pts',(33.1914651017353,-20.8741426821688,11.622586926671));
#4282=CARTESIAN_POINT('Ctrl Pts',(31.4878642450623,-20.2540760036016,11.5114758155599));
#4283=CARTESIAN_POINT('Ctrl Pts',(31.0845792928745,-18.4867126457347,11.4003647044488));
#4284=CARTESIAN_POINT('Ctrl Pts',(32.3501600150584,-17.1888265590463,11.2892535933377));
#4285=CARTESIAN_POINT('Ctrl Pts',(34.1275514016593,-17.5482619505417,11.1781424822266));
#4286=CARTESIAN_POINT('Ctrl Pts',(34.7889420274894,-19.2353744009195,11.0670313711155));
#4287=CARTESIAN_POINT('Ctrl Pts',(33.7325390168906,-20.7081969656644,10.9559202600043));
#4288=CARTESIAN_POINT('Ctrl Pts',(31.9181788690126,-20.6160482653717,10.8448091488933));
#4289=CARTESIAN_POINT('Ctrl Pts',(31.16974404639,-19.31093400825,10.7522165563006));
#4290=CARTESIAN_POINT('Ctrl Pts',(31.4237404929286,-18.2370482007205,10.6781424822266));
#4291=CARTESIAN_POINT('Ctrl Pts',(31.7853626575227,-17.8251598259815,10.6411054451895));
#4292=CARTESIAN_POINT('Ctrl Pts',(32.0055991404371,-17.6750051343843,10.622586926671));
#4293=CARTESIAN_POINT('Ctrl Pts',(34.3128734606345,-19.8105467291665,16.6125138835595));
#4294=CARTESIAN_POINT('Ctrl Pts',(34.1781428971561,-20.0439069104435,16.593995365041));
#4295=CARTESIAN_POINT('Ctrl Pts',(33.7902625881967,-20.4395490767404,16.556958328004));
#4296=CARTESIAN_POINT('Ctrl Pts',(32.7269039583378,-20.7767232497373,16.4828842539299));
#4297=CARTESIAN_POINT('Ctrl Pts',(31.354752446074,-20.1208462827628,16.3902916613373));
#4298=CARTESIAN_POINT('Ctrl Pts',(31.1247915514654,-18.2988365394576,16.2791805502262));
#4299=CARTESIAN_POINT('Ctrl Pts',(32.5296767096587,-17.1226610916879,16.1680694391151));
#4300=CARTESIAN_POINT('Ctrl Pts',(34.2803401379506,-17.6619298607512,16.056958328004));
#4301=CARTESIAN_POINT('Ctrl Pts',(34.7769415017902,-19.4264842584859,15.9458472168929));
#4302=CARTESIAN_POINT('Ctrl Pts',(33.5642069802979,-20.8003055877034,15.8347361057817));
#4303=CARTESIAN_POINT('Ctrl Pts',(31.7521428246136,-20.527284579071,15.7236249946706));
#4304=CARTESIAN_POINT('Ctrl Pts',(30.9983860317108,-18.8568036508048,15.6125138835595));
#4305=CARTESIAN_POINT('Ctrl Pts',(31.9926717738962,-17.3174023055776,15.5014027724484));
#4306=CARTESIAN_POINT('Ctrl Pts',(33.8252616546445,-17.3173879516338,15.3902916613373));
#4307=CARTESIAN_POINT('Ctrl Pts',(34.819535077752,-18.8568251027788,15.2791805502262));
#4308=CARTESIAN_POINT('Ctrl Pts',(34.065809014799,-20.5272454210479,15.1680694391151));
#4309=CARTESIAN_POINT('Ctrl Pts',(32.2536805222418,-20.800381815578,15.056958328004));
#4310=CARTESIAN_POINT('Ctrl Pts',(31.0410757601993,-19.4263332641507,14.9458472168928));
#4311=CARTESIAN_POINT('Ctrl Pts',(31.5374177624758,-17.6622303126471,14.8347361057817));
#4312=CARTESIAN_POINT('Ctrl Pts',(33.28859858088,-17.1220622977848,14.7236249946706));
#4313=CARTESIAN_POINT('Ctrl Pts',(34.6924502718488,-18.3000337933865,14.6125138835595));
#4314=CARTESIAN_POINT('Ctrl Pts',(34.4645781962443,-20.1184094641228,14.5014027724484));
#4315=CARTESIAN_POINT('Ctrl Pts',(32.8134643377506,-20.9135440281461,14.3902916613373));
#4316=CARTESIAN_POINT('Ctrl Pts',(31.2497250433571,-19.9579628276429,14.2791805502262));
#4317=CARTESIAN_POINT('Ctrl Pts',(31.2040371081453,-18.1259342953662,14.1680694391151));
#4318=CARTESIAN_POINT('Ctrl Pts',(32.7182007504076,-17.0935949987875,14.056958328004));
#4319=CARTESIAN_POINT('Ctrl Pts',(34.4068963471207,-17.80543988736,13.9458472168928));
#4320=CARTESIAN_POINT('Ctrl Pts',(34.7251236747323,-19.6101967468796,13.8347361057817));
#4321=CARTESIAN_POINT('Ctrl Pts',(33.3817341751219,-20.8566800441935,13.7236249946706));
#4322=CARTESIAN_POINT('Ctrl Pts',(31.605804938914,-20.4044728949787,13.6125138835595));
#4323=CARTESIAN_POINT('Ctrl Pts',(31.02214689458,-18.6673029996884,13.5014027724484));
#4324=CARTESIAN_POINT('Ctrl Pts',(32.1647531487553,-17.2345200761214,13.3902916613373));
#4325=CARTESIAN_POINT('Ctrl Pts',(33.9882447000312,-17.4169879265699,13.2791805502262));
#4326=CARTESIAN_POINT('Ctrl Pts',(34.8242955059011,-19.0477653527533,13.1680694391151));
#4327=CARTESIAN_POINT('Ctrl Pts',(33.9079964300648,-20.6348418986172,13.056958328004));
#4328=CARTESIAN_POINT('Ctrl Pts',(32.0776763574602,-20.7261893798087,12.9458472168929));
#4329=CARTESIAN_POINT('Ctrl Pts',(31.0079087719886,-19.238233290181,12.8347361057817));
#4330=CARTESIAN_POINT('Ctrl Pts',(31.6774320853356,-17.5323158005295,12.7236249946706));
#4331=CARTESIAN_POINT('Ctrl Pts',(33.47369430736,-17.1691935174156,12.6125138835595));
#4332=CARTESIAN_POINT('Ctrl Pts',(34.7532819239928,-18.4810898342205,12.5014027724484));
#4333=CARTESIAN_POINT('Ctrl Pts',(34.3454902349023,-20.2677408021871,12.3902916613373));
#4334=CARTESIAN_POINT('Ctrl Pts',(32.6234117573255,-20.8945265102197,12.2791805502262));
#4335=CARTESIAN_POINT('Ctrl Pts',(31.1625872569801,-19.7879952138714,12.1680694391151));
#4336=CARTESIAN_POINT('Ctrl Pts',(31.2995393749144,-17.960522291788,12.056958328004));
#4337=CARTESIAN_POINT('Ctrl Pts',(32.908962839958,-17.084073133064,11.9458472168929));
#4338=CARTESIAN_POINT('Ctrl Pts',(34.5183975585609,-17.9605240836476,11.8347361057817));
#4339=CARTESIAN_POINT('Ctrl Pts',(34.6553328580475,-19.7879907440772,11.7236249946706));
#4340=CARTESIAN_POINT('Ctrl Pts',(33.1945390577662,-20.8945358682635,11.6125138835595));
#4341=CARTESIAN_POINT('Ctrl Pts',(31.4724008173054,-20.2677219283333,11.5014027724484));
#4342=CARTESIAN_POINT('Ctrl Pts',(31.064727506848,-18.4811275570753,11.3902916613373));
#4343=CARTESIAN_POINT('Ctrl Pts',(32.3440795887057,-17.169118290767,11.2791805502262));
#4344=CARTESIAN_POINT('Ctrl Pts',(34.1408110008543,-17.5324657411922,11.1680694391151));
#4345=CARTESIAN_POINT('Ctrl Pts',(34.8093991069,-19.2379343538906,11.056958328004));
#4346=CARTESIAN_POINT('Ctrl Pts',(33.7414996835828,-20.7267868695304,10.9458472168928));
#4347=CARTESIAN_POINT('Ctrl Pts',(31.9073996498824,-20.6336279508561,10.8347361057818));
#4348=CARTESIAN_POINT('Ctrl Pts',(31.1508156370056,-19.3143269996419,10.7421435131891));
#4349=CARTESIAN_POINT('Ctrl Pts',(31.4075821127042,-18.2287446786782,10.6680694391151));
#4350=CARTESIAN_POINT('Ctrl Pts',(31.7731316514716,-17.812382585618,10.631032402078));
#4351=CARTESIAN_POINT('Ctrl Pts',(31.9957708827342,-17.6605897279349,10.6125138835595));
#4352=CARTESIAN_POINT('',(34.2131735685062,-19.9628005542599,10.9999999999999));
#4353=CARTESIAN_POINT('Ctrl Pts',(33.1443223635762,-20.5517653173031,10.9999999999999));
#4354=CARTESIAN_POINT('Ctrl Pts',(33.206438618888,-20.5429536382597,10.9999999999999));
#4355=CARTESIAN_POINT('Ctrl Pts',(33.2678623326192,-20.5308526559979,11.0000008896216));
#4356=CARTESIAN_POINT('Ctrl Pts',(33.3283372555138,-20.5154189731538,10.9999999207329));
#4357=CARTESIAN_POINT('Ctrl Pts',(33.3868347219243,-20.5004899529823,10.9999989835257));
#4358=CARTESIAN_POINT('Ctrl Pts',(33.4444447544813,-20.4824428316424,10.9999958048633));
#4359=CARTESIAN_POINT('Ctrl Pts',(33.5009285040445,-20.4611930305225,10.9999945397986));
#4360=CARTESIAN_POINT('Ctrl Pts',(33.5325023106198,-20.4493146209709,10.9999938326411));
#4361=CARTESIAN_POINT('Ctrl Pts',(33.5636358746929,-20.4364673332549,10.9999954725217));
#4362=CARTESIAN_POINT('Ctrl Pts',(33.5943015664462,-20.4226435823886,10.9999968482292));
#4363=CARTESIAN_POINT('Ctrl Pts',(33.6393887642427,-20.4023187778931,10.9999988709065));
#4364=CARTESIAN_POINT('Ctrl Pts',(33.6834645932922,-20.3798847634858,10.9999995330968));
#4365=CARTESIAN_POINT('Ctrl Pts',(33.7265416910857,-20.3554919480552,11.0000006140328));
#4366=CARTESIAN_POINT('Ctrl Pts',(33.7539514569522,-20.3399709080124,11.0000013018275));
#4367=CARTESIAN_POINT('Ctrl Pts',(33.7809569635977,-20.323656164214,11.0000024340648));
#4368=CARTESIAN_POINT('Ctrl Pts',(33.8075595716366,-20.3065769023298,11.0000062277992));
#4369=CARTESIAN_POINT('Ctrl Pts',(33.8450625387308,-20.2824994511452,11.0000115760076));
#4370=CARTESIAN_POINT('Ctrl Pts',(33.8803805921209,-20.2577948064889,11.0000174231474));
#4371=CARTESIAN_POINT('Ctrl Pts',(33.9135637993367,-20.2329606504475,11.0000218343002));
#4372=CARTESIAN_POINT('Ctrl Pts',(33.9476227191492,-20.2074711152218,11.0000263618643));
#4373=CARTESIAN_POINT('Ctrl Pts',(33.9794328960339,-20.1818453992964,11.0000293336541));
#4374=CARTESIAN_POINT('Ctrl Pts',(34.0090860022476,-20.1565802880964,11.0000297257456));
#4375=CARTESIAN_POINT('Ctrl Pts',(34.0394026019994,-20.1307498655292,11.0000301266103));
#4376=CARTESIAN_POINT('Ctrl Pts',(34.0674651020661,-20.1052965241283,11.0000277814015));
#4377=CARTESIAN_POINT('Ctrl Pts',(34.0934036980155,-20.0807052869828,11.0000234098335));
#4378=CARTESIAN_POINT('Ctrl Pts',(34.120410803096,-20.0551010435248,11.000018858184));
#4379=CARTESIAN_POINT('Ctrl Pts',(34.1451163464763,-20.0304316202558,11.0000120381639));
#4380=CARTESIAN_POINT('Ctrl Pts',(34.1676903656784,-20.0071920688471,11.0000066561369));
#4381=CARTESIAN_POINT('Ctrl Pts',(34.1832001621062,-19.9912250091845,11.0000029583398));
#4382=CARTESIAN_POINT('Ctrl Pts',(34.1977042845203,-19.9759318083602,10.9999999999999));
#4383=CARTESIAN_POINT('Ctrl Pts',(34.2112597081403,-19.9614590116023,10.9999999999999));
#4384=CARTESIAN_POINT('',(34.4748736560662,-18.580625277043,15.9999999999999));
#4385=CARTESIAN_POINT('Ctrl Pts',(34.4723362184585,-18.581353428838,15.9999999999999));
#4386=CARTESIAN_POINT('Ctrl Pts',(34.5407229752861,-18.8360379803174,15.9819490722975));
#4387=CARTESIAN_POINT('Ctrl Pts',(34.569715509819,-19.6612359561517,15.9268611075582));
#4388=CARTESIAN_POINT('Ctrl Pts',(33.5642069802979,-20.8003055877034,15.8347361057817));
#4389=CARTESIAN_POINT('Ctrl Pts',(31.7521428246136,-20.527284579071,15.7236249946706));
#4390=CARTESIAN_POINT('Ctrl Pts',(30.9983860317108,-18.8568036508048,15.6125138835595));
#4391=CARTESIAN_POINT('Ctrl Pts',(31.9926717738962,-17.3174023055776,15.5014027724484));
#4392=CARTESIAN_POINT('Ctrl Pts',(33.8252616546445,-17.3173879516338,15.3902916613373));
#4393=CARTESIAN_POINT('Ctrl Pts',(34.819535077752,-18.8568251027788,15.2791805502262));
#4394=CARTESIAN_POINT('Ctrl Pts',(34.065809014799,-20.5272454210479,15.1680694391151));
#4395=CARTESIAN_POINT('Ctrl Pts',(32.2536805222418,-20.800381815578,15.056958328004));
#4396=CARTESIAN_POINT('Ctrl Pts',(31.0410757601993,-19.4263332641507,14.9458472168928));
#4397=CARTESIAN_POINT('Ctrl Pts',(31.5374177624758,-17.6622303126471,14.8347361057817));
#4398=CARTESIAN_POINT('Ctrl Pts',(33.28859858088,-17.1220622977848,14.7236249946706));
#4399=CARTESIAN_POINT('Ctrl Pts',(34.6924502718488,-18.3000337933865,14.6125138835595));
#4400=CARTESIAN_POINT('Ctrl Pts',(34.4645781962443,-20.1184094641228,14.5014027724484));
#4401=CARTESIAN_POINT('Ctrl Pts',(32.8134643377506,-20.9135440281461,14.3902916613373));
#4402=CARTESIAN_POINT('Ctrl Pts',(31.2497250433571,-19.9579628276429,14.2791805502262));
#4403=CARTESIAN_POINT('Ctrl Pts',(31.2040371081453,-18.1259342953662,14.1680694391151));
#4404=CARTESIAN_POINT('Ctrl Pts',(32.7182007504076,-17.0935949987875,14.056958328004));
#4405=CARTESIAN_POINT('Ctrl Pts',(34.4068963471207,-17.80543988736,13.9458472168928));
#4406=CARTESIAN_POINT('Ctrl Pts',(34.7251236747323,-19.6101967468796,13.8347361057817));
#4407=CARTESIAN_POINT('Ctrl Pts',(33.3817341751219,-20.8566800441935,13.7236249946706));
#4408=CARTESIAN_POINT('Ctrl Pts',(31.605804938914,-20.4044728949787,13.6125138835595));
#4409=CARTESIAN_POINT('Ctrl Pts',(31.02214689458,-18.6673029996884,13.5014027724484));
#4410=CARTESIAN_POINT('Ctrl Pts',(32.1647531487553,-17.2345200761214,13.3902916613373));
#4411=CARTESIAN_POINT('Ctrl Pts',(33.9882447000312,-17.4169879265699,13.2791805502262));
#4412=CARTESIAN_POINT('Ctrl Pts',(34.8242955059011,-19.0477653527533,13.1680694391151));
#4413=CARTESIAN_POINT('Ctrl Pts',(33.9079964300648,-20.6348418986172,13.056958328004));
#4414=CARTESIAN_POINT('Ctrl Pts',(32.0776763574602,-20.7261893798087,12.9458472168929));
#4415=CARTESIAN_POINT('Ctrl Pts',(31.0079087719886,-19.238233290181,12.8347361057817));
#4416=CARTESIAN_POINT('Ctrl Pts',(31.6774320853356,-17.5323158005295,12.7236249946706));
#4417=CARTESIAN_POINT('Ctrl Pts',(33.47369430736,-17.1691935174156,12.6125138835595));
#4418=CARTESIAN_POINT('Ctrl Pts',(34.7532819239928,-18.4810898342205,12.5014027724484));
#4419=CARTESIAN_POINT('Ctrl Pts',(34.3454902349023,-20.2677408021871,12.3902916613373));
#4420=CARTESIAN_POINT('Ctrl Pts',(32.6234117573255,-20.8945265102197,12.2791805502262));
#4421=CARTESIAN_POINT('Ctrl Pts',(31.1625872569801,-19.7879952138714,12.1680694391151));
#4422=CARTESIAN_POINT('Ctrl Pts',(31.2995393749144,-17.960522291788,12.056958328004));
#4423=CARTESIAN_POINT('Ctrl Pts',(32.908962839958,-17.084073133064,11.9458472168929));
#4424=CARTESIAN_POINT('Ctrl Pts',(34.5183975585609,-17.9605240836476,11.8347361057817));
#4425=CARTESIAN_POINT('Ctrl Pts',(34.6553328580475,-19.7879907440772,11.7236249946706));
#4426=CARTESIAN_POINT('Ctrl Pts',(33.1945390577662,-20.8945358682635,11.6125138835595));
#4427=CARTESIAN_POINT('Ctrl Pts',(31.4724008173054,-20.2677219283333,11.5014027724484));
#4428=CARTESIAN_POINT('Ctrl Pts',(31.064727506848,-18.4811275570753,11.3902916613373));
#4429=CARTESIAN_POINT('Ctrl Pts',(32.3440795887057,-17.169118290767,11.2791805502262));
#4430=CARTESIAN_POINT('Ctrl Pts',(34.1408110008543,-17.5324657411922,11.1680694391151));
#4431=CARTESIAN_POINT('Ctrl Pts',(34.7007813868162,-18.9608667382528,11.0750092557063));
#4432=CARTESIAN_POINT('Ctrl Pts',(34.3756985817446,-19.738174023047,11.0189861093346));
#4433=CARTESIAN_POINT('Ctrl Pts',(34.2112597081402,-19.9614590116023,10.9999999999999));
#4434=CARTESIAN_POINT('',(34.2692628720661,-19.7850824453375,15.9999999999999));
#4435=CARTESIAN_POINT('Ctrl Pts',(34.2692628720661,-19.7850824453375,15.9999999999999));
#4436=CARTESIAN_POINT('Ctrl Pts',(34.3765599289077,-19.5991708610476,15.9999999999999));
#4437=CARTESIAN_POINT('Ctrl Pts',(34.4472135056286,-19.3958464464188,15.9999999999999));
#4438=CARTESIAN_POINT('Ctrl Pts',(34.5181312135001,-18.9313565221578,15.9999999999999));
#4439=CARTESIAN_POINT('Ctrl Pts',(34.4949732278515,-18.7200263443364,15.9999999999999));
#4440=CARTESIAN_POINT('Ctrl Pts',(34.4748736560662,-18.580625277043,15.9999999999999));
#4441=CARTESIAN_POINT('Ctrl Pts',(34.2691036385683,-19.7834712277521,15.9999999999999));
#4442=CARTESIAN_POINT('Ctrl Pts',(34.2690115094999,-19.7836278892476,15.9999871259795));
#4443=CARTESIAN_POINT('Ctrl Pts',(34.2689193535756,-19.7837845357717,15.9999742519591));
#4444=CARTESIAN_POINT('Ctrl Pts',(34.2688271708029,-19.7839411673158,15.9999613779388));
#4445=CARTESIAN_POINT('Ctrl Pts',(31.9221302975943,-17.7138815792417,16.2187617938288));
#4446=CARTESIAN_POINT('Ctrl Pts',(32.3494089040558,-17.3860319064989,16.1817492988371));
#4447=CARTESIAN_POINT('Ctrl Pts',(33.5493485041152,-17.1956127762308,16.1077243088537));
#4448=CARTESIAN_POINT('Ctrl Pts',(34.7743160952355,-18.55965228251,15.9966868238786));
#4449=CARTESIAN_POINT('Ctrl Pts',(34.2905679702165,-20.3262161517712,15.8856493389036));
#4450=CARTESIAN_POINT('Ctrl Pts',(32.5463405849244,-20.8808022368063,15.7746118539285));
#4451=CARTESIAN_POINT('Ctrl Pts',(31.1324741595595,-19.7167601629021,15.6635743689534));
#4452=CARTESIAN_POINT('Ctrl Pts',(31.3424606957061,-17.8977224429653,15.5525368839783));
#4453=CARTESIAN_POINT('Ctrl Pts',(32.9836662653176,-17.0859541013258,15.4414993990032));
#4454=CARTESIAN_POINT('Ctrl Pts',(34.5567342318305,-18.0232304887561,15.3304619140281));
#4455=CARTESIAN_POINT('Ctrl Pts',(34.624013551069,-19.853079059576,15.2194244290531));
#4456=CARTESIAN_POINT('Ctrl Pts',(33.1241169591827,-20.9033848307762,15.108386944078));
#4457=CARTESIAN_POINT('Ctrl Pts',(31.4276000844834,-20.2143831316076,14.9973494591029));
#4458=CARTESIAN_POINT('Ctrl Pts',(31.0847585740037,-18.4156809247107,14.8863119741278));
#4459=CARTESIAN_POINT('Ctrl Pts',(32.4088687109843,-17.1509281481645,14.7752744891527));
#4460=CARTESIAN_POINT('Ctrl Pts',(34.1899677475983,-17.5758523741272,14.6642370041776));
#4461=CARTESIAN_POINT('Ctrl Pts',(34.8004891541786,-19.3021590664847,14.5531995192026));
#4462=CARTESIAN_POINT('Ctrl Pts',(33.6825414525668,-20.7523535630795,14.4421620342275));
#4463=CARTESIAN_POINT('Ctrl Pts',(31.8577016664017,-20.6012519067242,14.3311245492524));
#4464=CARTESIAN_POINT('Ctrl Pts',(30.9935040313743,-18.9869303856216,14.2200870642773));
#4465=CARTESIAN_POINT('Ctrl Pts',(31.8796499422329,-17.3845518469295,14.1090495793022));
#4466=CARTESIAN_POINT('Ctrl Pts',(33.7063816392007,-17.2583656599313,13.9980120943271));
#4467=CARTESIAN_POINT('Ctrl Pts',(34.8044363692097,-18.723680438367,13.8869746093521));
#4468=CARTESIAN_POINT('Ctrl Pts',(34.1704145754144,-20.4414953189634,13.775937124377));
#4469=CARTESIAN_POINT('Ctrl Pts',(32.3836837259597,-20.8420754972148,13.6648996394019));
#4470=CARTESIAN_POINT('Ctrl Pts',(31.076953864922,-19.5593718411895,13.5538621544268));
#4471=CARTESIAN_POINT('Ctrl Pts',(31.4443113641552,-17.7655156386587,13.4428246694517));
#4472=CARTESIAN_POINT('Ctrl Pts',(33.1500658901669,-17.0997280629287,13.3317871844766));
#4473=CARTESIAN_POINT('Ctrl Pts',(34.6355033591461,-18.170404071696,13.2207496995016));
#4474=CARTESIAN_POINT('Ctrl Pts',(34.543234845534,-19.999162712931,13.1097122145264));
#4475=CARTESIAN_POINT('Ctrl Pts',(32.9575750798706,-20.914889017101,12.9986747295514));
#4476=CARTESIAN_POINT('Ctrl Pts',(31.327495861401,-20.0807947374205,12.8876372445763));
#4477=CARTESIAN_POINT('Ctrl Pts',(31.142559377243,-18.2590729001052,12.7765997596012));
#4478=CARTESIAN_POINT('Ctrl Pts',(32.5717601003963,-17.1144085674597,12.6655622746261));
#4479=CARTESIAN_POINT('Ctrl Pts',(34.309098116653,-17.692792351154,12.554524789651));
#4480=CARTESIAN_POINT('Ctrl Pts',(34.7669983946742,-19.4657000507891,12.443487304676));
#4481=CARTESIAN_POINT('Ctrl Pts',(33.5270329146076,-20.8130503574576,12.3324498197009));
#4482=CARTESIAN_POINT('Ctrl Pts',(31.7222787864625,-20.5036437199293,12.2214123347258));
#4483=CARTESIAN_POINT('Ctrl Pts',(31.0019159666374,-18.8202037134514,12.1103748497507));
#4484=CARTESIAN_POINT('Ctrl Pts',(32.0242095540861,-17.301076391457,11.9993373647756));
#4485=CARTESIAN_POINT('Ctrl Pts',(33.8549914852547,-17.3343903440096,11.8882998798005));
#4486=CARTESIAN_POINT('Ctrl Pts',(34.8212955901711,-18.8897958315032,11.7772623948255));
#4487=CARTESIAN_POINT('Ctrl Pts',(34.0401204245871,-20.545781617338,11.6662249098504));
#4488=CARTESIAN_POINT('Ctrl Pts',(32.2252922938606,-20.7894851828427,11.5551874248753));
#4489=CARTESIAN_POINT('Ctrl Pts',(31.0352156110017,-19.3974615812079,11.4441499399002));
#4490=CARTESIAN_POINT('Ctrl Pts',(31.5573411757519,-17.6432438661132,11.3331124549251));
#4491=CARTESIAN_POINT('Ctrl Pts',(33.3146247027665,-17.1267995241736,11.22207496995));
#4492=CARTESIAN_POINT('Ctrl Pts',(34.7011592695377,-18.3262457585393,11.1110374849749));
#4493=CARTESIAN_POINT('Ctrl Pts',(34.5330384211393,-19.5295120920235,11.0370124949916));
#4494=CARTESIAN_POINT('Ctrl Pts',(34.2131735685061,-19.96280055426,10.9999999999999));
#4495=CARTESIAN_POINT('Ctrl Pts',(31.8452442812176,-17.6136778802141,16.1458411958858));
#4496=CARTESIAN_POINT('Ctrl Pts',(32.3058128990744,-17.2602848753772,16.1088287008941));
#4497=CARTESIAN_POINT('Ctrl Pts',(33.5992418579634,-17.0550298630391,16.0348037109107));
#4498=CARTESIAN_POINT('Ctrl Pts',(34.9196487817595,-18.525344034188,15.9237662259357));
#4499=CARTESIAN_POINT('Ctrl Pts',(34.3982110079942,-20.4295439340132,15.8127287409606));
#4500=CARTESIAN_POINT('Ctrl Pts',(32.5180878660357,-21.0273387751417,15.7016912559855));
#4501=CARTESIAN_POINT('Ctrl Pts',(30.994064674804,-19.7726041804352,15.5906537710104));
#4502=CARTESIAN_POINT('Ctrl Pts',(31.2204116232798,-17.8118421019428,15.4796162860353));
#4503=CARTESIAN_POINT('Ctrl Pts',(32.9894863426411,-16.936827492096,15.3685788010602));
#4504=CARTESIAN_POINT('Ctrl Pts',(34.6851147410101,-17.9471286955276,15.2575413160851));
#4505=CARTESIAN_POINT('Ctrl Pts',(34.7576359077699,-19.9195439168961,15.1465038311101));
#4506=CARTESIAN_POINT('Ctrl Pts',(33.1408797917215,-21.0516808178629,15.035466346135));
#4507=CARTESIAN_POINT('Ctrl Pts',(31.3121843683258,-20.3089978108314,14.9244288611599));
#4508=CARTESIAN_POINT('Ctrl Pts',(30.9426314858791,-18.3701556201888,14.8133913761848));
#4509=CARTESIAN_POINT('Ctrl Pts',(32.369905321866,-17.0068637787167,14.7023538912097));
#4510=CARTESIAN_POINT('Ctrl Pts',(34.2897728489413,-17.4648945822392,14.5913164062346));
#4511=CARTESIAN_POINT('Ctrl Pts',(34.9478610287577,-19.3257007992426,14.4802789212596));
#4512=CARTESIAN_POINT('Ctrl Pts',(33.7428120981976,-20.8888824442391,14.3692414362845));
#4513=CARTESIAN_POINT('Ctrl Pts',(31.7757959045144,-20.7260081978549,14.2582039513094));
#4514=CARTESIAN_POINT('Ctrl Pts',(30.844267144823,-18.9859121094781,14.1471664663343));
#4515=CARTESIAN_POINT('Ctrl Pts',(31.7994542082793,-17.2586895018202,14.0361289813592));
#4516=CARTESIAN_POINT('Ctrl Pts',(33.7685097147912,-17.1226719318798,13.9250914963841));
#4517=CARTESIAN_POINT('Ctrl Pts',(34.9521157781033,-18.702151905891,13.8140540114091));
#4518=CARTESIAN_POINT('Ctrl Pts',(34.2686962554699,-20.5538046994682,13.703016526434));
#4519=CARTESIAN_POINT('Ctrl Pts',(32.3427581313253,-20.9855947686363,13.5919790414589));
#4520=CARTESIAN_POINT('Ctrl Pts',(30.9342186984843,-19.6029534637792,13.4809415564838));
#4521=CARTESIAN_POINT('Ctrl Pts',(31.3301976525498,-17.6693348380407,13.3699040715087));
#4522=CARTESIAN_POINT('Ctrl Pts',(33.1688504485658,-16.9516746067465,13.2588665865337));
#4523=CARTESIAN_POINT('Ctrl Pts',(34.7700209065632,-18.1057688255378,13.1478291015586));
#4524=CARTESIAN_POINT('Ctrl Pts',(34.6705635943006,-20.0770091990323,13.0367916165835));
#4525=CARTESIAN_POINT('Ctrl Pts',(32.9613623480439,-21.0640813151382,12.9257541316084));
#4526=CARTESIAN_POINT('Ctrl Pts',(31.2042808529859,-20.165001315004,12.8147166466333));
#4527=CARTESIAN_POINT('Ctrl Pts',(31.0049356491496,-18.20134599493,12.7036791616582));
#4528=CARTESIAN_POINT('Ctrl Pts',(32.5454878596944,-16.9674988946444,12.5926416766831));
#4529=CARTESIAN_POINT('Ctrl Pts',(34.4181848700221,-17.5909455540805,12.4816041917081));
#4530=CARTESIAN_POINT('Ctrl Pts',(34.9117609465569,-19.5019835430191,12.370566706733));
#4531=CARTESIAN_POINT('Ctrl Pts',(33.5751876224816,-20.9543082303006,12.2595292217579));
#4532=CARTESIAN_POINT('Ctrl Pts',(31.6298219949936,-20.6207951892844,12.1484917367828));
#4533=CARTESIAN_POINT('Ctrl Pts',(30.8533344684359,-18.806195475413,12.0374542518077));
#4534=CARTESIAN_POINT('Ctrl Pts',(31.9552767082179,-17.1687103299858,11.9264167668326));
#4535=CARTESIAN_POINT('Ctrl Pts',(33.928698009646,-17.2046198299011,11.8153792818576));
#4536=CARTESIAN_POINT('Ctrl Pts',(34.9702885299774,-18.8812096351208,11.7043417968825));
#4537=CARTESIAN_POINT('Ctrl Pts',(34.1282506631704,-20.6662161227818,11.5933043119074));
#4538=CARTESIAN_POINT('Ctrl Pts',(32.1720261502267,-20.9289070523858,11.4822668269323));
#4539=CARTESIAN_POINT('Ctrl Pts',(30.8892285453871,-19.4284284968633,11.3712293419572));
#4540=CARTESIAN_POINT('Ctrl Pts',(31.4520338112446,-17.5375366613181,11.2601918569821));
#4541=CARTESIAN_POINT('Ctrl Pts',(33.3462303213912,-16.9808552521155,11.1491543720071));
#4542=CARTESIAN_POINT('Ctrl Pts',(34.8407921818996,-18.2737524063408,11.0381168870319));
#4543=CARTESIAN_POINT('Ctrl Pts',(34.6595727489376,-19.5707672901797,10.9640918970486));
#4544=CARTESIAN_POINT('Ctrl Pts',(34.3147866752835,-20.0378140020153,10.9270794020569));
#4545=CARTESIAN_POINT('Ctrl Pts',(31.7683582648409,-17.5134741811866,16.0729205979428));
#4546=CARTESIAN_POINT('Ctrl Pts',(32.2622168940931,-17.1345378442555,16.0359081029512));
#4547=CARTESIAN_POINT('Ctrl Pts',(33.6491352118117,-16.9144469498473,15.9618831129678));
#4548=CARTESIAN_POINT('Ctrl Pts',(35.0649814682835,-18.4910357858661,15.8508456279927));
#4549=CARTESIAN_POINT('Ctrl Pts',(34.5058540457719,-20.5328717162553,15.7398081430176));
#4550=CARTESIAN_POINT('Ctrl Pts',(32.489835147147,-21.1738753134772,15.6287706580425));
#4551=CARTESIAN_POINT('Ctrl Pts',(30.8556551900485,-19.8284481979683,15.5177331730674));
#4552=CARTESIAN_POINT('Ctrl Pts',(31.0983625508536,-17.7259617609204,15.4066956880924));
#4553=CARTESIAN_POINT('Ctrl Pts',(32.9953064199645,-16.7877008828661,15.2956582031172));
#4554=CARTESIAN_POINT('Ctrl Pts',(34.8134952501899,-17.871026902299,15.1846207181422));
#4555=CARTESIAN_POINT('Ctrl Pts',(34.8912582644707,-19.9860087742163,15.0735832331671));
#4556=CARTESIAN_POINT('Ctrl Pts',(33.1576426242602,-21.1999768049497,14.962545748192));
#4557=CARTESIAN_POINT('Ctrl Pts',(31.1967686521681,-20.4036124900551,14.8515082632169));
#4558=CARTESIAN_POINT('Ctrl Pts',(30.8005043977546,-18.3246303156668,14.7404707782418));
#4559=CARTESIAN_POINT('Ctrl Pts',(32.3309419327476,-16.8627994092689,14.6294332932668));
#4560=CARTESIAN_POINT('Ctrl Pts',(34.3895779502844,-17.3539367903512,14.5183958082917));
#4561=CARTESIAN_POINT('Ctrl Pts',(35.0952329033367,-19.3492425320005,14.4073583233166));
#4562=CARTESIAN_POINT('Ctrl Pts',(33.8030827438285,-21.0254113253986,14.2963208383415));
#4563=CARTESIAN_POINT('Ctrl Pts',(31.6938901426271,-20.8507644889857,14.1852833533664));
#4564=CARTESIAN_POINT('Ctrl Pts',(30.6950302582717,-18.9848938333346,14.0742458683913));
#4565=CARTESIAN_POINT('Ctrl Pts',(31.7192584743257,-17.1328271567109,13.9632083834162));
#4566=CARTESIAN_POINT('Ctrl Pts',(33.8306377903816,-16.9869782038284,13.8521708984412));
#4567=CARTESIAN_POINT('Ctrl Pts',(35.0997951869969,-18.680623373415,13.7411334134661));
#4568=CARTESIAN_POINT('Ctrl Pts',(34.3669779355253,-20.6661140799729,13.630095928491));
#4569=CARTESIAN_POINT('Ctrl Pts',(32.301832536691,-21.1291140400578,13.5190584435159));
#4570=CARTESIAN_POINT('Ctrl Pts',(30.7914835320466,-19.6465350863688,13.4080209585408));
#4571=CARTESIAN_POINT('Ctrl Pts',(31.2160839409444,-17.5731540374227,13.2969834735657));
#4572=CARTESIAN_POINT('Ctrl Pts',(33.1876350069647,-16.8036211505643,13.1859459885906));
#4573=CARTESIAN_POINT('Ctrl Pts',(34.9045384539805,-18.0411335793797,13.0749085036156));
#4574=CARTESIAN_POINT('Ctrl Pts',(34.7978923430672,-20.1548556851336,12.9638710186405));
#4575=CARTESIAN_POINT('Ctrl Pts',(32.9651496162173,-21.2132736131753,12.8528335336654));
#4576=CARTESIAN_POINT('Ctrl Pts',(31.0810658445708,-20.2492078925875,12.7417960486903));
#4577=CARTESIAN_POINT('Ctrl Pts',(30.8673119210561,-18.1436190897548,12.6307585637152));
#4578=CARTESIAN_POINT('Ctrl Pts',(32.5192156189923,-16.8205892218292,12.5197210787402));
#4579=CARTESIAN_POINT('Ctrl Pts',(34.5272716233912,-17.4890987570069,12.408683593765));
#4580=CARTESIAN_POINT('Ctrl Pts',(35.0565234984395,-19.5382670352491,12.29764610879));
#4581=CARTESIAN_POINT('Ctrl Pts',(33.6233423303556,-21.0955661031437,12.1866086238149));
#4582=CARTESIAN_POINT('Ctrl Pts',(31.5373652035246,-20.7379466586396,12.0755711388398));
#4583=CARTESIAN_POINT('Ctrl Pts',(30.7047529702343,-18.7921872373746,11.9645336538647));
#4584=CARTESIAN_POINT('Ctrl Pts',(31.8863438623497,-17.0363442685146,11.8534961688896));
#4585=CARTESIAN_POINT('Ctrl Pts',(34.0024045340373,-17.0748493157925,11.7424586839146));
#4586=CARTESIAN_POINT('Ctrl Pts',(35.1192814697837,-18.8726234387384,11.6314211989395));
#4587=CARTESIAN_POINT('Ctrl Pts',(34.2163809017537,-20.7866506282255,11.5203837139644));
#4588=CARTESIAN_POINT('Ctrl Pts',(32.1187600065928,-21.0683289219289,11.4093462289893));
#4589=CARTESIAN_POINT('Ctrl Pts',(30.7432414797726,-19.4593954125186,11.2983087440142));
#4590=CARTESIAN_POINT('Ctrl Pts',(31.3467264467372,-17.4318294565231,11.1872712590391));
#4591=CARTESIAN_POINT('Ctrl Pts',(33.377835940016,-16.8349109800574,11.0762337740641));
#4592=CARTESIAN_POINT('Ctrl Pts',(34.9804250942615,-18.2212590541423,10.965196289089));
#4593=CARTESIAN_POINT('Ctrl Pts',(34.7861070767359,-19.6120224883358,10.8911712991056));
#4594=CARTESIAN_POINT('Ctrl Pts',(34.4163997820609,-20.1128274497706,10.8541588041139));
#4595=CARTESIAN_POINT('Ctrl Pts',(31.6914722484642,-17.413270482159,15.9999999999999));
#4596=CARTESIAN_POINT('Ctrl Pts',(32.2186208891117,-17.0087908131338,15.9629875050082));
#4597=CARTESIAN_POINT('Ctrl Pts',(33.6990285656599,-16.7738640366555,15.8889625150248));
#4598=CARTESIAN_POINT('Ctrl Pts',(35.2103141548075,-18.4567275375441,15.7779250300497));
#4599=CARTESIAN_POINT('Ctrl Pts',(34.6134970835496,-20.6361994984973,15.6668875450746));
#4600=CARTESIAN_POINT('Ctrl Pts',(32.4615824282583,-21.3204118518127,15.5558500600995));
#4601=CARTESIAN_POINT('Ctrl Pts',(30.717245705293,-19.8842922155014,15.4448125751244));
#4602=CARTESIAN_POINT('Ctrl Pts',(30.9763134784274,-17.6400814198979,15.3337750901494));
#4603=CARTESIAN_POINT('Ctrl Pts',(33.001126497288,-16.6385742736362,15.2227376051743));
#4604=CARTESIAN_POINT('Ctrl Pts',(34.9418757593695,-17.7949251090704,15.1117001201992));
#4605=CARTESIAN_POINT('Ctrl Pts',(35.0248806211716,-20.0524736315364,15.0006626352241));
#4606=CARTESIAN_POINT('Ctrl Pts',(33.174405456799,-21.3482727920364,14.889625150249));
#4607=CARTESIAN_POINT('Ctrl Pts',(31.0813529360105,-20.4982271692789,14.7785876652739));
#4608=CARTESIAN_POINT('Ctrl Pts',(30.6583773096301,-18.2791050111448,14.6675501802988));
#4609=CARTESIAN_POINT('Ctrl Pts',(32.2919785436293,-16.7187350398212,14.5565126953238));
#4610=CARTESIAN_POINT('Ctrl Pts',(34.4893830516274,-17.2429789984632,14.4454752103487));
#4611=CARTESIAN_POINT('Ctrl Pts',(35.2426047779158,-19.3727842647584,14.3344377253736));
#4612=CARTESIAN_POINT('Ctrl Pts',(33.8633533894595,-21.1619402065581,14.2234002403985));
#4613=CARTESIAN_POINT('Ctrl Pts',(31.6119843807397,-20.9755207801165,14.1123627554234));
#4614=CARTESIAN_POINT('Ctrl Pts',(30.5457933717204,-18.9838755571911,14.0013252704483));
#4615=CARTESIAN_POINT('Ctrl Pts',(31.639062740372,-17.0069648116015,13.8902877854733));
#4616=CARTESIAN_POINT('Ctrl Pts',(33.8927658659721,-16.8512844757769,13.7792503004982));
#4617=CARTESIAN_POINT('Ctrl Pts',(35.2474745958905,-18.659094840939,13.6682128155231));
#4618=CARTESIAN_POINT('Ctrl Pts',(34.4652596155808,-20.7784234604777,13.557175330548));
#4619=CARTESIAN_POINT('Ctrl Pts',(32.2609069420566,-21.2726333114793,13.4461378455729));
#4620=CARTESIAN_POINT('Ctrl Pts',(30.648748365609,-19.6901167089585,13.3351003605978));
#4621=CARTESIAN_POINT('Ctrl Pts',(31.101970229339,-17.4769732368047,13.2240628756228));
#4622=CARTESIAN_POINT('Ctrl Pts',(33.2064195653636,-16.6555676943821,13.1130253906477));
#4623=CARTESIAN_POINT('Ctrl Pts',(35.0390560013978,-17.9764983332215,13.0019879056726));
#4624=CARTESIAN_POINT('Ctrl Pts',(34.9252210918338,-20.2327021712348,12.8909504206975));
#4625=CARTESIAN_POINT('Ctrl Pts',(32.9689368843907,-21.3624659112125,12.7799129357224));
#4626=CARTESIAN_POINT('Ctrl Pts',(30.9578508361557,-20.3334144701709,12.6688754507473));
#4627=CARTESIAN_POINT('Ctrl Pts',(30.7296881929628,-18.0858921845795,12.5578379657723));
#4628=CARTESIAN_POINT('Ctrl Pts',(32.4929433782903,-16.6736795490139,12.4468004807971));
#4629=CARTESIAN_POINT('Ctrl Pts',(34.6363583767603,-17.3872519599334,12.3357629958221));
#4630=CARTESIAN_POINT('Ctrl Pts',(35.2012860503221,-19.574550527479,12.224725510847));
#4631=CARTESIAN_POINT('Ctrl Pts',(33.6714970382297,-21.2368239759867,12.1136880258719));
#4632=CARTESIAN_POINT('Ctrl Pts',(31.4449084120556,-20.8550981279947,12.0026505408968));
#4633=CARTESIAN_POINT('Ctrl Pts',(30.5561714720328,-18.7781789993362,11.8916130559217));
#4634=CARTESIAN_POINT('Ctrl Pts',(31.8174110164816,-16.9039782070434,11.7805755709467));
#4635=CARTESIAN_POINT('Ctrl Pts',(34.0761110584286,-16.9450788016839,11.6695380859716));
#4636=CARTESIAN_POINT('Ctrl Pts',(35.26827440959,-18.864037242356,11.5585006009965));
#4637=CARTESIAN_POINT('Ctrl Pts',(34.3045111403371,-20.9070851336693,11.4474631160214));
#4638=CARTESIAN_POINT('Ctrl Pts',(32.0654938629588,-21.207750791472,11.3364256310463));
#4639=CARTESIAN_POINT('Ctrl Pts',(30.5972544141581,-19.4903623281739,11.2253881460712));
#4640=CARTESIAN_POINT('Ctrl Pts',(31.2414190822299,-17.326122251728,11.1143506610961));
#4641=CARTESIAN_POINT('Ctrl Pts',(33.4094415586406,-16.6889667079993,11.0033131761211));
#4642=CARTESIAN_POINT('Ctrl Pts',(35.1200580066235,-18.1687657019437,10.892275691146));
#4643=CARTESIAN_POINT('Ctrl Pts',(34.9126414045342,-19.6532776864919,10.8182507011626));
#4644=CARTESIAN_POINT('Ctrl Pts',(34.5180128888383,-20.1878408975259,10.7812382061709));
#4645=CARTESIAN_POINT('Ctrl Pts',(34.2131735685061,-19.96280055426,10.9999999999999));
#4646=CARTESIAN_POINT('Ctrl Pts',(34.2551514491665,-19.9181360214341,10.9999999999999));
#4647=CARTESIAN_POINT('Ctrl Pts',(34.2942676847666,-19.8710270525746,10.9999999999999));
#4648=CARTESIAN_POINT('Ctrl Pts',(34.3305312068622,-19.8218072319608,10.9999999999999));
#4649=CARTESIAN_POINT('Ctrl Pts',(34.3500162475006,-19.7953605398181,10.9999999999999));
#4650=CARTESIAN_POINT('Ctrl Pts',(34.3686772359633,-19.7683036178706,10.9999999999999));
#4651=CARTESIAN_POINT('Ctrl Pts',(34.3865121596399,-19.7406832503126,10.9999999999999));
#4652=CARTESIAN_POINT('Ctrl Pts',(34.3962648081844,-19.7255796399833,10.9999999999999));
#4653=CARTESIAN_POINT('Ctrl Pts',(34.4057704016419,-19.7103074914907,10.9999999999999));
#4654=CARTESIAN_POINT('Ctrl Pts',(34.4150282783426,-19.6948740834903,10.9999999999999));
#4655=CARTESIAN_POINT('Ctrl Pts',(34.4226177822812,-19.682221947953,10.9999999999999));
#4656=CARTESIAN_POINT('Ctrl Pts',(34.4300400648482,-19.669462443574,10.9999999999999));
#4657=CARTESIAN_POINT('Ctrl Pts',(34.4372887627127,-19.6566107705667,10.9999999999999));
#4658=CARTESIAN_POINT('Ctrl Pts',(34.4647836545808,-19.6078633449923,10.9999999999999));
#4659=CARTESIAN_POINT('Ctrl Pts',(34.4898078587899,-19.5577502860635,10.9999999999999));
#4660=CARTESIAN_POINT('Ctrl Pts',(34.5123561464034,-19.5065013730277,10.9999999999999));
#4661=CARTESIAN_POINT('Ctrl Pts',(34.524658508465,-19.4785399289375,10.9999999999999));
#4662=CARTESIAN_POINT('Ctrl Pts',(34.5362234970907,-19.4502399337167,10.9999999999999));
#4663=CARTESIAN_POINT('Ctrl Pts',(34.5470476084976,-19.4216360436397,10.9999999999999));
#4664=CARTESIAN_POINT('Ctrl Pts',(34.5545534465933,-19.4018010512088,10.9999999999999));
#4665=CARTESIAN_POINT('Ctrl Pts',(34.5617029907809,-19.3818198918031,10.9999999999999));
#4666=CARTESIAN_POINT('Ctrl Pts',(34.5684944979975,-19.3617036953118,10.9999999999999));
#4667=CARTESIAN_POINT('Ctrl Pts',(34.5727311985293,-19.3491547429724,10.9999999999999));
#4668=CARTESIAN_POINT('Ctrl Pts',(34.5768257281874,-19.3365615288783,10.9999999999999));
#4669=CARTESIAN_POINT('Ctrl Pts',(34.5807770970241,-19.3239304455634,10.9999999999999));
#4670=CARTESIAN_POINT('Ctrl Pts',(34.6005043256119,-19.2608696992333,10.9999999999999));
#4671=CARTESIAN_POINT('Ctrl Pts',(34.6166753607896,-19.1968411510777,10.9999999999999));
#4672=CARTESIAN_POINT('Ctrl Pts',(34.6292859381131,-19.132200008345,10.9999999999999));
#4673=CARTESIAN_POINT('Ctrl Pts',(34.6421145361262,-19.0664413032547,10.9999999999999));
#4674=CARTESIAN_POINT('Ctrl Pts',(34.6512590146491,-19.0000477242179,10.9999999999999));
#4675=CARTESIAN_POINT('Ctrl Pts',(34.6566718135582,-18.9333616139465,10.9999999999999));
#4676=CARTESIAN_POINT('Ctrl Pts',(34.6605812388661,-18.885197185235,10.9999999999999));
#4677=CARTESIAN_POINT('Ctrl Pts',(34.6625431397848,-18.8368794377164,10.9999999999999));
#4678=CARTESIAN_POINT('Ctrl Pts',(34.6625236940779,-18.7885316378365,10.9999999999999));
#4679=CARTESIAN_POINT('Ctrl Pts',(34.6625132465212,-18.7625559104042,10.9999999999999));
#4680=CARTESIAN_POINT('Ctrl Pts',(34.6619306315918,-18.7365714508266,10.9999999999999));
#4681=CARTESIAN_POINT('Ctrl Pts',(34.6607688689023,-18.7105971724237,10.9999999999999));
#4682=CARTESIAN_POINT('Ctrl Pts',(34.6602090936746,-18.6980819163056,10.9999999999999));
#4683=CARTESIAN_POINT('Ctrl Pts',(34.6595146375749,-18.6855674747881,10.9999999999999));
#4684=CARTESIAN_POINT('Ctrl Pts',(34.6586861771165,-18.6730748730463,10.9999999999999));
#4685=CARTESIAN_POINT('Ctrl Pts',(34.6541200072068,-18.6042202384215,10.9999999999999));
#4686=CARTESIAN_POINT('Ctrl Pts',(34.6454825324467,-18.5359036147278,10.9999999999999));
#4687=CARTESIAN_POINT('Ctrl Pts',(34.6327412864742,-18.4684858713191,10.9999999999999));
#4688=CARTESIAN_POINT('Ctrl Pts',(34.6258023960489,-18.4317701266234,10.9999999999999));
#4689=CARTESIAN_POINT('Ctrl Pts',(34.6176455508011,-18.3953205733346,10.9999999999999));
#4690=CARTESIAN_POINT('Ctrl Pts',(34.6082592627797,-18.3591936624029,10.9999999999999));
#4691=CARTESIAN_POINT('Ctrl Pts',(34.5915728160217,-18.2949691495371,10.9999999999999));
#4692=CARTESIAN_POINT('Ctrl Pts',(34.5710040538602,-18.2317638111457,10.9999999999999));
#4693=CARTESIAN_POINT('Ctrl Pts',(34.5468207311091,-18.1697687696246,10.9999999999999));
#4694=CARTESIAN_POINT('Ctrl Pts',(34.5343864242054,-18.1378928615571,10.9999999999999));
#4695=CARTESIAN_POINT('Ctrl Pts',(34.5209956764359,-18.1063369809721,10.9999999999999));
#4696=CARTESIAN_POINT('Ctrl Pts',(34.5066797535345,-18.0751280178154,10.9999999999999));
#4697=CARTESIAN_POINT('Ctrl Pts',(34.49958924494,-18.0596705846476,10.9999999999999));
#4698=CARTESIAN_POINT('Ctrl Pts',(34.4922717301336,-18.0442982675668,10.9999999999999));
#4699=CARTESIAN_POINT('Ctrl Pts',(34.4847307175394,-18.029014429648,10.9999999999999));
#4700=CARTESIAN_POINT('Ctrl Pts',(34.4798011701308,-18.019023410184,10.9999999999999));
#4701=CARTESIAN_POINT('Ctrl Pts',(34.4747780270743,-18.0090741892423,10.9999999999999));
#4702=CARTESIAN_POINT('Ctrl Pts',(34.4696662574506,-17.9991746846511,10.9999999999999));
#4703=CARTESIAN_POINT('Ctrl Pts',(34.4379788467637,-17.9378085256361,10.9999999999999));
#4704=CARTESIAN_POINT('Ctrl Pts',(34.4028498939107,-17.8782703090358,10.9999999999999));
#4705=CARTESIAN_POINT('Ctrl Pts',(34.3646007111838,-17.8207578247647,10.9999999999999));
#4706=CARTESIAN_POINT('Ctrl Pts',(34.3254761262917,-17.7619290626109,10.9999999999999));
#4707=CARTESIAN_POINT('Ctrl Pts',(34.2830864813319,-17.7052189992808,10.9999999999999));
#4708=CARTESIAN_POINT('Ctrl Pts',(34.2377208033299,-17.6508483172832,10.9999999999999));
#4709=CARTESIAN_POINT('Ctrl Pts',(34.1919300908383,-17.5959682322282,10.9999999999999));
#4710=CARTESIAN_POINT('Ctrl Pts',(34.1431067653223,-17.5434706708267,10.9999999999999));
#4711=CARTESIAN_POINT('Ctrl Pts',(34.0915000189454,-17.4936046987253,10.9999999999999));
#4712=CARTESIAN_POINT('Ctrl Pts',(34.078825395092,-17.4813576092682,10.9999999999999));
#4713=CARTESIAN_POINT('Ctrl Pts',(34.0659826745605,-17.4692693961208,10.9999999999999));
#4714=CARTESIAN_POINT('Ctrl Pts',(34.0529751723076,-17.4573440490254,10.9999999999999));
#4715=CARTESIAN_POINT('Ctrl Pts',(34.0423344983269,-17.4475886226506,10.9999999999999));
#4716=CARTESIAN_POINT('Ctrl Pts',(34.031581633791,-17.4379406570397,10.9999999999999));
#4717=CARTESIAN_POINT('Ctrl Pts',(34.0207361913226,-17.4284176315138,10.9999999999999));
#4718=CARTESIAN_POINT('Ctrl Pts',(33.9653616461238,-17.3797950687229,10.9999999999999));
#4719=CARTESIAN_POINT('Ctrl Pts',(33.9074840101448,-17.334340015288,10.9999999999999));
#4720=CARTESIAN_POINT('Ctrl Pts',(33.8474181834316,-17.292280195371,10.9999999999999));
#4721=CARTESIAN_POINT('Ctrl Pts',(33.787133174911,-17.2500668980468,10.9999999999999));
#4722=CARTESIAN_POINT('Ctrl Pts',(33.7246433046012,-17.2112727553371,10.9999999999999));
#4723=CARTESIAN_POINT('Ctrl Pts',(33.6602219571817,-17.17615481503,10.9999999999999));
#4724=CARTESIAN_POINT('Ctrl Pts',(33.5971577401183,-17.1417766857442,10.9999999999999));
#4725=CARTESIAN_POINT('Ctrl Pts',(33.5322417882962,-17.1109207806534,10.9999999999999));
#4726=CARTESIAN_POINT('Ctrl Pts',(33.4656985439708,-17.0838656887884,10.9999999999999));
#4727=CARTESIAN_POINT('Ctrl Pts',(33.4409746369863,-17.0738134651328,10.9999999999999));
#4728=CARTESIAN_POINT('Ctrl Pts',(33.4160258230913,-17.0642863629806,10.9999999999999));
#4729=CARTESIAN_POINT('Ctrl Pts',(33.3908627801649,-17.0553003379946,10.9999999999999));
#4730=CARTESIAN_POINT('Ctrl Pts',(34.4777161186263,-18.5802183568935,15.9999999999999));
#4731=CARTESIAN_POINT('Ctrl Pts',(34.4689735957857,-18.5205946877718,15.9999999999999));
#4732=CARTESIAN_POINT('Ctrl Pts',(34.4566287364918,-18.4616560698529,15.9999999999999));
#4733=CARTESIAN_POINT('Ctrl Pts',(34.4409639069352,-18.403610661435,15.9999999999999));
#4734=CARTESIAN_POINT('Ctrl Pts',(34.4245924754095,-18.3429469672749,15.9999999999999));
#4735=CARTESIAN_POINT('Ctrl Pts',(34.40459483787,-18.2832581681198,15.9999999999999));
#4736=CARTESIAN_POINT('Ctrl Pts',(34.3812365530262,-18.2247730514816,15.9999999999999));
#4737=CARTESIAN_POINT('Ctrl Pts',(34.3612379640713,-18.1747000339014,15.9999999999999));
#4738=CARTESIAN_POINT('Ctrl Pts',(34.3387748506663,-18.1255088901614,15.9999999999999));
#4739=CARTESIAN_POINT('Ctrl Pts',(34.3139834730435,-18.0773448629139,15.9999999999999));
#4740=CARTESIAN_POINT('Ctrl Pts',(34.3023978361947,-18.0548365966387,15.9999999999999));
#4741=CARTESIAN_POINT('Ctrl Pts',(34.290303344083,-18.032552707598,15.9999999999999));
#4742=CARTESIAN_POINT('Ctrl Pts',(34.2777119996107,-18.0105085302621,15.9999999999999));
#4743=CARTESIAN_POINT('Ctrl Pts',(34.2718242232795,-18.0002005614949,15.9999999999999));
#4744=CARTESIAN_POINT('Ctrl Pts',(34.2658269868527,-17.9899436706714,15.9999999999999));
#4745=CARTESIAN_POINT('Ctrl Pts',(34.259723942467,-17.9797436496134,15.9999999999999));
#4746=CARTESIAN_POINT('Ctrl Pts',(34.226078492718,-17.9235119930403,15.9999999999999));
#4747=CARTESIAN_POINT('Ctrl Pts',(34.1893626365306,-17.8692424133889,15.9999999999999));
#4748=CARTESIAN_POINT('Ctrl Pts',(34.1498604821665,-17.8171704235202,15.9999999999999));
#4749=CARTESIAN_POINT('Ctrl Pts',(34.1079756352514,-17.7619575532521,15.9999999999999));
#4750=CARTESIAN_POINT('Ctrl Pts',(34.0629582006713,-17.709214205153,15.9999999999999));
#4751=CARTESIAN_POINT('Ctrl Pts',(34.015086237579,-17.6592312566421,15.9999999999999));
#4752=CARTESIAN_POINT('Ctrl Pts',(33.9791822652597,-17.621744045259,15.9999999999999));
#4753=CARTESIAN_POINT('Ctrl Pts',(33.9416712731518,-17.5858096499539,15.9999999999999));
#4754=CARTESIAN_POINT('Ctrl Pts',(33.9026508573199,-17.5515606000086,15.9999999999999));
#4755=CARTESIAN_POINT('Ctrl Pts',(33.8811914348127,-17.5327252078792,15.9999999999999));
#4756=CARTESIAN_POINT('Ctrl Pts',(33.8592752094179,-17.5143997270391,15.9999999999999));
#4757=CARTESIAN_POINT('Ctrl Pts',(33.8369165370123,-17.4966078273943,15.9999999999999));
#4758=CARTESIAN_POINT('Ctrl Pts',(33.8244428819227,-17.4866819241236,15.9999999999999));
#4759=CARTESIAN_POINT('Ctrl Pts',(33.8118270260323,-17.4769189291375,15.9999999999999));
#4760=CARTESIAN_POINT('Ctrl Pts',(33.7990971649037,-17.4673420688379,15.9999999999999));
#4761=CARTESIAN_POINT('Ctrl Pts',(33.7439572427863,-17.4258595007471,15.9999999999999));
#4762=CARTESIAN_POINT('Ctrl Pts',(33.6866084942354,-17.3878054376624,15.9999999999999));
#4763=CARTESIAN_POINT('Ctrl Pts',(33.6273185467727,-17.3534468989535,15.9999999999999));
#4764=CARTESIAN_POINT('Ctrl Pts',(33.5909917042809,-17.3323954850572,15.9999999999999));
#4765=CARTESIAN_POINT('Ctrl Pts',(33.5539351599191,-17.3127317206416,15.9999999999999));
#4766=CARTESIAN_POINT('Ctrl Pts',(33.5162023669903,-17.2945223035535,15.9999999999999));
#4767=CARTESIAN_POINT('Ctrl Pts',(33.4564687784233,-17.2656955524981,15.9999999999999));
#4768=CARTESIAN_POINT('Ctrl Pts',(33.3950418045642,-17.240510959262,15.9999999999999));
#4769=CARTESIAN_POINT('Ctrl Pts',(33.3322266891206,-17.218889045347,15.9999999999999));
#4770=CARTESIAN_POINT('Ctrl Pts',(33.2988831935118,-17.2074117092537,15.9999999999999));
#4771=CARTESIAN_POINT('Ctrl Pts',(33.2651480438387,-17.1969389647609,15.9999999999999));
#4772=CARTESIAN_POINT('Ctrl Pts',(33.2310640878943,-17.1874640191934,15.9999999999999));
#4773=CARTESIAN_POINT('Ctrl Pts',(33.2197804500127,-17.1843272983589,15.9999999999999));
#4774=CARTESIAN_POINT('Ctrl Pts',(33.2084585716343,-17.1812999623651,15.9999999999999));
#4775=CARTESIAN_POINT('Ctrl Pts',(33.1970999739709,-17.1783818518048,15.9999999999999));
#4776=CARTESIAN_POINT('Ctrl Pts',(33.1862651941504,-17.1755983140521,15.9999999999999));
#4777=CARTESIAN_POINT('Ctrl Pts',(33.1754065901977,-17.1729166249751,15.9999999999999));
#4778=CARTESIAN_POINT('Ctrl Pts',(33.1645260090388,-17.1703362367172,15.9999999999999));
#4779=CARTESIAN_POINT('Ctrl Pts',(33.0975795180653,-17.154459516835,15.9999999999999));
#4780=CARTESIAN_POINT('Ctrl Pts',(33.0298003169799,-17.1424133306568,15.9999999999999));
#4781=CARTESIAN_POINT('Ctrl Pts',(32.9615337545459,-17.1340791178786,15.9999999999999));
#4782=CARTESIAN_POINT('Ctrl Pts',(32.8918278246463,-17.1255691822532,15.9999999999999));
#4783=CARTESIAN_POINT('Ctrl Pts',(32.8216129185573,-17.1209291662605,15.9999999999999));
#4784=CARTESIAN_POINT('Ctrl Pts',(32.7512286323721,-17.120080797472,15.9999999999999));
#4785=CARTESIAN_POINT('Ctrl Pts',(32.6978056872422,-17.1194368702306,15.9999999999999));
#4786=CARTESIAN_POINT('Ctrl Pts',(32.6442844702564,-17.120978319449,15.9999999999999));
#4787=CARTESIAN_POINT('Ctrl Pts',(32.5908077998689,-17.1246899428946,15.9999999999999));
#4788=CARTESIAN_POINT('Ctrl Pts',(32.5530210014312,-17.1273125887324,15.9999999999999));
#4789=CARTESIAN_POINT('Ctrl Pts',(32.5152563423528,-17.131019119177,15.9999999999999));
#4790=CARTESIAN_POINT('Ctrl Pts',(32.4775638888508,-17.1358092057281,15.9999999999999));
#4791=CARTESIAN_POINT('Ctrl Pts',(32.4642096873079,-17.1375063035625,15.9999999999999));
#4792=CARTESIAN_POINT('Ctrl Pts',(32.4508727037253,-17.1393384469466,15.9999999999999));
#4793=CARTESIAN_POINT('Ctrl Pts',(32.4375595780039,-17.1413045021324,15.9999999999999));
#4794=CARTESIAN_POINT('Ctrl Pts',(32.3715268428089,-17.151056081452,15.9999999999999));
#4795=CARTESIAN_POINT('Ctrl Pts',(32.3060473759616,-17.1641035428462,15.9999999999999));
#4796=CARTESIAN_POINT('Ctrl Pts',(32.2413956175143,-17.1803968976942,15.9999999999999));
#4797=CARTESIAN_POINT('Ctrl Pts',(32.1850015654827,-17.19460916853,15.9999999999999));
#4798=CARTESIAN_POINT('Ctrl Pts',(32.1292368210714,-17.2112916411374,15.9999999999999));
#4799=CARTESIAN_POINT('Ctrl Pts',(32.0742822499374,-17.2304334844464,15.9999999999999));
#4800=CARTESIAN_POINT('Ctrl Pts',(32.0583550117879,-17.2359812794835,15.9999999999999));
#4801=CARTESIAN_POINT('Ctrl Pts',(32.0425047608272,-17.2417327181773,15.9999999999999));
#4802=CARTESIAN_POINT('Ctrl Pts',(32.0267388859967,-17.2476858783466,15.9999999999999));
#4803=CARTESIAN_POINT('Ctrl Pts',(31.9576769675561,-17.2737635090833,15.9999999999999));
#4804=CARTESIAN_POINT('Ctrl Pts',(31.8902146803046,-17.3037145228239,15.9999999999999));
#4805=CARTESIAN_POINT('Ctrl Pts',(31.8247131984529,-17.3374988287211,15.9999999999999));
#4806=CARTESIAN_POINT('Ctrl Pts',(31.7793167662242,-17.3609133669835,15.9999999999999));
#4807=CARTESIAN_POINT('Ctrl Pts',(31.7348620635226,-17.3861702138104,15.9999999999999));
#4808=CARTESIAN_POINT('Ctrl Pts',(31.6914722484642,-17.413270482159,15.9999999999999));
#4809=CARTESIAN_POINT('Ctrl Pts',(-34.2691391777425,-19.785296729167,16.6999824493418));
#4810=CARTESIAN_POINT('Ctrl Pts',(-34.3996726399244,-19.5592061405801,16.6814639308232));
#4811=CARTESIAN_POINT('Ctrl Pts',(-34.5437363824244,-19.0420977910392,16.6444268937862));
#4812=CARTESIAN_POINT('Ctrl Pts',(-34.3115253138054,-17.9865541468224,16.5703528197121));
#4813=CARTESIAN_POINT('Ctrl Pts',(-33.0965099525047,-17.1529772399611,16.4777602271195));
#4814=CARTESIAN_POINT('Ctrl Pts',(-31.4563594118715,-17.8426545408139,16.3666491160084));
#4815=CARTESIAN_POINT('Ctrl Pts',(-31.150052971628,-19.5911871594007,16.2555380048973));
#4816=CARTESIAN_POINT('Ctrl Pts',(-32.4505884031406,-20.7988414884046,16.1444268937862));
#4817=CARTESIAN_POINT('Ctrl Pts',(-34.1716983936823,-20.3607207936256,16.0333157826751));
#4818=CARTESIAN_POINT('Ctrl Pts',(-34.736921409095,-18.6776672226602,15.922204671564));
#4819=CARTESIAN_POINT('Ctrl Pts',(-33.6300364011164,-17.2895179448287,15.8110935604529));
#4820=CARTESIAN_POINT('Ctrl Pts',(-31.8632862147125,-17.4663016677944,15.6999824493418));
#4821=CARTESIAN_POINT('Ctrl Pts',(-31.0533118987787,-19.0462773610884,15.5888713382306));
#4822=CARTESIAN_POINT('Ctrl Pts',(-31.9410505334309,-20.5839135981065,15.4777602271195));
#4823=CARTESIAN_POINT('Ctrl Pts',(-33.7143608576778,-20.6724154251119,15.3666491160084));
#4824=CARTESIAN_POINT('Ctrl Pts',(-34.7507991740139,-19.2308118948285,15.2555380048973));
#4825=CARTESIAN_POINT('Ctrl Pts',(-34.1021347913587,-17.5780368313149,15.1444268937862));
#4826=CARTESIAN_POINT('Ctrl Pts',(-32.3618283390182,-17.226226499115,15.0333157826751));
#4827=CARTESIAN_POINT('Ctrl Pts',(-31.122102838435,-18.4972547954849,14.922204671564));
#4828=CARTESIAN_POINT('Ctrl Pts',(-31.5171905848152,-20.228248436867,14.8110935604529));
#4829=CARTESIAN_POINT('Ctrl Pts',(-33.1856237646057,-20.8355084051792,14.6999824493417));
#4830=CARTESIAN_POINT('Ctrl Pts',(-34.6009399340275,-19.7634480183719,14.5888713382306));
#4831=CARTESIAN_POINT('Ctrl Pts',(-34.4682559852116,-17.9929033347719,14.4777602271195));
#4832=CARTESIAN_POINT('Ctrl Pts',(-32.9089653383745,-17.1437589155353,14.3666491160084));
#4833=CARTESIAN_POINT('Ctrl Pts',(-31.349674715959,-17.9929033347808,14.2555380048973));
#4834=CARTESIAN_POINT('Ctrl Pts',(-31.2169907306459,-19.7634480183499,14.1444268937862));
#4835=CARTESIAN_POINT('Ctrl Pts',(-32.632306966687,-20.8355084052253,14.0333157826751));
#4836=CARTESIAN_POINT('Ctrl Pts',(-34.3007400167954,-20.228248436774,13.922204671564));
#4837=CARTESIAN_POINT('Ctrl Pts',(-34.6958280200433,-18.4972547956707,13.8110935604529));
#4838=CARTESIAN_POINT('Ctrl Pts',(-33.4561020083955,-17.2262264987446,13.6999824493418));
#4839=CARTESIAN_POINT('Ctrl Pts',(-31.7157965740188,-17.5780368320533,13.5888713382306));
#4840=CARTESIAN_POINT('Ctrl Pts',(-31.0671301631553,-19.2308118933571,13.4777602271195));
#4841=CARTESIAN_POINT('Ctrl Pts',(-32.1035725208175,-20.6724154280438,13.3666491160084));
#4842=CARTESIAN_POINT('Ctrl Pts',(-33.876874792336,-20.5839135922642,13.2555380048973));
#4843=CARTESIAN_POINT('Ctrl Pts',(-34.7646294728919,-19.0462773727296,13.1444268937862));
#4844=CARTESIAN_POINT('Ctrl Pts',(-33.9546231837787,-17.4663016445979,13.0333157826751));
#4845=CARTESIAN_POINT('Ctrl Pts',(-32.1879367073848,-17.2895179910509,12.922204671564));
#4846=CARTESIAN_POINT('Ctrl Pts',(-31.0809247501739,-18.6776671305491,12.8110935604529));
#4847=CARTESIAN_POINT('Ctrl Pts',(-31.6464007279227,-20.3607209772747,12.6999824493418));
#4848=CARTESIAN_POINT('Ctrl Pts',(-33.3670066340302,-20.79884112108,12.5888713382306));
#4849=CARTESIAN_POINT('Ctrl Pts',(-34.6685468879178,-19.5911879087068,12.4777602271195));
#4850=CARTESIAN_POINT('Ctrl Pts',(-34.3602333435393,-17.8426528060217,12.3666491160084));
#4851=CARTESIAN_POINT('Ctrl Pts',(-32.7241428566609,-17.1529826119093,12.2555380048973));
#4852=CARTESIAN_POINT('Ctrl Pts',(-31.257149847449,-18.1531637969057,12.1444268937862));
#4853=CARTESIAN_POINT('Ctrl Pts',(-31.3014111872086,-19.9281190233545,12.0333157826751));
#4854=CARTESIAN_POINT('Ctrl Pts',(-32.8164437903238,-20.8539366571044,11.922204671564));
#4855=CARTESIAN_POINT('Ctrl Pts',(-34.4161092060494,-20.0835629565043,11.8110935604529));
#4856=CARTESIAN_POINT('Ctrl Pts',(-34.6369090193104,-18.3218509975461,11.6999824493418));
#4857=CARTESIAN_POINT('Ctrl Pts',(-33.2767373278591,-17.180539613375,11.5888713382306));
#4858=CARTESIAN_POINT('Ctrl Pts',(-31.5802136837692,-17.7039518442938,11.4777602271195));
#4859=CARTESIAN_POINT('Ctrl Pts',(-31.0991250199186,-19.4129574257377,11.3666491160084));
#4860=CARTESIAN_POINT('Ctrl Pts',(-32.2743706537449,-20.7444855114002,11.2555380048973));
#4861=CARTESIAN_POINT('Ctrl Pts',(-34.0292193613678,-20.4792923736,11.1444268937862));
#4862=CARTESIAN_POINT('Ctrl Pts',(-34.7611205998443,-18.8620383642641,11.0333157826751));
#4863=CARTESIAN_POINT('Ctrl Pts',(-33.7944736846194,-17.3682705387514,10.922204671564));
#4864=CARTESIAN_POINT('Ctrl Pts',(-32.3210102901495,-17.3725615766985,10.8296120789714));
#4865=CARTESIAN_POINT('Ctrl Pts',(-31.5345395944823,-18.1138835108757,10.7555380048973));
#4866=CARTESIAN_POINT('Ctrl Pts',(-31.3622731390203,-18.6222924755789,10.7185009678603));
#4867=CARTESIAN_POINT('Ctrl Pts',(-31.3427635833303,-18.8826294038729,10.6999824493418));
#4868=CARTESIAN_POINT('Ctrl Pts',(-34.2691391777425,-19.785296729167,16.6848728846745));
#4869=CARTESIAN_POINT('Ctrl Pts',(-34.39967168627,-19.5592077923579,16.666354366156));
#4870=CARTESIAN_POINT('Ctrl Pts',(-34.5437361397534,-19.0420971424691,16.6293173291189));
#4871=CARTESIAN_POINT('Ctrl Pts',(-34.3115249950127,-17.9865569646474,16.5552432550449));
#4872=CARTESIAN_POINT('Ctrl Pts',(-33.0965097493226,-17.1529767435175,16.4626506624523));
#4873=CARTESIAN_POINT('Ctrl Pts',(-31.4563600775054,-17.8426556405024,16.3515395513412));
#4874=CARTESIAN_POINT('Ctrl Pts',(-31.1500536739274,-19.5911866046728,16.24042844023));
#4875=CARTESIAN_POINT('Ctrl Pts',(-32.4505886092103,-20.7988408939414,16.1293173291189));
#4876=CARTESIAN_POINT('Ctrl Pts',(-34.171697860172,-20.3607201492802,16.0182062180078));
#4877=CARTESIAN_POINT('Ctrl Pts',(-34.7369206516107,-18.6776673958656,15.9070951068967));
#4878=CARTESIAN_POINT('Ctrl Pts',(-33.6300360988897,-17.289518637654,15.7959839957856));
#4879=CARTESIAN_POINT('Ctrl Pts',(-31.8632866511766,-17.4663023163584,15.6848728846745));
#4880=CARTESIAN_POINT('Ctrl Pts',(-31.0533126711346,-19.0462773368904,15.5737617735634));
#4881=CARTESIAN_POINT('Ctrl Pts',(-31.9410509367882,-20.5839129409128,15.4626506624523));
#4882=CARTESIAN_POINT('Ctrl Pts',(-33.7143605221268,-20.6724147273476,15.3515395513412));
#4883=CARTESIAN_POINT('Ctrl Pts',(-34.7507984069918,-19.2308117993229,15.24042844023));
#4884=CARTESIAN_POINT('Ctrl Pts',(-34.1021342943994,-17.5780374232188,15.1293173291189));
#4885=CARTESIAN_POINT('Ctrl Pts',(-32.361828566904,-17.2262272380092,15.0182062180078));
#4886=CARTESIAN_POINT('Ctrl Pts',(-31.122103582616,-18.4972550047885,14.9070951068967));
#4887=CARTESIAN_POINT('Ctrl Pts',(-31.5171911644625,-20.2282479253682,14.7959839957856));
#4888=CARTESIAN_POINT('Ctrl Pts',(-33.1856236493816,-20.8355076407107,14.6848728846745));
#4889=CARTESIAN_POINT('Ctrl Pts',(-34.6009392293585,-19.7634477004226,14.5737617735634));
#4890=CARTESIAN_POINT('Ctrl Pts',(-34.468255335801,-17.9929037542004,14.4626506624523));
#4891=CARTESIAN_POINT('Ctrl Pts',(-32.9089653383747,-17.1437596886212,14.3515395513411));
#4892=CARTESIAN_POINT('Ctrl Pts',(-31.3496753653689,-17.992903754213,14.2404284402301));
#4893=CARTESIAN_POINT('Ctrl Pts',(-31.2169914353159,-19.7634477003913,14.1293173291189));
#4894=CARTESIAN_POINT('Ctrl Pts',(-32.632307081909,-20.8355076407763,14.0182062180078));
#4895=CARTESIAN_POINT('Ctrl Pts',(-34.3007394371521,-20.2282479252359,13.9070951068967));
#4896=CARTESIAN_POINT('Ctrl Pts',(-34.6958272758545,-18.4972550050529,13.7959839957856));
#4897=CARTESIAN_POINT('Ctrl Pts',(-33.4561017805251,-17.2262272374821,13.6848728846745));
#4898=CARTESIAN_POINT('Ctrl Pts',(-31.7157970709473,-17.5780374242695,13.5737617735634));
#4899=CARTESIAN_POINT('Ctrl Pts',(-31.0671309302388,-19.2308117972292,13.4626506624523));
#4900=CARTESIAN_POINT('Ctrl Pts',(-32.103572856246,-20.6724147315196,13.3515395513412));
#4901=CARTESIAN_POINT('Ctrl Pts',(-33.8768743892228,-20.5839129325997,13.24042844023));
#4902=CARTESIAN_POINT('Ctrl Pts',(-34.7646287000496,-19.0462773534552,13.1293173291189));
#4903=CARTESIAN_POINT('Ctrl Pts',(-33.9546227482837,-17.4663022833512,13.0182062180078));
#4904=CARTESIAN_POINT('Ctrl Pts',(-32.1879370076805,-17.289518703425,12.9070951068967));
#4905=CARTESIAN_POINT('Ctrl Pts',(-31.080925511506,-18.6776672648013,12.7959839957856));
#4906=CARTESIAN_POINT('Ctrl Pts',(-31.6464012537657,-20.3607204105492,12.6848728846745));
#4907=CARTESIAN_POINT('Ctrl Pts',(-33.3670064432407,-20.7988403719329,12.5737617735634));
#4908=CARTESIAN_POINT('Ctrl Pts',(-34.6685461551417,-19.5911876624295,12.4626506624523));
#4909=CARTESIAN_POINT('Ctrl Pts',(-34.3602327390172,-17.8426532881521,12.3515395513412));
#4910=CARTESIAN_POINT('Ctrl Pts',(-32.7241429338366,-17.1529833809104,12.24042844023));
#4911=CARTESIAN_POINT('Ctrl Pts',(-31.2571505349926,-18.1531641500742,12.1293173291189));
#4912=CARTESIAN_POINT('Ctrl Pts',(-31.3014118575185,-19.9281186358572,12.0182062180078));
#4913=CARTESIAN_POINT('Ctrl Pts',(-32.8164438272647,-20.8539358868862,11.9070951068967));
#4914=CARTESIAN_POINT('Ctrl Pts',(-34.4161085815302,-20.0835625014274,11.7959839957856));
#4915=CARTESIAN_POINT('Ctrl Pts',(-34.6369082933377,-18.3218512875459,11.6848728846745));
#4916=CARTESIAN_POINT('Ctrl Pts',(-33.2767371872882,-17.1805403560644,11.5737617735634));
#4917=CARTESIAN_POINT('Ctrl Pts',(-31.580214212062,-17.703952414109,11.4626506624523));
#4918=CARTESIAN_POINT('Ctrl Pts',(-31.0991258236982,-19.4129571938915,11.3515395513411));
#4919=CARTESIAN_POINT('Ctrl Pts',(-32.2743708183552,-20.7444849041484,11.24042844023));
#4920=CARTESIAN_POINT('Ctrl Pts',(-34.0292190935901,-20.4792915196429,11.1293173291189));
#4921=CARTESIAN_POINT('Ctrl Pts',(-34.7611194303952,-18.8620388979045,11.0182062180078));
#4922=CARTESIAN_POINT('Ctrl Pts',(-33.794474132153,-17.368270243027,10.9070951068967));
#4923=CARTESIAN_POINT('Ctrl Pts',(-32.3210089662111,-17.372564084477,10.8145025143041));
#4924=CARTESIAN_POINT('Ctrl Pts',(-31.534540160339,-18.1138831117034,10.74042844023));
#4925=CARTESIAN_POINT('Ctrl Pts',(-31.3622729964869,-18.6222943775544,10.703391403193));
#4926=CARTESIAN_POINT('Ctrl Pts',(-31.3427635833303,-18.8826294038729,10.6848728846745));
#4927=CARTESIAN_POINT('Ctrl Pts',(-34.2760917685339,-19.789310809332,16.6496017523483));
#4928=CARTESIAN_POINT('Ctrl Pts',(-34.4072936688548,-19.5620624519266,16.6310832338298));
#4929=CARTESIAN_POINT('Ctrl Pts',(-34.5520928973896,-19.0423137989869,16.5940461967927));
#4930=CARTESIAN_POINT('Ctrl Pts',(-34.318694967881,-17.981370295599,16.5199721227187));
#4931=CARTESIAN_POINT('Ctrl Pts',(-33.0974688532316,-17.1435367286906,16.4273795301261));
#4932=CARTESIAN_POINT('Ctrl Pts',(-31.4489335053619,-17.8367373208211,16.316268419015));
#4933=CARTESIAN_POINT('Ctrl Pts',(-31.1410613191972,-19.5942097436759,16.2051573079039));
#4934=CARTESIAN_POINT('Ctrl Pts',(-32.448245126891,-20.8080371034747,16.0940461967927));
#4935=CARTESIAN_POINT('Ctrl Pts',(-34.1781535885762,-20.367676998027,15.9829350856817));
#4936=CARTESIAN_POINT('Ctrl Pts',(-34.7462660515627,-18.6760193840877,15.8718239745705));
#4937=CARTESIAN_POINT('Ctrl Pts',(-33.6337225724057,-17.2807738582041,15.7607128634594));
#4938=CARTESIAN_POINT('Ctrl Pts',(-31.8579406240373,-17.4584612754351,15.6496017523483));
#4939=CARTESIAN_POINT('Ctrl Pts',(-31.043825661012,-19.0465139406492,15.5384906412372));
#4940=CARTESIAN_POINT('Ctrl Pts',(-31.9361024806481,-20.5920106790477,15.4273795301261));
#4941=CARTESIAN_POINT('Ctrl Pts',(-33.7184780995803,-20.6809649386837,15.316268419015));
#4942=CARTESIAN_POINT('Ctrl Pts',(-34.7602147654173,-19.2319918216058,15.2051573079039));
#4943=CARTESIAN_POINT('Ctrl Pts',(-34.1082343623259,-17.5707676502698,15.0940461967927));
#4944=CARTESIAN_POINT('Ctrl Pts',(-32.3590313339504,-17.217158836899,14.9829350856816));
#4945=CARTESIAN_POINT('Ctrl Pts',(-31.1129682644636,-18.4946847247201,14.8718239745705));
#4946=CARTESIAN_POINT('Ctrl Pts',(-31.5100757287635,-20.2345273341467,14.7607128634594));
#4947=CARTESIAN_POINT('Ctrl Pts',(-33.1870380630249,-20.8448916606422,14.6496017523483));
#4948=CARTESIAN_POINT('Ctrl Pts',(-34.6095894339302,-19.7673508213917,14.5384906412372));
#4949=CARTESIAN_POINT('Ctrl Pts',(-34.4762271949047,-17.9877549817477,14.4273795301261));
#4950=CARTESIAN_POINT('Ctrl Pts',(-32.9089653383464,-17.1342696730963,14.316268419015));
#4951=CARTESIAN_POINT('Ctrl Pts',(-31.3417035063359,-17.9877549817518,14.2051573079039));
#4952=CARTESIAN_POINT('Ctrl Pts',(-31.2083412306245,-19.7673508213815,14.0940461967927));
#4953=CARTESIAN_POINT('Ctrl Pts',(-32.6308926684935,-20.8448916606637,13.9829350856816));
#4954=CARTESIAN_POINT('Ctrl Pts',(-34.3078548724025,-20.2345273341032,13.8718239745705));
#4955=CARTESIAN_POINT('Ctrl Pts',(-34.7049625948979,-18.4946847248071,13.7607128634594));
#4956=CARTESIAN_POINT('Ctrl Pts',(-33.4588990117046,-17.2171588367255,13.6496017523483));
#4957=CARTESIAN_POINT('Ctrl Pts',(-31.7096970065552,-17.5707676506156,13.5384906412372));
#4958=CARTESIAN_POINT('Ctrl Pts',(-31.057714564771,-19.2319918209167,13.4273795301261));
#4959=CARTESIAN_POINT('Ctrl Pts',(-32.0994552928249,-20.6809649400568,13.316268419015));
#4960=CARTESIAN_POINT('Ctrl Pts',(-33.8818228174017,-20.5920106763116,13.2051573079039));
#4961=CARTESIAN_POINT('Ctrl Pts',(-34.7741157658879,-19.046513946101,13.0940461967927));
#4962=CARTESIAN_POINT('Ctrl Pts',(-33.9599686644036,-17.4584612645717,12.9829350856816));
#4963=CARTESIAN_POINT('Ctrl Pts',(-32.1842507553827,-17.2807738798512,12.8718239745705));
#4964=CARTESIAN_POINT('Ctrl Pts',(-31.0715796707521,-18.6760193409452,12.7607128634594));
#4965=CARTESIAN_POINT('Ctrl Pts',(-31.6399464037181,-20.3676770840998,12.6496017523483));
#4966=CARTESIAN_POINT('Ctrl Pts',(-33.3693481751936,-20.8080369305966,12.5384906412372));
#4967=CARTESIAN_POINT('Ctrl Pts',(-34.6775419995323,-19.5942101053281,12.4273795301261));
#4968=CARTESIAN_POINT('Ctrl Pts',(-34.3676523335842,-17.8367363609636,12.316268419015));
#4969=CARTESIAN_POINT('Ctrl Pts',(-32.7231980301096,-17.1435405220009,12.2051573079039));
#4970=CARTESIAN_POINT('Ctrl Pts',(-31.2487056443276,-18.1488347066639,12.0940461967927));
#4971=CARTESIAN_POINT('Ctrl Pts',(-31.2931932498238,-19.9328636380215,11.9829350856816));
#4972=CARTESIAN_POINT('Ctrl Pts',(-32.8159708152844,-20.8634141167177,11.8718239745705));
#4973=CARTESIAN_POINT('Ctrl Pts',(-34.4238138335027,-20.0891022157201,11.7607128634594));
#4974=CARTESIAN_POINT('Ctrl Pts',(-34.6457424038769,-18.3183842398226,11.6496017523483));
#4975=CARTESIAN_POINT('Ctrl Pts',(-33.2786173895963,-17.171238415735,11.5384906412372));
#4976=CARTESIAN_POINT('Ctrl Pts',(-31.5734210383506,-17.697326311634,11.4273795301261));
#4977=CARTESIAN_POINT('Ctrl Pts',(-31.0898729181341,-19.4150685707736,11.316268419015));
#4978=CARTESIAN_POINT('Ctrl Pts',(-32.2711266850261,-20.7534032996377,11.2051573079039));
#4979=CARTESIAN_POINT('Ctrl Pts',(-34.0349459309017,-20.4868549280962,11.0940461967927));
#4980=CARTESIAN_POINT('Ctrl Pts',(-34.7705894604469,-18.861332489756,10.9829350856816));
#4981=CARTESIAN_POINT('Ctrl Pts',(-33.7989994330151,-17.3599302542771,10.8718239745705));
#4982=CARTESIAN_POINT('Ctrl Pts',(-32.3180066113259,-17.3642396678672,10.7792313819779));
#4983=CARTESIAN_POINT('Ctrl Pts',(-31.5275134361902,-18.1093545925222,10.7051573079039));
#4984=CARTESIAN_POINT('Ctrl Pts',(-31.3543673319442,-18.6203593923054,10.6681202708668));
#4985=CARTESIAN_POINT('Ctrl Pts',(-31.3347578713648,-18.8820294587001,10.6496017523483));
#4986=CARTESIAN_POINT('Ctrl Pts',(-34.2977638959664,-19.801823217939,16.622586926671));
#4987=CARTESIAN_POINT('Ctrl Pts',(-34.4310404316123,-19.5709814867435,16.6040684081525));
#4988=CARTESIAN_POINT('Ctrl Pts',(-34.5781389552725,-19.042981021294,16.5670313711155));
#4989=CARTESIAN_POINT('Ctrl Pts',(-34.3410407101645,-17.9652380721642,16.4929572970414));
#4990=CARTESIAN_POINT('Ctrl Pts',(-33.1004559594231,-17.1141047592679,16.4003647044488));
#4991=CARTESIAN_POINT('Ctrl Pts',(-31.4257922544774,-17.8183029256074,16.2892535933377));
#4992=CARTESIAN_POINT('Ctrl Pts',(-31.1130397801491,-19.6036263114585,16.1781424822266));
#4993=CARTESIAN_POINT('Ctrl Pts',(-32.4409427697751,-20.8366954351755,16.0670313711155));
#4994=CARTESIAN_POINT('Ctrl Pts',(-34.1982702485972,-20.3893543268135,15.9559202600044));
#4995=CARTESIAN_POINT('Ctrl Pts',(-34.7753873871064,-18.6708844872036,15.8448091488932));
#4996=CARTESIAN_POINT('Ctrl Pts',(-33.6452100028149,-17.2535239247453,15.7336980377822));
#4997=CARTESIAN_POINT('Ctrl Pts',(-31.8412818311896,-17.4340278577749,15.622586926671));
#4998=CARTESIAN_POINT('Ctrl Pts',(-31.0142630944821,-19.0472511621483,15.5114758155599));
#4999=CARTESIAN_POINT('Ctrl Pts',(-31.9206825534764,-20.6172441471207,15.4003647044488));
#5000=CARTESIAN_POINT('Ctrl Pts',(-33.7313089194597,-20.7076083162233,15.2892535933377));
#5001=CARTESIAN_POINT('Ctrl Pts',(-34.7895571682554,-19.2356689078127,15.1781424822266));
#5002=CARTESIAN_POINT('Ctrl Pts',(-34.1272428403468,-17.5481142392527,15.0670313711155));
#5003=CARTESIAN_POINT('Ctrl Pts',(-32.3503148505182,-17.1889007098148,14.9559202600044));
#5004=CARTESIAN_POINT('Ctrl Pts',(-31.084501614502,-18.4866754501065,14.8448091488933));
#5005=CARTESIAN_POINT('Ctrl Pts',(-31.4879032534475,-20.2540946587428,14.7336980377821));
#5006=CARTESIAN_POINT('Ctrl Pts',(-33.1914455305102,-20.874133292186,14.622586926671));
#5007=CARTESIAN_POINT('Ctrl Pts',(-34.6365444168667,-19.7795133730723,14.5114758155599));
#5008=CARTESIAN_POINT('Ctrl Pts',(-34.5010683792004,-17.971710843955,14.4003647044488));
#5009=CARTESIAN_POINT('Ctrl Pts',(-32.9089653382611,-17.1046977474812,14.2892535933377));
#5010=CARTESIAN_POINT('Ctrl Pts',(-31.3168623222529,-17.9717108439796,14.1781424822266));
#5011=CARTESIAN_POINT('Ctrl Pts',(-31.1813862473283,-19.7795133730109,14.0670313711155));
#5012=CARTESIAN_POINT('Ctrl Pts',(-32.6264852016933,-20.8741332923146,13.9559202600044));
#5013=CARTESIAN_POINT('Ctrl Pts',(-34.3300273463695,-20.2540946584834,13.8448091488933));
#5014=CARTESIAN_POINT('Ctrl Pts',(-34.7334292475395,-18.4866754506249,13.7336980377821));
#5015=CARTESIAN_POINT('Ctrl Pts',(-33.4676154898006,-17.188900708781,13.622586926671));
#5016=CARTESIAN_POINT('Ctrl Pts',(-31.6906885391651,-17.5481142413132,13.5114758155599));
#5017=CARTESIAN_POINT('Ctrl Pts',(-31.028372140751,-19.2356689037068,13.4003647044488));
#5018=CARTESIAN_POINT('Ctrl Pts',(-32.0866245151524,-20.7076083244049,13.2892535933377));
#5019=CARTESIAN_POINT('Ctrl Pts',(-33.8972426604721,-20.6172441308181,13.1781424822266));
#5020=CARTESIAN_POINT('Ctrl Pts',(-34.8036784999986,-19.0472511946331,13.0670313711155));
#5021=CARTESIAN_POINT('Ctrl Pts',(-33.9766271233285,-17.4340277930453,12.9559202600044));
#5022=CARTESIAN_POINT('Ctrl Pts',(-32.1727639903507,-17.2535240537266,12.8448091488933));
#5023=CARTESIAN_POINT('Ctrl Pts',(-31.0424570093701,-18.6708842301855,12.7336980377821));
#5024=CARTESIAN_POINT('Ctrl Pts',(-31.619832385606,-20.3893548390658,12.622586926671));
#5025=CARTESIAN_POINT('Ctrl Pts',(-33.3766452675946,-20.8366944129699,12.5114758155599));
#5026=CARTESIAN_POINT('Ctrl Pts',(-34.7055740345458,-19.6036283669975,12.4003647044488));
#5027=CARTESIAN_POINT('Ctrl Pts',(-34.3907725999614,-17.8182985706303,12.2892535933377));
#5028=CARTESIAN_POINT('Ctrl Pts',(-32.7202536093374,-17.1141155385056,12.1781424822266));
#5029=CARTESIAN_POINT('Ctrl Pts',(-31.2223904369556,-18.1353436937941,12.0670313711155));
#5030=CARTESIAN_POINT('Ctrl Pts',(-31.2675831799506,-19.947649571424,11.9559202600044));
#5031=CARTESIAN_POINT('Ctrl Pts',(-32.8144968383107,-20.8929493407198,11.8448091488933));
#5032=CARTESIAN_POINT('Ctrl Pts',(-34.4478242805803,-20.1063645234021,11.7336980377821));
#5033=CARTESIAN_POINT('Ctrl Pts',(-34.6732703787161,-18.3075806349169,11.622586926671));
#5034=CARTESIAN_POINT('Ctrl Pts',(-33.2844764632732,-17.1422523641487,11.5114758155599));
#5035=CARTESIAN_POINT('Ctrl Pts',(-31.5522524521754,-17.6766790282969,11.4003647044488));
#5036=CARTESIAN_POINT('Ctrl Pts',(-31.0610404795044,-19.4216471022496,11.2892535933377));
#5037=CARTESIAN_POINT('Ctrl Pts',(-32.2610163625415,-20.7811954887306,11.1781424822266));
#5038=CARTESIAN_POINT('Ctrl Pts',(-34.0527938714693,-20.5104203565227,11.0670313711155));
#5039=CARTESIAN_POINT('Ctrl Pts',(-34.800094123796,-18.8591372084414,10.9559202600044));
#5040=CARTESIAN_POINT('Ctrl Pts',(-33.8131109887808,-17.3339297231023,10.8448091488932));
#5041=CARTESIAN_POINT('Ctrl Pts',(-32.3086312976525,-17.3383227945089,10.7522165563007));
#5042=CARTESIAN_POINT('Ctrl Pts',(-31.5056173135405,-18.0952336106245,10.6781424822266));
#5043=CARTESIAN_POINT('Ctrl Pts',(-31.3297225645786,-18.6143516169252,10.6411054451895));
#5044=CARTESIAN_POINT('Ctrl Pts',(-31.3098030286152,-18.8801593517677,10.622586926671));
#5045=CARTESIAN_POINT('Ctrl Pts',(-34.3128734606336,-19.810546729167,16.6125138835595));
#5046=CARTESIAN_POINT('Ctrl Pts',(-34.447604024112,-19.5771865478901,16.593995365041));
#5047=CARTESIAN_POINT('Ctrl Pts',(-34.5962999131154,-19.0434513803059,16.556958328004));
#5048=CARTESIAN_POINT('Ctrl Pts',(-34.3566224572507,-17.9539683651143,16.4828842539299));
#5049=CARTESIAN_POINT('Ctrl Pts',(-33.1025401589143,-17.0935890839192,16.3902916613373));
#5050=CARTESIAN_POINT('Ctrl Pts',(-31.4096531180348,-17.805441890157,16.2791805502262));
#5051=CARTESIAN_POINT('Ctrl Pts',(-31.0934978686357,-19.6101958668362,16.1680694391151));
#5052=CARTESIAN_POINT('Ctrl Pts',(-32.4358500025819,-20.8566804502839,16.0569583280039));
#5053=CARTESIAN_POINT('Ctrl Pts',(-34.2122996190856,-20.4044726631584,15.9458472168929));
#5054=CARTESIAN_POINT('Ctrl Pts',(-34.7956965050991,-18.6673031114579,15.8347361057817));
#5055=CARTESIAN_POINT('Ctrl Pts',(-33.6532213241154,-17.2345200436673,15.7236249946706));
#5056=CARTESIAN_POINT('Ctrl Pts',(-31.8296640219426,-17.416987973429,15.6125138835595));
#5057=CARTESIAN_POINT('Ctrl Pts',(-30.9936462364287,-19.0477653379563,15.5014027724484));
#5058=CARTESIAN_POINT('Ctrl Pts',(-31.9099287318821,-20.6348418865696,15.3902916613373));
#5059=CARTESIAN_POINT('Ctrl Pts',(-33.7402571029694,-20.7261893527442,15.2791805502262));
#5060=CARTESIAN_POINT('Ctrl Pts',(-34.810020488054,-19.2382332938079,15.1680694391151));
#5061=CARTESIAN_POINT('Ctrl Pts',(-34.1404993068746,-17.5323158080689,15.056958328004));
#5062=CARTESIAN_POINT('Ctrl Pts',(-32.3442359960759,-17.1691935595472,14.9458472168928));
#5063=CARTESIAN_POINT('Ctrl Pts',(-31.0646490422011,-18.4810898021232,14.8347361057817));
#5064=CARTESIAN_POINT('Ctrl Pts',(-31.4724402231247,-20.2677408629513,14.7236249946706));
#5065=CARTESIAN_POINT('Ctrl Pts',(-33.1945192876171,-20.894526334975,14.6125138835595));
#5066=CARTESIAN_POINT('Ctrl Pts',(-34.6553427563191,-19.7879955069172,14.5014027724484));
#5067=CARTESIAN_POINT('Ctrl Pts',(-34.5183925606399,-17.9605217013682,14.3902916613373));
#5068=CARTESIAN_POINT('Ctrl Pts',(-32.9089653381997,-17.0840743585495,14.2791805502262));
#5069=CARTESIAN_POINT('Ctrl Pts',(-31.2995381409666,-17.9605217013773,14.1680694391151));
#5070=CARTESIAN_POINT('Ctrl Pts',(-31.1625879076165,-19.7879955068945,14.056958328004));
#5071=CARTESIAN_POINT('Ctrl Pts',(-32.6234114450799,-20.8945263350225,13.9458472168929));
#5072=CARTESIAN_POINT('Ctrl Pts',(-34.3454903757206,-20.2677408628554,13.8347361057817));
#5073=CARTESIAN_POINT('Ctrl Pts',(-34.7532818217709,-18.4810898023149,13.7236249946706));
#5074=CARTESIAN_POINT('Ctrl Pts',(-33.473694340399,-17.1691935591648,13.6125138835595));
#5075=CARTESIAN_POINT('Ctrl Pts',(-31.6774320802954,-17.532315808831,13.5014027724484));
#5076=CARTESIAN_POINT('Ctrl Pts',(-31.0079088056936,-19.2382332922893,13.3902916613373));
#5077=CARTESIAN_POINT('Ctrl Pts',(-32.0776763620469,-20.7261893557704,13.2791805502262));
#5078=CARTESIAN_POINT('Ctrl Pts',(-33.9079964214828,-20.6348418805396,13.1680694391151));
#5079=CARTESIAN_POINT('Ctrl Pts',(-34.8242954787711,-19.0477653499719,13.056958328004));
#5080=CARTESIAN_POINT('Ctrl Pts',(-33.9882446920298,-17.4169879494867,12.9458472168928));
#5081=CARTESIAN_POINT('Ctrl Pts',(-32.1647531483638,-17.2345200913757,12.8347361057817));
#5082=CARTESIAN_POINT('Ctrl Pts',(-31.0221469362917,-18.6673030163852,12.7236249946706));
#5083=CARTESIAN_POINT('Ctrl Pts',(-31.6058049182535,-20.4044728527124,12.6125138835595));
#5084=CARTESIAN_POINT('Ctrl Pts',(-33.3817342422687,-20.8566800711485,12.5014027724484));
#5085=CARTESIAN_POINT('Ctrl Pts',(-34.7251235070971,-19.6101966402352,12.3902916613373));
#5086=CARTESIAN_POINT('Ctrl Pts',(-34.4068966182381,-17.8054400995853,12.2791805502262));
#5087=CARTESIAN_POINT('Ctrl Pts',(-32.7182001758537,-17.093594628594,12.1680694391151));
#5088=CARTESIAN_POINT('Ctrl Pts',(-31.2040382786189,-18.1259350904385,12.056958328004));
#5089=CARTESIAN_POINT('Ctrl Pts',(-31.2497227732034,-19.9579612530102,11.9458472168929));
#5090=CARTESIAN_POINT('Ctrl Pts',(-32.8134689030758,-20.9135471187977,11.8347361057817));
#5091=CARTESIAN_POINT('Ctrl Pts',(-34.4645690825626,-20.1184032450672,11.7236249946706));
#5092=CARTESIAN_POINT('Ctrl Pts',(-34.6924683718276,-18.3000461667401,11.6125138835595));
#5093=CARTESIAN_POINT('Ctrl Pts',(-33.2885624663735,-17.1220376827594,11.5014027724484));
#5094=CARTESIAN_POINT('Ctrl Pts',(-31.5374897322107,-17.6622794232635,11.3902916613373));
#5095=CARTESIAN_POINT('Ctrl Pts',(-31.04093240752,-19.4262354321429,11.2791805502262));
#5096=CARTESIAN_POINT('Ctrl Pts',(-32.2539662443937,-20.8005767410295,11.1680694391151));
#5097=CARTESIAN_POINT('Ctrl Pts',(-34.0652393941691,-20.5268567286343,11.056958328004));
#5098=CARTESIAN_POINT('Ctrl Pts',(-34.8206737833455,-18.8576024215523,10.9458472168929));
#5099=CARTESIAN_POINT('Ctrl Pts',(-33.8229458337766,-17.3158048052696,10.8347361057818));
#5100=CARTESIAN_POINT('Ctrl Pts',(-32.3021055060679,-17.3202338148957,10.7421435131891));
#5101=CARTESIAN_POINT('Ctrl Pts',(-31.4903470633262,-18.0853918076515,10.6680694391151));
#5102=CARTESIAN_POINT('Ctrl Pts',(-31.312541646808,-18.6101478751528,10.631032402078));
#5103=CARTESIAN_POINT('Ctrl Pts',(-31.2924047915726,-18.8788555341468,10.6125138835595));
#5104=CARTESIAN_POINT('',(-34.3948791949237,-19.6480771772826,10.9999999999999));
#5105=CARTESIAN_POINT('Ctrl Pts',(-34.3705120324018,-18.4279425175906,10.9999999999999));
#5106=CARTESIAN_POINT('Ctrl Pts',(-34.3939390220982,-18.4861426118996,10.9999999999999));
#5107=CARTESIAN_POINT('Ctrl Pts',(-34.4141711203484,-18.545387599139,11.0000008895781));
#5108=CARTESIAN_POINT('Ctrl Pts',(-34.4310426194257,-18.6054772597803,10.9999999206253));
#5109=CARTESIAN_POINT('Ctrl Pts',(-34.4473624395289,-18.663602056352,10.9999989833562));
#5110=CARTESIAN_POINT('Ctrl Pts',(-34.4605381880803,-18.7225173631782,10.9999958046125));
#5111=CARTESIAN_POINT('Ctrl Pts',(-34.470377193459,-18.7820586203566,10.9999945394684));
#5112=CARTESIAN_POINT('Ctrl Pts',(-34.4758770915576,-18.8153415422114,10.9999938322664));
#5113=CARTESIAN_POINT('Ctrl Pts',(-34.4803177953266,-18.848727642026,10.9999954721034));
#5114=CARTESIAN_POINT('Ctrl Pts',(-34.4836789210954,-18.8821967842065,10.9999968477723));
#5115=CARTESIAN_POINT('Ctrl Pts',(-34.488620721971,-18.9314058431676,10.9999988703929));
#5116=CARTESIAN_POINT('Ctrl Pts',(-34.4912302092229,-18.9807936362833,10.9999995325368));
#5117=CARTESIAN_POINT('Ctrl Pts',(-34.4916439595727,-19.0302959034809,11.0000006134542));
#5118=CARTESIAN_POINT('Ctrl Pts',(-34.4919072270813,-19.0617939760821,11.0000013012372));
#5119=CARTESIAN_POINT('Ctrl Pts',(-34.491280997435,-19.0933388018917,11.0000024334741));
#5120=CARTESIAN_POINT('Ctrl Pts',(-34.489791226461,-19.1249169663999,11.0000062272178));
#5121=CARTESIAN_POINT('Ctrl Pts',(-34.4876910250925,-19.1694342146682,11.0000115754398));
#5122=CARTESIAN_POINT('Ctrl Pts',(-34.4839552014107,-19.2123728689957,11.0000174226121));
#5123=CARTESIAN_POINT('Ctrl Pts',(-34.4790397945016,-19.2535274480272,11.0000218338076));
#5124=CARTESIAN_POINT('Ctrl Pts',(-34.4739946689051,-19.2957681056013,11.0000263614155));
#5125=CARTESIAN_POINT('Ctrl Pts',(-34.4677072359339,-19.3361293850939,11.0000293332599));
#5126=CARTESIAN_POINT('Ctrl Pts',(-34.4606535604941,-19.3744422842319,11.0000297254079));
#5127=CARTESIAN_POINT('Ctrl Pts',(-34.4534420578523,-19.4136124410819,11.0000301263303));
#5128=CARTESIAN_POINT('Ctrl Pts',(-34.4454300672618,-19.450641949792,11.0000277811813));
#5129=CARTESIAN_POINT('Ctrl Pts',(-34.4371027287953,-19.4854010514227,11.0000234096663));
#5130=CARTESIAN_POINT('Ctrl Pts',(-34.4284323558244,-19.5215920116543,11.000018858072));
#5131=CARTESIAN_POINT('Ctrl Pts',(-34.4194207800433,-19.5553223509397,11.0000120380998));
#5132=CARTESIAN_POINT('Ctrl Pts',(-34.4105817474826,-19.5864918001918,11.000006656103));
#5133=CARTESIAN_POINT('Ctrl Pts',(-34.4045087669309,-19.6079072048545,11.0000029583271));
#5134=CARTESIAN_POINT('Ctrl Pts',(-34.3985165282043,-19.6281147411295,10.9999999999999));
#5135=CARTESIAN_POINT('Ctrl Pts',(-34.3927604307318,-19.6470904783778,10.9999999999999));
#5136=CARTESIAN_POINT('',(-33.328730336151,-20.5658037398907,15.9999999999999));
#5137=CARTESIAN_POINT('Ctrl Pts',(-33.3280922096256,-20.5632421581174,15.9999999999999));
#5138=CARTESIAN_POINT('Ctrl Pts',(-33.582848878371,-20.4951245526026,15.9819490722975));
#5139=CARTESIAN_POINT('Ctrl Pts',(-34.311987552656,-20.1076338437849,15.9268611075582));
#5140=CARTESIAN_POINT('Ctrl Pts',(-34.7956965050991,-18.6673031114579,15.8347361057817));
#5141=CARTESIAN_POINT('Ctrl Pts',(-33.6532213241154,-17.2345200436673,15.7236249946706));
#5142=CARTESIAN_POINT('Ctrl Pts',(-31.8296640219426,-17.416987973429,15.6125138835595));
#5143=CARTESIAN_POINT('Ctrl Pts',(-30.9936462364287,-19.0477653379563,15.5014027724484));
#5144=CARTESIAN_POINT('Ctrl Pts',(-31.9099287318821,-20.6348418865696,15.3902916613373));
#5145=CARTESIAN_POINT('Ctrl Pts',(-33.7402571029694,-20.7261893527442,15.2791805502262));
#5146=CARTESIAN_POINT('Ctrl Pts',(-34.810020488054,-19.2382332938079,15.1680694391151));
#5147=CARTESIAN_POINT('Ctrl Pts',(-34.1404993068746,-17.5323158080689,15.056958328004));
#5148=CARTESIAN_POINT('Ctrl Pts',(-32.3442359960759,-17.1691935595472,14.9458472168928));
#5149=CARTESIAN_POINT('Ctrl Pts',(-31.0646490422011,-18.4810898021232,14.8347361057817));
#5150=CARTESIAN_POINT('Ctrl Pts',(-31.4724402231247,-20.2677408629513,14.7236249946706));
#5151=CARTESIAN_POINT('Ctrl Pts',(-33.1945192876171,-20.894526334975,14.6125138835595));
#5152=CARTESIAN_POINT('Ctrl Pts',(-34.6553427563191,-19.7879955069172,14.5014027724484));
#5153=CARTESIAN_POINT('Ctrl Pts',(-34.5183925606399,-17.9605217013682,14.3902916613373));
#5154=CARTESIAN_POINT('Ctrl Pts',(-32.9089653381997,-17.0840743585495,14.2791805502262));
#5155=CARTESIAN_POINT('Ctrl Pts',(-31.2995381409666,-17.9605217013773,14.1680694391151));
#5156=CARTESIAN_POINT('Ctrl Pts',(-31.1625879076165,-19.7879955068945,14.056958328004));
#5157=CARTESIAN_POINT('Ctrl Pts',(-32.6234114450799,-20.8945263350225,13.9458472168929));
#5158=CARTESIAN_POINT('Ctrl Pts',(-34.3454903757206,-20.2677408628554,13.8347361057817));
#5159=CARTESIAN_POINT('Ctrl Pts',(-34.7532818217709,-18.4810898023149,13.7236249946706));
#5160=CARTESIAN_POINT('Ctrl Pts',(-33.473694340399,-17.1691935591648,13.6125138835595));
#5161=CARTESIAN_POINT('Ctrl Pts',(-31.6774320802954,-17.532315808831,13.5014027724484));
#5162=CARTESIAN_POINT('Ctrl Pts',(-31.0079088056936,-19.2382332922893,13.3902916613373));
#5163=CARTESIAN_POINT('Ctrl Pts',(-32.0776763620469,-20.7261893557704,13.2791805502262));
#5164=CARTESIAN_POINT('Ctrl Pts',(-33.9079964214828,-20.6348418805396,13.1680694391151));
#5165=CARTESIAN_POINT('Ctrl Pts',(-34.8242954787711,-19.0477653499719,13.056958328004));
#5166=CARTESIAN_POINT('Ctrl Pts',(-33.9882446920298,-17.4169879494867,12.9458472168928));
#5167=CARTESIAN_POINT('Ctrl Pts',(-32.1647531483638,-17.2345200913757,12.8347361057817));
#5168=CARTESIAN_POINT('Ctrl Pts',(-31.0221469362917,-18.6673030163852,12.7236249946706));
#5169=CARTESIAN_POINT('Ctrl Pts',(-31.6058049182535,-20.4044728527124,12.6125138835595));
#5170=CARTESIAN_POINT('Ctrl Pts',(-33.3817342422687,-20.8566800711485,12.5014027724484));
#5171=CARTESIAN_POINT('Ctrl Pts',(-34.7251235070971,-19.6101966402352,12.3902916613373));
#5172=CARTESIAN_POINT('Ctrl Pts',(-34.4068966182381,-17.8054400995853,12.2791805502262));
#5173=CARTESIAN_POINT('Ctrl Pts',(-32.7182001758537,-17.093594628594,12.1680694391151));
#5174=CARTESIAN_POINT('Ctrl Pts',(-31.2040382786189,-18.1259350904385,12.056958328004));
#5175=CARTESIAN_POINT('Ctrl Pts',(-31.2497227732034,-19.9579612530102,11.9458472168929));
#5176=CARTESIAN_POINT('Ctrl Pts',(-32.8134689030758,-20.9135471187977,11.8347361057817));
#5177=CARTESIAN_POINT('Ctrl Pts',(-34.4645690825626,-20.1184032450672,11.7236249946706));
#5178=CARTESIAN_POINT('Ctrl Pts',(-34.6924683718276,-18.3000461667401,11.6125138835595));
#5179=CARTESIAN_POINT('Ctrl Pts',(-33.2885624663735,-17.1220376827594,11.5014027724484));
#5180=CARTESIAN_POINT('Ctrl Pts',(-31.5374897322107,-17.6622794232635,11.3902916613373));
#5181=CARTESIAN_POINT('Ctrl Pts',(-31.04093240752,-19.4262354321429,11.2791805502262));
#5182=CARTESIAN_POINT('Ctrl Pts',(-32.2539662443937,-20.8005767410295,11.1680694391151));
#5183=CARTESIAN_POINT('Ctrl Pts',(-33.7709829480871,-20.5713248300242,11.0750092557063));
#5184=CARTESIAN_POINT('Ctrl Pts',(-34.2816093948549,-19.9011412136426,11.0189861093346));
#5185=CARTESIAN_POINT('Ctrl Pts',(-34.3927604307318,-19.6470904783778,10.9999999999999));
#5186=CARTESIAN_POINT('',(-34.2690154496643,-19.7855109935073,15.9999999999999));
#5187=CARTESIAN_POINT('Ctrl Pts',(-34.2690154496643,-19.7855109935073,15.9999999999999));
#5188=CARTESIAN_POINT('Ctrl Pts',(-34.1616598232322,-19.9713887626284,15.9999999999999));
#5189=CARTESIAN_POINT('Ctrl Pts',(-34.0209025033145,-20.1342387622513,15.9999999999999));
#5190=CARTESIAN_POINT('Ctrl Pts',(-33.6541012830384,-20.4279002609768,15.9999999999999));
#5191=CARTESIAN_POINT('Ctrl Pts',(-33.4595049876345,-20.5135099460153,15.9999999999999));
#5192=CARTESIAN_POINT('Ctrl Pts',(-33.328730336151,-20.5658037398907,15.9999999999999));
#5193=CARTESIAN_POINT('Ctrl Pts',(-34.2675404635838,-19.7861786933188,15.9999999999999));
#5194=CARTESIAN_POINT('Ctrl Pts',(-34.2676300718827,-19.7860205764592,15.9999871259795));
#5195=CARTESIAN_POINT('Ctrl Pts',(-34.267719653788,-19.7858624438275,15.9999742519592));
#5196=CARTESIAN_POINT('Ctrl Pts',(-34.2678092092961,-19.7857042954343,15.9999613779388));
#5197=CARTESIAN_POINT('Ctrl Pts',(-31.3017365960491,-18.7884349910127,16.2187617938288));
#5198=CARTESIAN_POINT('Ctrl Pts',(-31.2314497540622,-19.3223939550733,16.1817492988371));
#5199=CARTESIAN_POINT('Ctrl Pts',(-31.666512124464,-20.4567817879762,16.1077243088537));
#5200=CARTESIAN_POINT('Ctrl Pts',(-33.4602882541414,-20.8356149875664,15.9966868238786));
#5201=CARTESIAN_POINT('Ctrl Pts',(-34.7483036556803,-19.5333949400538,15.8856493389036));
#5202=CARTESIAN_POINT('Ctrl Pts',(-34.356475458068,-17.7455565818552,15.7746118539285));
#5203=CARTESIAN_POINT('Ctrl Pts',(-32.6414522824289,-17.1031334068775,15.6635743689534));
#5204=CARTESIAN_POINT('Ctrl Pts',(-31.1711126093878,-18.1945059341099,15.5525368839783));
#5205=CARTESIAN_POINT('Ctrl Pts',(-31.288703411715,-20.0217158687134,15.4414993990032));
#5206=CARTESIAN_POINT('Ctrl Pts',(-32.8869425731054,-20.915394501863,15.3304619140281));
#5207=CARTESIAN_POINT('Ctrl Pts',(-34.5052776141659,-20.0587358066941,15.2194244290531));
#5208=CARTESIAN_POINT('Ctrl Pts',(-34.6649207973839,-18.2346343348536,15.108386944078));
#5209=CARTESIAN_POINT('Ctrl Pts',(-33.2199693620047,-17.1099084552621,14.9973494591029));
#5210=CARTESIAN_POINT('Ctrl Pts',(-31.4908267709614,-17.7123501106384,14.8863119741278));
#5211=CARTESIAN_POINT('Ctrl Pts',(-31.0575737984287,-19.4914395462237,14.7752744891527));
#5212=CARTESIAN_POINT('Ctrl Pts',(-32.3161185126228,-20.8214544683266,14.6642370041776));
#5213=CARTESIAN_POINT('Ctrl Pts',(-34.1164046974753,-20.4870281641673,14.5531995192026));
#5214=CARTESIAN_POINT('Ctrl Pts',(-34.8133361331344,-18.7937597768112,14.4421620342275));
#5215=CARTESIAN_POINT('Ctrl Pts',(-33.7700583490879,-17.2889529663546,14.3311245492524));
#5216=CARTESIAN_POINT('Ctrl Pts',(-31.9399160527585,-17.347696622075,14.2200870642773));
#5217=CARTESIAN_POINT('Ctrl Pts',(-30.995288470876,-18.916310788821,14.1090495793022));
#5218=CARTESIAN_POINT('Ctrl Pts',(-31.7993738897124,-20.5613999662334,13.9980120943271));
#5219=CARTESIAN_POINT('Ctrl Pts',(-33.6174011088232,-20.7796858717269,13.886974609352));
#5220=CARTESIAN_POINT('Ctrl Pts',(-34.7880615577628,-19.3716994271001,13.775937124377));
#5221=CARTESIAN_POINT('Ctrl Pts',(-34.2416087342052,-17.6240550024015,13.6648996394019));
#5222=CARTESIAN_POINT('Ctrl Pts',(-32.4773898215332,-17.133745566393,13.5538621544268));
#5223=CARTESIAN_POINT('Ctrl Pts',(-31.1075435053354,-18.3488146152761,13.4428246694517));
#5224=CARTESIAN_POINT('Ctrl Pts',(-31.3838318190106,-20.1589351865892,13.3317871844766));
#5225=CARTESIAN_POINT('Ctrl Pts',(-33.0537832051961,-20.9100237790612,13.2207496995015));
#5226=CARTESIAN_POINT('Ctrl Pts',(-34.5914004156714,-19.9157375644957,13.1097122145265));
#5227=CARTESIAN_POINT('Ctrl Pts',(-34.5916127751822,-18.0846527419184,12.9986747295514));
#5228=CARTESIAN_POINT('Ctrl Pts',(-33.0542263039812,-17.0900098511935,12.8876372445763));
#5229=CARTESIAN_POINT('Ctrl Pts',(-31.3841006433295,-17.8407110894462,12.7765997596012));
#5230=CARTESIAN_POINT('Ctrl Pts',(-31.1073926091464,-19.6507674204613,12.6655622746261));
#5231=CARTESIAN_POINT('Ctrl Pts',(-32.4769566909597,-20.8661544066067,12.554524789651));
#5232=CARTESIAN_POINT('Ctrl Pts',(-34.2412899665766,-20.3762538215971,12.4434873046759));
#5233=CARTESIAN_POINT('Ctrl Pts',(-34.7881468300349,-18.6287370322905,12.3324498197009));
#5234=CARTESIAN_POINT('Ctrl Pts',(-33.6178157362796,-17.2204774044938,12.2214123347258));
#5235=CARTESIAN_POINT('Ctrl Pts',(-31.7997324859003,-17.4383449089942,12.1103748497507));
#5236=CARTESIAN_POINT('Ctrl Pts',(-30.9952764089559,-19.083240816274,11.9993373647756));
#5237=CARTESIAN_POINT('Ctrl Pts',(-31.9395181280694,-20.652087526765,11.8882998798005));
#5238=CARTESIAN_POINT('Ctrl Pts',(-33.7696908628924,-20.7112286889159,11.7772623948255));
#5239=CARTESIAN_POINT('Ctrl Pts',(-34.813229083553,-19.2067182290233,11.6662249098503));
#5240=CARTESIAN_POINT('Ctrl Pts',(-34.116868437188,-17.5131791543308,11.5551874248753));
#5241=CARTESIAN_POINT('Ctrl Pts',(-32.3163023473432,-17.1785543124122,11.4441499399002));
#5242=CARTESIAN_POINT('Ctrl Pts',(-31.0581678555598,-18.5078371762433,11.3331124549251));
#5243=CARTESIAN_POINT('Ctrl Pts',(-31.4895559626548,-20.2879116206984,11.22207496995));
#5244=CARTESIAN_POINT('Ctrl Pts',(-33.2215736498091,-20.8889624737028,11.1110374849749));
#5245=CARTESIAN_POINT('Ctrl Pts',(-34.1795728057769,-20.1417324965589,11.0370124949916));
#5246=CARTESIAN_POINT('Ctrl Pts',(-34.3948791949237,-19.6480771772826,10.9999999999999));
#5247=CARTESIAN_POINT('Ctrl Pts',(-31.1765146389497,-18.7719515971484,16.1458411958858));
#5248=CARTESIAN_POINT('Ctrl Pts',(-31.1007516281697,-19.3475122228168,16.1088287008941));
#5249=CARTESIAN_POINT('Ctrl Pts',(-31.5697104564079,-20.5702821635832,16.0348037109108));
#5250=CARTESIAN_POINT('Ctrl Pts',(-33.5032427706792,-20.9786309095653,15.9237662259357));
#5251=CARTESIAN_POINT('Ctrl Pts',(-34.8916096682823,-19.5749526575806,15.8127287409606));
#5252=CARTESIAN_POINT('Ctrl Pts',(-34.4692534616232,-17.6478207367804,15.7016912559855));
#5253=CARTESIAN_POINT('Ctrl Pts',(-32.6206098795399,-16.9553452669014,15.5906537710104));
#5254=CARTESIAN_POINT('Ctrl Pts',(-31.0357135127389,-18.1317485055215,15.4796162860353));
#5255=CARTESIAN_POINT('Ctrl Pts',(-31.1624660167995,-20.101319509986,15.3685788010602));
#5256=CARTESIAN_POINT('Ctrl Pts',(-32.8852267411481,-21.0646261830877,15.2575413160852));
#5257=CARTESIAN_POINT('Ctrl Pts',(-34.6296490497283,-20.1412237350305,15.1465038311101));
#5258=CARTESIAN_POINT('Ctrl Pts',(-34.8017303080293,-18.1750033790111,15.035466346135));
#5259=CARTESIAN_POINT('Ctrl Pts',(-33.2442002201689,-16.9626481709627,14.9244288611599));
#5260=CARTESIAN_POINT('Ctrl Pts',(-31.3803371547337,-17.6120270922568,14.8133913761848));
#5261=CARTESIAN_POINT('Ctrl Pts',(-30.9133286976657,-19.5297284468297,14.7023538912097));
#5262=CARTESIAN_POINT('Ctrl Pts',(-32.2699287959663,-20.9633671199074,14.5913164062347));
#5263=CARTESIAN_POINT('Ctrl Pts',(-34.2104783750124,-20.6028850869847,14.4802789212596));
#5264=CARTESIAN_POINT('Ctrl Pts',(-34.9617089379481,-18.7776912461703,14.3692414362845));
#5265=CARTESIAN_POINT('Ctrl Pts',(-33.8371475867065,-17.1556423479744,14.2582039513094));
#5266=CARTESIAN_POINT('Ctrl Pts',(-31.8644157551684,-17.2189628229849,14.1471664663343));
#5267=CARTESIAN_POINT('Ctrl Pts',(-30.8461906130766,-18.9097904183842,14.0361289813592));
#5268=CARTESIAN_POINT('Ctrl Pts',(-31.7129237103858,-20.6830513241122,13.9250914963841));
#5269=CARTESIAN_POINT('Ctrl Pts',(-33.6725965581941,-20.9183442600804,13.8140540114091));
#5270=CARTESIAN_POINT('Ctrl Pts',(-34.9344651769226,-19.4006591690031,13.703016526434));
#5271=CARTESIAN_POINT('Ctrl Pts',(-34.3454372736671,-17.5168527602187,13.5919790414589));
#5272=CARTESIAN_POINT('Ctrl Pts',(-32.4437650300337,-16.9883424724354,13.4809415564838));
#5273=CARTESIAN_POINT('Ctrl Pts',(-30.9671916304142,-18.2980796415374,13.3699040715087));
#5274=CARTESIAN_POINT('Ctrl Pts',(-31.2650060419833,-20.249229821014,13.2588665865336));
#5275=CARTESIAN_POINT('Ctrl Pts',(-33.0650662139472,-21.0588370180316,13.1478291015586));
#5276=CARTESIAN_POINT('Ctrl Pts',(-34.7224818268801,-19.987084253743,13.0367916165835));
#5277=CARTESIAN_POINT('Ctrl Pts',(-34.7227107316857,-18.0133364621155,12.9257541316084));
#5278=CARTESIAN_POINT('Ctrl Pts',(-33.065543835321,-16.941199232414,12.8147166466333));
#5279=CARTESIAN_POINT('Ctrl Pts',(-31.2652958108674,-17.7503888957786,12.7036791616582));
#5280=CARTESIAN_POINT('Ctrl Pts',(-30.9670289776436,-19.7014698298851,12.5926416766831));
#5281=CARTESIAN_POINT('Ctrl Pts',(-32.4432981535119,-21.0115497072886,12.481604191708));
#5282=CARTESIAN_POINT('Ctrl Pts',(-34.3450936703042,-20.4834801247889,12.370566706733));
#5283=CARTESIAN_POINT('Ctrl Pts',(-34.9345570929041,-18.5998112956896,12.2595292217579));
#5284=CARTESIAN_POINT('Ctrl Pts',(-33.6730434899891,-17.0818317372715,12.1484917367828));
#5285=CARTESIAN_POINT('Ctrl Pts',(-31.7133102454197,-17.3166736739055,12.0374542518077));
#5286=CARTESIAN_POINT('Ctrl Pts',(-30.8461776113915,-19.0897262514922,11.9264167668326));
#5287=CARTESIAN_POINT('Ctrl Pts',(-31.8639868274822,-20.7808045085198,11.8153792818576));
#5288=CARTESIAN_POINT('Ctrl Pts',(-33.8367514690292,-20.8445534603707,11.7043417968825));
#5289=CARTESIAN_POINT('Ctrl Pts',(-34.9615935479497,-19.2228240019212,11.5933043119074));
#5290=CARTESIAN_POINT('Ctrl Pts',(-34.210978245484,-17.3973383840542,11.4822668269323));
#5291=CARTESIAN_POINT('Ctrl Pts',(-32.2701269535661,-17.0366423449538,11.3712293419572));
#5292=CARTESIAN_POINT('Ctrl Pts',(-30.9139690388099,-18.4694919238402,11.2601918569821));
#5293=CARTESIAN_POINT('Ctrl Pts',(-31.3789673355655,-20.3882550310187,11.149154372007));
#5294=CARTESIAN_POINT('Ctrl Pts',(-33.2459295007963,-21.0361347901352,11.038116887032));
#5295=CARTESIAN_POINT('Ctrl Pts',(-34.2785680193174,-20.230686839805,10.9640918970486));
#5296=CARTESIAN_POINT('Ctrl Pts',(-34.510649299694,-19.6985699852316,10.9270794020569));
#5297=CARTESIAN_POINT('Ctrl Pts',(-31.0512926818503,-18.7554682032842,16.0729205979428));
#5298=CARTESIAN_POINT('Ctrl Pts',(-30.9700535022771,-19.3726304905603,16.0359081029512));
#5299=CARTESIAN_POINT('Ctrl Pts',(-31.4729087883518,-20.6837825391903,15.9618831129678));
#5300=CARTESIAN_POINT('Ctrl Pts',(-33.5461972872169,-21.1216468315643,15.8508456279927));
#5301=CARTESIAN_POINT('Ctrl Pts',(-35.0349156808843,-19.6165103751075,15.7398081430176));
#5302=CARTESIAN_POINT('Ctrl Pts',(-34.5820314651784,-17.5500848917057,15.6287706580425));
#5303=CARTESIAN_POINT('Ctrl Pts',(-32.599767476651,-16.8075571269254,15.5177331730674));
#5304=CARTESIAN_POINT('Ctrl Pts',(-30.90031441609,-18.068991076933,15.4066956880924));
#5305=CARTESIAN_POINT('Ctrl Pts',(-31.0362286218841,-20.1809231512587,15.2956582031172));
#5306=CARTESIAN_POINT('Ctrl Pts',(-32.8835109091907,-21.2138578643123,15.1846207181422));
#5307=CARTESIAN_POINT('Ctrl Pts',(-34.7540204852908,-20.2237116633669,15.0735832331671));
#5308=CARTESIAN_POINT('Ctrl Pts',(-34.9385398186747,-18.1153724231687,14.962545748192));
#5309=CARTESIAN_POINT('Ctrl Pts',(-33.2684310783331,-16.8153878866633,14.8515082632169));
#5310=CARTESIAN_POINT('Ctrl Pts',(-31.2698475385059,-17.5117040738753,14.7404707782418));
#5311=CARTESIAN_POINT('Ctrl Pts',(-30.7690835969027,-19.5680173474358,14.6294332932668));
#5312=CARTESIAN_POINT('Ctrl Pts',(-32.2237390793097,-21.1052797714881,14.5183958082917));
#5313=CARTESIAN_POINT('Ctrl Pts',(-34.3045520525495,-20.718742009802,14.4073583233166));
#5314=CARTESIAN_POINT('Ctrl Pts',(-35.1100817427619,-18.7616227155294,14.2963208383415));
#5315=CARTESIAN_POINT('Ctrl Pts',(-33.904236824325,-17.0223317295942,14.1852833533664));
#5316=CARTESIAN_POINT('Ctrl Pts',(-31.7889154575784,-17.0902290238948,14.0742458683913));
#5317=CARTESIAN_POINT('Ctrl Pts',(-30.6970927552772,-18.9032700479475,13.9632083834163));
#5318=CARTESIAN_POINT('Ctrl Pts',(-31.6264735310592,-20.8047026819909,13.8521708984412));
#5319=CARTESIAN_POINT('Ctrl Pts',(-33.727792007565,-21.057002648434,13.7411334134661));
#5320=CARTESIAN_POINT('Ctrl Pts',(-35.0808687960823,-19.4296189109061,13.630095928491));
#5321=CARTESIAN_POINT('Ctrl Pts',(-34.4492658131291,-17.4096505180359,13.5190584435159));
#5322=CARTESIAN_POINT('Ctrl Pts',(-32.4101402385341,-16.8429393784778,13.4080209585408));
#5323=CARTESIAN_POINT('Ctrl Pts',(-30.8268397554931,-18.2473446677986,13.2969834735657));
#5324=CARTESIAN_POINT('Ctrl Pts',(-31.146180264956,-20.3395244554389,13.1859459885907));
#5325=CARTESIAN_POINT('Ctrl Pts',(-33.0763492226983,-21.2076502570021,13.0749085036156));
#5326=CARTESIAN_POINT('Ctrl Pts',(-34.8535632380887,-20.0584309429902,12.9638710186405));
#5327=CARTESIAN_POINT('Ctrl Pts',(-34.8538086881893,-17.9420201823125,12.8528335336654));
#5328=CARTESIAN_POINT('Ctrl Pts',(-33.0768613666608,-16.7923886136346,12.7417960486903));
#5329=CARTESIAN_POINT('Ctrl Pts',(-31.1464909784053,-17.660066702111,12.6307585637152));
#5330=CARTESIAN_POINT('Ctrl Pts',(-30.8266653461407,-19.752172239309,12.5197210787402));
#5331=CARTESIAN_POINT('Ctrl Pts',(-32.4096396160641,-21.1569450079704,12.4086835937651));
#5332=CARTESIAN_POINT('Ctrl Pts',(-34.4488973740317,-20.5907064279808,12.29764610879));
#5333=CARTESIAN_POINT('Ctrl Pts',(-35.0809673557732,-18.5708855590886,12.1866086238149));
#5334=CARTESIAN_POINT('Ctrl Pts',(-33.7282712436985,-16.9431860700492,12.0755711388398));
#5335=CARTESIAN_POINT('Ctrl Pts',(-31.6268880049391,-17.1950024388167,11.9645336538647));
#5336=CARTESIAN_POINT('Ctrl Pts',(-30.6970788138272,-19.0962116867103,11.8534961688896));
#5337=CARTESIAN_POINT('Ctrl Pts',(-31.788455526895,-20.9095214902745,11.7424586839146));
#5338=CARTESIAN_POINT('Ctrl Pts',(-33.9038120751659,-20.9778782318256,11.6314211989395));
#5339=CARTESIAN_POINT('Ctrl Pts',(-35.1099580123465,-19.2389297748191,11.5203837139644));
#5340=CARTESIAN_POINT('Ctrl Pts',(-34.30508805378,-17.2814976137777,11.4093462289893));
#5341=CARTESIAN_POINT('Ctrl Pts',(-32.2239515597889,-16.8947303774955,11.2983087440142));
#5342=CARTESIAN_POINT('Ctrl Pts',(-30.7697702220601,-18.431146671437,11.1872712590391));
#5343=CARTESIAN_POINT('Ctrl Pts',(-31.2683787084761,-20.4885984413389,11.076233774064));
#5344=CARTESIAN_POINT('Ctrl Pts',(-33.2702853517837,-21.1833071065675,10.965196289089));
#5345=CARTESIAN_POINT('Ctrl Pts',(-34.3775632328579,-20.319641183051,10.8911712991056));
#5346=CARTESIAN_POINT('Ctrl Pts',(-34.6264194044642,-19.7490627931807,10.8541588041139));
#5347=CARTESIAN_POINT('Ctrl Pts',(-30.9260707247509,-18.73898480942,15.9999999999999));
#5348=CARTESIAN_POINT('Ctrl Pts',(-30.8393553763845,-19.3977487583038,15.9629875050082));
#5349=CARTESIAN_POINT('Ctrl Pts',(-31.3761071202958,-20.7972829147973,15.8889625150248));
#5350=CARTESIAN_POINT('Ctrl Pts',(-33.5891518037548,-21.2646627535633,15.7779250300497));
#5351=CARTESIAN_POINT('Ctrl Pts',(-35.1782216934862,-19.6580680926344,15.6668875450746));
#5352=CARTESIAN_POINT('Ctrl Pts',(-34.6948094687336,-17.452349046631,15.5558500600995));
#5353=CARTESIAN_POINT('Ctrl Pts',(-32.578925073762,-16.6597689869493,15.4448125751244));
#5354=CARTESIAN_POINT('Ctrl Pts',(-30.7649153194412,-18.0062336483446,15.3337750901494));
#5355=CARTESIAN_POINT('Ctrl Pts',(-30.9099912269686,-20.2605267925314,15.2227376051743));
#5356=CARTESIAN_POINT('Ctrl Pts',(-32.8817950772334,-21.363089545537,15.1117001201992));
#5357=CARTESIAN_POINT('Ctrl Pts',(-34.8783919208532,-20.3061995917034,15.0006626352241));
#5358=CARTESIAN_POINT('Ctrl Pts',(-35.0753493293201,-18.0557414673262,14.889625150249));
#5359=CARTESIAN_POINT('Ctrl Pts',(-33.2926619364972,-16.6681276023639,14.7785876652739));
#5360=CARTESIAN_POINT('Ctrl Pts',(-31.1593579222782,-17.4113810554938,14.6675501802989));
#5361=CARTESIAN_POINT('Ctrl Pts',(-30.6248384961397,-19.6063062480418,14.5565126953238));
#5362=CARTESIAN_POINT('Ctrl Pts',(-32.1775493626532,-21.2471924230689,14.4454752103487));
#5363=CARTESIAN_POINT('Ctrl Pts',(-34.3986257300866,-20.8345989326193,14.3344377253736));
#5364=CARTESIAN_POINT('Ctrl Pts',(-35.2584545475758,-18.7455541848884,14.2234002403985));
#5365=CARTESIAN_POINT('Ctrl Pts',(-33.9713260619436,-16.8890211112139,14.1123627554234));
#5366=CARTESIAN_POINT('Ctrl Pts',(-31.7134151599884,-16.9614952248048,14.0013252704483));
#5367=CARTESIAN_POINT('Ctrl Pts',(-30.5479948974779,-18.8967496775107,13.8902877854733));
#5368=CARTESIAN_POINT('Ctrl Pts',(-31.5400233517326,-20.9263540398696,13.7792503004982));
#5369=CARTESIAN_POINT('Ctrl Pts',(-33.7829874569358,-21.1956610367875,13.6682128155231));
#5370=CARTESIAN_POINT('Ctrl Pts',(-35.2272724152421,-19.4585786528091,13.557175330548));
#5371=CARTESIAN_POINT('Ctrl Pts',(-34.5530943525911,-17.302448275853,13.4461378455729));
#5372=CARTESIAN_POINT('Ctrl Pts',(-32.3765154470346,-16.6975362845202,13.3351003605978));
#5373=CARTESIAN_POINT('Ctrl Pts',(-30.6864878805719,-18.1966096940599,13.2240628756228));
#5374=CARTESIAN_POINT('Ctrl Pts',(-31.0273544879287,-20.4298190898637,13.1130253906477));
#5375=CARTESIAN_POINT('Ctrl Pts',(-33.0876322314494,-21.3564634959725,13.0019879056726));
#5376=CARTESIAN_POINT('Ctrl Pts',(-34.9846446492974,-20.1297776322374,12.8909504206975));
#5377=CARTESIAN_POINT('Ctrl Pts',(-34.9849066446928,-17.8707039025095,12.7799129357224));
#5378=CARTESIAN_POINT('Ctrl Pts',(-33.0881788980006,-16.6435779948551,12.6688754507473));
#5379=CARTESIAN_POINT('Ctrl Pts',(-31.0276861459432,-17.5697445084433,12.5578379657723));
#5380=CARTESIAN_POINT('Ctrl Pts',(-30.6863017146379,-19.8028746487328,12.4468004807971));
#5381=CARTESIAN_POINT('Ctrl Pts',(-32.3759810786164,-21.3023403086522,12.3357629958221));
#5382=CARTESIAN_POINT('Ctrl Pts',(-34.5527010777593,-20.6979327311726,12.224725510847));
#5383=CARTESIAN_POINT('Ctrl Pts',(-35.2273776186424,-18.5419598224876,12.1136880258719));
#5384=CARTESIAN_POINT('Ctrl Pts',(-33.7834989974079,-16.8045404028269,12.0026505408968));
#5385=CARTESIAN_POINT('Ctrl Pts',(-31.5404657644584,-17.0733312037279,11.8916130559218));
#5386=CARTESIAN_POINT('Ctrl Pts',(-30.5479800162629,-19.1026971219285,11.7805755709466));
#5387=CARTESIAN_POINT('Ctrl Pts',(-31.7129242263078,-21.0382384720292,11.6695380859716));
#5388=CARTESIAN_POINT('Ctrl Pts',(-33.9708726813027,-21.1112030032804,11.5585006009965));
#5389=CARTESIAN_POINT('Ctrl Pts',(-35.2583224767432,-19.2550355477169,11.4474631160214));
#5390=CARTESIAN_POINT('Ctrl Pts',(-34.399197862076,-17.1656568435013,11.3364256310463));
#5391=CARTESIAN_POINT('Ctrl Pts',(-32.1777761660118,-16.7528184100372,11.2253881460712));
#5392=CARTESIAN_POINT('Ctrl Pts',(-30.6255714053103,-18.3928014190338,11.1143506610962));
#5393=CARTESIAN_POINT('Ctrl Pts',(-31.1577900813867,-20.5889418516592,11.003313176121));
#5394=CARTESIAN_POINT('Ctrl Pts',(-33.294641202771,-21.3304794229999,10.892275691146));
#5395=CARTESIAN_POINT('Ctrl Pts',(-34.4765584463984,-20.408595526297,10.8182507011626));
#5396=CARTESIAN_POINT('Ctrl Pts',(-34.7421895092344,-19.7995556011297,10.7812382061709));
#5397=CARTESIAN_POINT('Ctrl Pts',(-34.3948791949237,-19.6480771772826,10.9999999999999));
#5398=CARTESIAN_POINT('Ctrl Pts',(-34.3771875186268,-19.706763343306,10.9999999999999));
#5399=CARTESIAN_POINT('Ctrl Pts',(-34.3559480751324,-19.7641934697824,10.9999999999999));
#5400=CARTESIAN_POINT('Ctrl Pts',(-34.3314542230285,-19.8202084997881,10.9999999999999));
#5401=CARTESIAN_POINT('Ctrl Pts',(-34.3182932312634,-19.8503063931493,10.9999999999999));
#5402=CARTESIAN_POINT('Ctrl Pts',(-34.3041917378846,-19.8799957509363,10.9999999999999));
#5403=CARTESIAN_POINT('Ctrl Pts',(-34.2891892529938,-19.9092514380865,10.9999999999999));
#5404=CARTESIAN_POINT('Ctrl Pts',(-34.2809854678859,-19.9252492792647,10.9999999999999));
#5405=CARTESIAN_POINT('Ctrl Pts',(-34.2725121969312,-19.9411174335818,10.9999999999999));
#5406=CARTESIAN_POINT('Ctrl Pts',(-34.2637754128024,-19.9568516886949,10.9999999999999));
#5407=CARTESIAN_POINT('Ctrl Pts',(-34.2566130921654,-19.9697504599638,10.9999999999999));
#5408=CARTESIAN_POINT('Ctrl Pts',(-34.249274176587,-19.9825580976773,10.9999999999999));
#5409=CARTESIAN_POINT('Ctrl Pts',(-34.2417686481901,-19.9952614909084,10.9999999999999));
#5410=CARTESIAN_POINT('Ctrl Pts',(-34.2132995785146,-20.0434464777461,10.9999999999999));
#5411=CARTESIAN_POINT('Ctrl Pts',(-34.1824124906328,-20.0901746026208,10.9999999999999));
#5412=CARTESIAN_POINT('Ctrl Pts',(-34.1493037651223,-20.1353264476303,10.9999999999999));
#5413=CARTESIAN_POINT('Ctrl Pts',(-34.1312396255374,-20.1599613201055,10.9999999999999));
#5414=CARTESIAN_POINT('Ctrl Pts',(-34.1125136054802,-20.1841268842062,10.9999999999999));
#5415=CARTESIAN_POINT('Ctrl Pts',(-34.0931539663095,-20.2078027774653,10.9999999999999));
#5416=CARTESIAN_POINT('Ctrl Pts',(-34.079729047192,-20.2242207979272,10.9999999999999));
#5417=CARTESIAN_POINT('Ctrl Pts',(-34.0659993863881,-20.2404033342967,10.9999999999999));
#5418=CARTESIAN_POINT('Ctrl Pts',(-34.0519737515942,-20.2563433117364,10.9999999999999));
#5419=CARTESIAN_POINT('Ctrl Pts',(-34.0432245702989,-20.2662866586517,10.9999999999999));
#5420=CARTESIAN_POINT('Ctrl Pts',(-34.0343659771904,-20.2761290163965,10.9999999999999));
#5421=CARTESIAN_POINT('Ctrl Pts',(-34.0254030121484,-20.2858663327007,10.9999999999999));
#5422=CARTESIAN_POINT('Ctrl Pts',(-33.9806544065451,-20.3344809736024,10.9999999999999));
#5423=CARTESIAN_POINT('Ctrl Pts',(-33.9332895637495,-20.3804997618895,10.9999999999999));
#5424=CARTESIAN_POINT('Ctrl Pts',(-33.8836139704602,-20.4237414010495,10.9999999999999));
#5425=CARTESIAN_POINT('Ctrl Pts',(-33.8330795443247,-20.4677306375219,10.9999999999999));
#5426=CARTESIAN_POINT('Ctrl Pts',(-33.7801532418767,-20.5088467698128,10.9999999999999));
#5427=CARTESIAN_POINT('Ctrl Pts',(-33.7251077610799,-20.5468774384529,10.9999999999999));
#5428=CARTESIAN_POINT('Ctrl Pts',(-33.6853508553978,-20.5743453011052,10.9999999999999));
#5429=CARTESIAN_POINT('Ctrl Pts',(-33.6444874106453,-20.6002032185023,10.9999999999999));
#5430=CARTESIAN_POINT('Ctrl Pts',(-33.60260726771,-20.6243602666405,10.9999999999999));
#5431=CARTESIAN_POINT('Ctrl Pts',(-33.5801064184434,-20.6373390690224,10.9999999999999));
#5432=CARTESIAN_POINT('Ctrl Pts',(-33.5573119239234,-20.6498267268666,10.9999999999999));
#5433=CARTESIAN_POINT('Ctrl Pts',(-33.5342366733723,-20.6618077383693,10.9999999999999));
#5434=CARTESIAN_POINT('Ctrl Pts',(-33.5231182749808,-20.6675805753197,10.9999999999999));
#5435=CARTESIAN_POINT('Ctrl Pts',(-33.5119332419306,-20.6732363683586,10.9999999999999));
#5436=CARTESIAN_POINT('Ctrl Pts',(-33.5007001207382,-20.6787651908232,10.9999999999999));
#5437=CARTESIAN_POINT('Ctrl Pts',(-33.4387871643705,-20.7092380877283,10.9999999999999));
#5438=CARTESIAN_POINT('Ctrl Pts',(-33.3753044883039,-20.7359161262624,10.9999999999999));
#5439=CARTESIAN_POINT('Ctrl Pts',(-33.3105483819824,-20.7585907552426,10.9999999999999));
#5440=CARTESIAN_POINT('Ctrl Pts',(-33.2752821621859,-20.7709393736949,10.9999999999999));
#5441=CARTESIAN_POINT('Ctrl Pts',(-33.2396374940557,-20.7821001165475,10.9999999999999));
#5442=CARTESIAN_POINT('Ctrl Pts',(-33.2036575216856,-20.7920348094842,10.9999999999999));
#5443=CARTESIAN_POINT('Ctrl Pts',(-33.1396942298797,-20.8096961811156,10.9999999999999));
#5444=CARTESIAN_POINT('Ctrl Pts',(-33.0746724135186,-20.8234857817223,10.9999999999999));
#5445=CARTESIAN_POINT('Ctrl Pts',(-33.0088914665162,-20.8335399324645,10.9999999999999));
#5446=CARTESIAN_POINT('Ctrl Pts',(-32.9750689685871,-20.8387094611525,10.9999999999999));
#5447=CARTESIAN_POINT('Ctrl Pts',(-32.9410454026848,-20.8428906742176,10.9999999999999));
#5448=CARTESIAN_POINT('Ctrl Pts',(-32.9068596889939,-20.846097203585,10.9999999999999));
#5449=CARTESIAN_POINT('Ctrl Pts',(-32.889927883811,-20.8476853620495,10.9999999999999));
#5450=CARTESIAN_POINT('Ctrl Pts',(-32.8729562882262,-20.8490343687361,10.9999999999999));
#5451=CARTESIAN_POINT('Ctrl Pts',(-32.8559495689712,-20.8501455804947,10.9999999999999));
#5452=CARTESIAN_POINT('Ctrl Pts',(-32.8448322842721,-20.8508719791195,10.9999999999999));
#5453=CARTESIAN_POINT('Ctrl Pts',(-32.8337044004073,-20.8514964216409,10.9999999999999));
#5454=CARTESIAN_POINT('Ctrl Pts',(-32.8225752588915,-20.8520192525075,10.9999999999999));
#5455=CARTESIAN_POINT('Ctrl Pts',(-32.7535868977781,-20.8552602252791,10.9999999999999));
#5456=CARTESIAN_POINT('Ctrl Pts',(-32.6844608120618,-20.8546067636309,10.9999999999999));
#5457=CARTESIAN_POINT('Ctrl Pts',(-32.6155289486007,-20.8502382370645,10.9999999999999));
#5458=CARTESIAN_POINT('Ctrl Pts',(-32.5450194582917,-20.8457697290896,10.9999999999999));
#5459=CARTESIAN_POINT('Ctrl Pts',(-32.4747122865336,-20.8374142467782,10.9999999999999));
#5460=CARTESIAN_POINT('Ctrl Pts',(-32.4049430630684,-20.8253117534248,10.9999999999999));
#5461=CARTESIAN_POINT('Ctrl Pts',(-32.3345201707127,-20.8130958716315,10.9999999999999));
#5462=CARTESIAN_POINT('Ctrl Pts',(-32.2646442989608,-20.7970624083941,10.9999999999999));
#5463=CARTESIAN_POINT('Ctrl Pts',(-32.1956557406018,-20.7773026374083,10.9999999999999));
#5464=CARTESIAN_POINT('Ctrl Pts',(-32.1787120942165,-20.7724496214851,10.9999999999999));
#5465=CARTESIAN_POINT('Ctrl Pts',(-32.1618219907491,-20.7673715901653,10.9999999999999));
#5466=CARTESIAN_POINT('Ctrl Pts',(-32.1449905429322,-20.7620694194183,10.9999999999999));
#5467=CARTESIAN_POINT('Ctrl Pts',(-32.131221856259,-20.7577320665954,10.9999999999999));
#5468=CARTESIAN_POINT('Ctrl Pts',(-32.1174901377192,-20.7532438256339,10.9999999999999));
#5469=CARTESIAN_POINT('Ctrl Pts',(-32.1038203307039,-20.7486129417605,10.9999999999999));
#5470=CARTESIAN_POINT('Ctrl Pts',(-32.034024695087,-20.7249684614068,10.9999999999999));
#5471=CARTESIAN_POINT('Ctrl Pts',(-31.9657206578446,-20.6975724859791,10.9999999999999));
#5472=CARTESIAN_POINT('Ctrl Pts',(-31.8992628834284,-20.666583864649,10.9999999999999));
#5473=CARTESIAN_POINT('Ctrl Pts',(-31.8325626049483,-20.6354821660051,10.9999999999999));
#5474=CARTESIAN_POINT('Ctrl Pts',(-31.7677209699243,-20.6007614235818,10.9999999999999));
#5475=CARTESIAN_POINT('Ctrl Pts',(-31.7050972801088,-20.5625298713626,10.9999999999999));
#5476=CARTESIAN_POINT('Ctrl Pts',(-31.6437928496134,-20.5251037225258,10.9999999999999));
#5477=CARTESIAN_POINT('Ctrl Pts',(-31.5846128865526,-20.4843128118325,10.9999999999998));
#5478=CARTESIAN_POINT('Ctrl Pts',(-31.5279108767754,-20.4402122172758,10.9999999999998));
#5479=CARTESIAN_POINT('Ctrl Pts',(-31.5068434711234,-20.423826817205,10.9999999999998));
#5480=CARTESIAN_POINT('Ctrl Pts',(-31.4861183795753,-20.4069840823062,10.9999999999998));
#5481=CARTESIAN_POINT('Ctrl Pts',(-31.4657547589861,-20.3896852820486,10.9999999999998));
#5482=CARTESIAN_POINT('Ctrl Pts',(-33.3297991471767,-20.5684688620469,15.9999999999999));
#5483=CARTESIAN_POINT('Ctrl Pts',(-33.2737922714523,-20.5907094539145,15.9999999999999));
#5484=CARTESIAN_POINT('Ctrl Pts',(-33.2165775004921,-20.6094878046442,15.9999999999999));
#5485=CARTESIAN_POINT('Ctrl Pts',(-33.1584762874579,-20.6249443713469,15.9999999999999));
#5486=CARTESIAN_POINT('Ctrl Pts',(-33.097754275995,-20.64109814459,15.9999999999999));
#5487=CARTESIAN_POINT('Ctrl Pts',(-33.036063446535,-20.6536240835906,15.9999999999999));
#5488=CARTESIAN_POINT('Ctrl Pts',(-32.9737347138224,-20.6626377751006,15.9999999999999));
#5489=CARTESIAN_POINT('Ctrl Pts',(-32.92037092448,-20.6703549981854,15.9999999999999));
#5490=CARTESIAN_POINT('Ctrl Pts',(-32.8665385987058,-20.6754969438226,15.9999999999999));
#5491=CARTESIAN_POINT('Ctrl Pts',(-32.8124316501442,-20.678108995442,15.9999999999999));
#5492=CARTESIAN_POINT('Ctrl Pts',(-32.7871461004005,-20.6793296734308,15.9999999999999));
#5493=CARTESIAN_POINT('Ctrl Pts',(-32.7618004394566,-20.6799974809855,15.9999999999999));
#5494=CARTESIAN_POINT('Ctrl Pts',(-32.7364139487887,-20.6801151456843,15.9999999999999));
#5495=CARTESIAN_POINT('Ctrl Pts',(-32.724543107465,-20.6801701662457,15.9999999999999));
#5496=CARTESIAN_POINT('Ctrl Pts',(-32.7126617708991,-20.6801048527636,15.9999999999999));
#5497=CARTESIAN_POINT('Ctrl Pts',(-32.7007767810607,-20.6799194721697,15.9999999999999));
#5498=CARTESIAN_POINT('Ctrl Pts',(-32.6352560213644,-20.678897487506,15.9999999999999));
#5499=CARTESIAN_POINT('Ctrl Pts',(-32.5698992670558,-20.6742354139546,15.9999999999999));
#5500=CARTESIAN_POINT('Ctrl Pts',(-32.5050525319675,-20.666061539975,15.9999999999999));
#5501=CARTESIAN_POINT('Ctrl Pts',(-32.4362943764156,-20.6573946348829,15.9999999999999));
#5502=CARTESIAN_POINT('Ctrl Pts',(-32.3681085955362,-20.644780068474,15.9999999999999));
#5503=CARTESIAN_POINT('Ctrl Pts',(-32.3008861255289,-20.6283132081915,15.9999999999999));
#5504=CARTESIAN_POINT('Ctrl Pts',(-32.2504692730234,-20.6159630629797,15.9999999999999));
#5505=CARTESIAN_POINT('Ctrl Pts',(-32.2005936882105,-20.6014447898399,15.9999999999999));
#5506=CARTESIAN_POINT('Ctrl Pts',(-32.15142294259,-20.5847766447483,15.9999999999999));
#5507=CARTESIAN_POINT('Ctrl Pts',(-32.124381308386,-20.5756099364396,15.9999999999999));
#5508=CARTESIAN_POINT('Ctrl Pts',(-32.0975528686165,-20.565792669579,15.9999999999999));
#5509=CARTESIAN_POINT('Ctrl Pts',(-32.0709652999165,-20.5553254417589,15.9999999999999));
#5510=CARTESIAN_POINT('Ctrl Pts',(-32.0561323951147,-20.5494858933764,15.9999999999999));
#5511=CARTESIAN_POINT('Ctrl Pts',(-32.0413694724952,-20.5434417414705,15.9999999999999));
#5512=CARTESIAN_POINT('Ctrl Pts',(-32.0267107444579,-20.5372057909033,15.9999999999999));
#5513=CARTESIAN_POINT('Ctrl Pts',(-31.9632158335413,-20.510194502834,15.9999999999999));
#5514=CARTESIAN_POINT('Ctrl Pts',(-31.9015856799997,-20.4795560621117,15.9999999999999));
#5515=CARTESIAN_POINT('Ctrl Pts',(-31.8421853426309,-20.445388731176,15.9999999999999));
#5516=CARTESIAN_POINT('Ctrl Pts',(-31.8057908641448,-20.4244544697601,15.9999999999999));
#5517=CARTESIAN_POINT('Ctrl Pts',(-31.770233273553,-20.402194443055,15.9999999999999));
#5518=CARTESIAN_POINT('Ctrl Pts',(-31.7355970594177,-20.378621594031,15.9999999999999));
#5519=CARTESIAN_POINT('Ctrl Pts',(-31.6807655642782,-20.3413041622923,15.9999999999999));
#5520=CARTESIAN_POINT('Ctrl Pts',(-31.6282415754012,-20.300699136142,15.9999999999999));
#5521=CARTESIAN_POINT('Ctrl Pts',(-31.5781088847871,-20.2571106037947,15.9999999999999));
#5522=CARTESIAN_POINT('Ctrl Pts',(-31.5514974703467,-20.2339729567837,15.9999999999999));
#5523=CARTESIAN_POINT('Ctrl Pts',(-31.5255602301653,-20.2099938314967,15.9999999999999));
#5524=CARTESIAN_POINT('Ctrl Pts',(-31.5003127055867,-20.1852137315652,15.9999999999999));
#5525=CARTESIAN_POINT('Ctrl Pts',(-31.4919544060227,-20.1770101749033,15.9999999999999));
#5526=CARTESIAN_POINT('Ctrl Pts',(-31.4836717162031,-20.1687188085762,15.9999999999999));
#5527=CARTESIAN_POINT('Ctrl Pts',(-31.4754652586856,-20.1603410296959,15.9999999999999));
#5528=CARTESIAN_POINT('Ctrl Pts',(-31.467637254778,-20.1523496051778,15.9999999999999));
#5529=CARTESIAN_POINT('Ctrl Pts',(-31.4598855422769,-20.1442866240424,15.9999999999999));
#5530=CARTESIAN_POINT('Ctrl Pts',(-31.4522105701823,-20.1361539596942,15.9999999999999));
#5531=CARTESIAN_POINT('Ctrl Pts',(-31.4049876724069,-20.0861149533739,15.9999999999999));
#5532=CARTESIAN_POINT('Ctrl Pts',(-31.3606657577756,-20.0334395315363,15.9999999999999));
#5533=CARTESIAN_POINT('Ctrl Pts',(-31.3193148250273,-19.9784860553151,15.9999999999999));
#5534=CARTESIAN_POINT('Ctrl Pts',(-31.2770920278202,-19.9223739115712,15.9999999999999));
#5535=CARTESIAN_POINT('Ctrl Pts',(-31.2379661904993,-19.8638860213058,15.9999999999999));
#5536=CARTESIAN_POINT('Ctrl Pts',(-31.2020393258027,-19.8033556197535,15.9999999999999));
#5537=CARTESIAN_POINT('Ctrl Pts',(-31.1747701925098,-19.7574119616542,15.9999999999999));
#5538=CARTESIAN_POINT('Ctrl Pts',(-31.1493445139012,-19.7102905098141,15.9999999999999));
#5539=CARTESIAN_POINT('Ctrl Pts',(-31.1258205339031,-19.6621225497438,15.9999999999999));
#5540=CARTESIAN_POINT('Ctrl Pts',(-31.1091984077179,-19.6280869014205,15.9999999999999));
#5541=CARTESIAN_POINT('Ctrl Pts',(-31.0935260226215,-19.5935284841548,15.9999999999999));
#5542=CARTESIAN_POINT('Ctrl Pts',(-31.0788281273137,-19.55849082082,15.9999999999999));
#5543=CARTESIAN_POINT('Ctrl Pts',(-31.073620751659,-19.5460771880363,15.9999999999999));
#5544=CARTESIAN_POINT('Ctrl Pts',(-31.0685389379784,-19.5336109436044,15.9999999999999));
#5545=CARTESIAN_POINT('Ctrl Pts',(-31.0635850243867,-19.5210984047578,15.9999999999999));
#5546=CARTESIAN_POINT('Ctrl Pts',(-31.0390137609584,-19.4590365858608,15.9999999999999));
#5547=CARTESIAN_POINT('Ctrl Pts',(-31.0175734497695,-19.3958059704781,15.9999999999999));
#5548=CARTESIAN_POINT('Ctrl Pts',(-30.9993580199019,-19.3316692250906,15.9999999999999));
#5549=CARTESIAN_POINT('Ctrl Pts',(-30.9834691732277,-19.2757244068209,15.9999999999999));
#5550=CARTESIAN_POINT('Ctrl Pts',(-30.9700342384516,-19.2190894842494,15.9999999999999));
#5551=CARTESIAN_POINT('Ctrl Pts',(-30.9591342687283,-19.1619265072291,15.9999999999999));
#5552=CARTESIAN_POINT('Ctrl Pts',(-30.9559751788518,-19.1453592151542,15.9999999999999));
#5553=CARTESIAN_POINT('Ctrl Pts',(-30.9530309432652,-19.1287567741225,15.9999999999999));
#5554=CARTESIAN_POINT('Ctrl Pts',(-30.950303591791,-19.1121265442466,15.9999999999999));
#5555=CARTESIAN_POINT('Ctrl Pts',(-30.9383565161845,-19.0392783559743,15.9999999999999));
#5556=CARTESIAN_POINT('Ctrl Pts',(-30.930563705472,-18.9658787979589,15.9999999999999));
#5557=CARTESIAN_POINT('Ctrl Pts',(-30.9270710276536,-18.8922607017425,15.9999999999999));
#5558=CARTESIAN_POINT('Ctrl Pts',(-30.9246503932557,-18.8412389627566,15.9999999999999));
#5559=CARTESIAN_POINT('Ctrl Pts',(-30.9242961112421,-18.7901116314281,15.9999999999999));
#5560=CARTESIAN_POINT('Ctrl Pts',(-30.9260707247509,-18.73898480942,15.9999999999999));
#5561=CARTESIAN_POINT('Origin',(32.908965343809,-18.9999999999999,15.9999999999999));
#5562=CARTESIAN_POINT('Origin',(-32.9089653438082,-19.0000000000004,15.9999999999999));
#5563=CARTESIAN_POINT('Origin',(-4.6535334287958E-15,37.9999999999998,10.9999999999999));
#5564=CARTESIAN_POINT('',(0.766287649471819,36.1488184555501,15.9999999999999));
#5565=CARTESIAN_POINT('Ctrl Pts',(-2.00297766590945,38.0006424289686,15.781251625346));
#5566=CARTESIAN_POINT('Ctrl Pts',(-2.00012832420398,37.3786073773777,15.8160508631985));
#5567=CARTESIAN_POINT('Ctrl Pts',(-1.68743853808344,36.7542791930647,15.850850101051));
#5568=CARTESIAN_POINT('Ctrl Pts',(-1.18628158416673,36.3858616393813,15.8856493389036));
#5569=CARTESIAN_POINT('Ctrl Pts',(-0.653250679136588,35.9940124581336,15.9226618338953));
#5570=CARTESIAN_POINT('Ctrl Pts',(0.0929830546506286,35.8916612886469,15.959674328887));
#5571=CARTESIAN_POINT('Ctrl Pts',(0.711287707724963,36.1268692186714,15.9966868238786));
#5572=CARTESIAN_POINT('Ctrl Pts',(0.729736902721204,36.1338874368655,15.9977912159191));
#5573=CARTESIAN_POINT('Ctrl Pts',(0.748072198932353,36.1412061932258,15.9988956079595));
#5574=CARTESIAN_POINT('Ctrl Pts',(0.766287649471823,36.1488184555501,15.9999999999999));
#5575=CARTESIAN_POINT('',(-0.765401523712473,36.1522552915786,15.9999999999999));
#5576=CARTESIAN_POINT('Origin',(-4.6535334287958E-15,37.9999999999998,15.9999999999999));
#5577=CARTESIAN_POINT('Ctrl Pts',(-0.765401523712438,36.1522552915786,15.9999999999999));
#5578=CARTESIAN_POINT('Ctrl Pts',(-1.37926551272635,36.4065395714372,15.9629875050082));
#5579=CARTESIAN_POINT('Ctrl Pts',(-1.93699369040463,37.0947614686362,15.9192382015851));
#5580=CARTESIAN_POINT('Ctrl Pts',(-2.00167558833806,37.8769824489196,15.875488898162));
#5581=CARTESIAN_POINT('Ctrl Pts',(-2.00058116016519,37.9976717310116,15.8687520897306));
#5582=CARTESIAN_POINT('Ctrl Pts',(1.414084478257,39.4143426347077,16.2187617938288));
#5583=CARTESIAN_POINT('Ctrl Pts',(1.88396216623918,38.9445507123338,16.1817492988371));
#5584=CARTESIAN_POINT('Ctrl Pts',(2.31034350552221,37.507611207767,16.1077243088537));
#5585=CARTESIAN_POINT('Ctrl Pts',(0.839216788437845,35.7893101191603,15.9966868238786));
#5586=CARTESIAN_POINT('Ctrl Pts',(-1.39948441292381,36.0963636276202,15.8856493389036));
#5587=CARTESIAN_POINT('Ctrl Pts',(-2.35896864174303,38.1404052066465,15.7746118539285));
#5588=CARTESIAN_POINT('Ctrl Pts',(-1.16302184485798,40.0574185560256,15.6635743689534));
#5589=CARTESIAN_POINT('Ctrl Pts',(1.09578603709948,40.0937292841747,15.5525368839783));
#5590=CARTESIAN_POINT('Ctrl Pts',(2.35321990714227,38.2171162389646,15.4414993990032));
#5591=CARTESIAN_POINT('Ctrl Pts',(1.4603113734167,36.1419419873802,15.3304619140281));
#5592=CARTESIAN_POINT('Ctrl Pts',(-0.767037908220061,35.7647371415804,15.2194244290531));
#5593=CARTESIAN_POINT('Ctrl Pts',(-2.2934639135532,37.4300691735321,15.108386944078));
#5594=CARTESIAN_POINT('Ctrl Pts',(-1.72413153348975,39.6162228799347,14.9973494591029));
#5595=CARTESIAN_POINT('Ctrl Pts',(0.42070930769479,40.3254660719839,14.8863119741278));
#5596=CARTESIAN_POINT('Ctrl Pts',(2.18110630851283,38.9097094983982,14.7752744891527));
#5597=CARTESIAN_POINT('Ctrl Pts',(1.94841437580573,36.6626601584778,14.6642370041776));
#5598=CARTESIAN_POINT('Ctrl Pts',(-0.0647337764804521,35.6376698065053,
14.5531995192025));
#5599=CARTESIAN_POINT('Ctrl Pts',(-2.01872827467126,36.771370039616,14.4421620342275));
#5600=CARTESIAN_POINT('Ctrl Pts',(-2.12801413396471,39.0277894851418,14.3311245492524));
#5601=CARTESIAN_POINT('Ctrl Pts',(-0.292726145681825,40.3450173883463,14.2200870642773));
#5602=CARTESIAN_POINT('Ctrl Pts',(1.81005422688949,39.5193745364693,14.1090495793022));
#5603=CARTESIAN_POINT('Ctrl Pts',(2.25881172458647,37.305331113377,13.9980120943271));
#5604=CARTESIAN_POINT('Ctrl Pts',(0.643472895301529,35.726074346681,13.8869746093521));
#5605=CARTESIAN_POINT('Ctrl Pts',(-1.55986980374053,36.2247249627127,13.775937124377));
#5606=CARTESIAN_POINT('Ctrl Pts',(-2.33780750215905,38.345617331246,13.6648996394019));
#5607=CARTESIAN_POINT('Ctrl Pts',(-0.979462739760215,40.1506854717112,13.5538621544268));
#5608=CARTESIAN_POINT('Ctrl Pts',(1.27391254872736,39.990462780569,13.4428246694517));
#5609=CARTESIAN_POINT('Ctrl Pts',(2.3631898329514,38.0113603364382,13.3317871844766));
#5610=CARTESIAN_POINT('Ctrl Pts',(1.2929903574115,36.0218768479155,13.2207496995015));
#5611=CARTESIAN_POINT('Ctrl Pts',(-0.95874039029674,35.8399971874169,13.1097122145265));
#5612=CARTESIAN_POINT('Ctrl Pts',(-2.33437660254456,37.6319225278479,12.9986747295514));
#5613=CARTESIAN_POINT('Ctrl Pts',(-1.57686558246358,39.7601961012806,12.8876372445763));
#5614=CARTESIAN_POINT('Ctrl Pts',(0.621581300858131,40.2800070422989,12.7765997596012));
#5615=CARTESIAN_POINT('Ctrl Pts',(2.25202846944717,38.7163533888466,12.6655622746261));
#5616=CARTESIAN_POINT('Ctrl Pts',(1.82457848498347,36.4980979447032,12.554524789651));
#5617=CARTESIAN_POINT('Ctrl Pts',(-0.270167904839154,35.6522765487165,12.4434873046759));
#5618=CARTESIAN_POINT('Ctrl Pts',(-2.11803298083142,36.9517991291546,12.3324498197009));
#5619=CARTESIAN_POINT('Ctrl Pts',(-2.03045012462373,39.2091642708142,12.2214123347258));
#5620=CARTESIAN_POINT('Ctrl Pts',(-0.0874369468164654,40.3615995956257,
12.1103748497507));
#5621=CARTESIAN_POINT('Ctrl Pts',(1.93545549101505,39.3560085697278,11.9993373647756));
#5622=CARTESIAN_POINT('Ctrl Pts',(2.18977432958947,37.1113058619179,11.8882998798005));
#5623=CARTESIAN_POINT('Ctrl Pts',(0.44300208881239,35.6786787077396,11.7772623948254));
#5624=CARTESIAN_POINT('Ctrl Pts',(-1.70842305257563,36.3672905868028,11.6662249098504));
#5625=CARTESIAN_POINT('Ctrl Pts',(-2.29901689183056,38.5478250244135,11.5551874248753));
#5626=CARTESIAN_POINT('Ctrl Pts',(-0.78813492566398,40.2278442525742,11.4441499399002));
#5627=CARTESIAN_POINT('Ctrl Pts',(1.44166664351927,39.8718935197351,11.3331124549251));
#5628=CARTESIAN_POINT('Ctrl Pts',(2.35663011059134,37.8057602278201,11.22207496995));
#5629=CARTESIAN_POINT('Ctrl Pts',(1.11288982957933,35.9163469426402,11.111037484975));
#5630=CARTESIAN_POINT('Ctrl Pts',(-0.385928636825531,35.9281533407923,11.0370124949916));
#5631=CARTESIAN_POINT('Ctrl Pts',(-0.967463311503531,36.2495672703884,10.9999999999999));
#5632=CARTESIAN_POINT('Ctrl Pts',(1.32478350171019,39.3250253552996,16.1458411958858));
#5633=CARTESIAN_POINT('Ctrl Pts',(1.76498790139909,38.8849013050272,16.1088287008941));
#5634=CARTESIAN_POINT('Ctrl Pts',(2.16444279423229,37.538706096837,16.0348037109107));
#5635=CARTESIAN_POINT('Ctrl Pts',(0.786219333268579,35.9289175954013,15.9237662259357));
#5636=CARTESIAN_POINT('Ctrl Pts',(-1.31110544642091,36.2165803400285,15.8127287409606));
#5637=CARTESIAN_POINT('Ctrl Pts',(-2.20999720008586,38.1315384647661,15.7016912559855));
#5638=CARTESIAN_POINT('Ctrl Pts',(-1.08957574733833,39.9274903310548,15.5906537710104));
#5639=CARTESIAN_POINT('Ctrl Pts',(1.02658595414548,39.9615079971325,15.4796162860353));
#5640=CARTESIAN_POINT('Ctrl Pts',(2.20461150434287,38.2034051117569,15.3685788010603));
#5641=CARTESIAN_POINT('Ctrl Pts',(1.36809111804039,36.2592803766765,15.2575413160852));
#5642=CARTESIAN_POINT('Ctrl Pts',(-0.718598628031576,35.9058964281469,15.1465038311101));
#5643=CARTESIAN_POINT('Ctrl Pts',(-2.14862916689958,37.4660609266065,15.035466346135));
#5644=CARTESIAN_POINT('Ctrl Pts',(-1.61525074736757,39.5141566429349,14.9244288611599));
#5645=CARTESIAN_POINT('Ctrl Pts',(0.394141056223854,40.1786103541341,14.8133913761848));
#5646=CARTESIAN_POINT('Ctrl Pts',(2.0433670671185,38.8522603517383,14.7023538912097));
#5647=CARTESIAN_POINT('Ctrl Pts',(1.8253698836607,36.7471146275417,14.5913164062347));
#5648=CARTESIAN_POINT('Ctrl Pts',(-0.0606457679179134,35.7868535338206,
14.4802789212595));
#5649=CARTESIAN_POINT('Ctrl Pts',(-1.8912433831512,36.8489593611621,14.3692414362845));
#5650=CARTESIAN_POINT('Ctrl Pts',(-1.99362772127832,38.9628834585791,14.2582039513094));
#5651=CARTESIAN_POINT('Ctrl Pts',(-0.274240170429206,40.1969269835519,14.1471664663343));
#5652=CARTESIAN_POINT('Ctrl Pts',(1.69574732899952,39.423424377951,14.0361289813592));
#5653=CARTESIAN_POINT('Ctrl Pts',(2.1161653014466,37.3492002109492,13.9250914963841));
#5654=CARTESIAN_POINT('Ctrl Pts',(0.602836880399036,35.8696752308988,13.8140540114091));
#5655=CARTESIAN_POINT('Ctrl Pts',(-1.46136232494293,36.3368355168603,13.703016526434));
#5656=CARTESIAN_POINT('Ctrl Pts',(-2.19017240953814,38.3237912199589,13.5919790414589));
#5657=CARTESIAN_POINT('Ctrl Pts',(-0.917608599857897,40.014867339328,13.4809415564838));
#5658=CARTESIAN_POINT('Ctrl Pts',(1.19346358235668,39.8647628858187,13.3699040715087));
#5659=CARTESIAN_POINT('Ctrl Pts',(2.21395181846716,38.0106429188062,13.2588665865336));
#5660=CARTESIAN_POINT('Ctrl Pts',(1.21133660662231,36.1467974816733,13.1478291015586));
#5661=CARTESIAN_POINT('Ctrl Pts',(-0.898194889356159,35.9764037200346,13.0367916165835));
#5662=CARTESIAN_POINT('Ctrl Pts',(-2.18695817497493,37.655167021521,12.9257541316084));
#5663=CARTESIAN_POINT('Ctrl Pts',(-1.4772848017095,39.649037798382,12.8147166466333));
#5664=CARTESIAN_POINT('Ctrl Pts',(0.58232776401266,40.1360221117367,12.7036791616582));
#5665=CARTESIAN_POINT('Ctrl Pts',(2.10981041626498,38.6711148913167,12.5926416766831));
#5666=CARTESIAN_POINT('Ctrl Pts',(1.70935436435939,36.5929446969856,12.4816041917081));
#5667=CARTESIAN_POINT('Ctrl Pts',(-0.253106507090499,35.8005378443358,12.370566706733));
#5668=CARTESIAN_POINT('Ctrl Pts',(-1.98427688884762,37.0179941569786,12.2595292217579));
#5669=CARTESIAN_POINT('Ctrl Pts',(-1.90222498549909,39.1328042287873,12.1484917367828));
#5670=CARTESIAN_POINT('Ctrl Pts',(-0.0819152082944447,40.2124620063623,
12.0374542518077));
#5671=CARTESIAN_POINT('Ctrl Pts',(1.81322936657333,39.2703751501234,11.9264167668326));
#5672=CARTESIAN_POINT('Ctrl Pts',(2.0514876932136,37.1674278656614,11.8153792818575));
#5673=CARTESIAN_POINT('Ctrl Pts',(0.415026023908554,35.8252726782308,11.7043417968825));
#5674=CARTESIAN_POINT('Ctrl Pts',(-1.60053427414979,36.470397966353,11.5933043119074));
#5675=CARTESIAN_POINT('Ctrl Pts',(-2.15383146854443,38.5132292768403,11.4822668269323));
#5676=CARTESIAN_POINT('Ctrl Pts',(-0.738363345822304,40.087153459055,11.3712293419572));
#5677=CARTESIAN_POINT('Ctrl Pts',(1.35062382316392,39.7536814030799,11.2601918569821));
#5678=CARTESIAN_POINT('Ctrl Pts',(2.20780634972605,37.8180266812086,11.149154372007));
#5679=CARTESIAN_POINT('Ctrl Pts',(1.04260962348235,36.0479319049731,11.038116887032));
#5680=CARTESIAN_POINT('Ctrl Pts',(-0.361556822640582,36.0589927162096,10.9640918970486));
#5681=CARTESIAN_POINT('Ctrl Pts',(-0.906366948578334,36.3601090057213,10.9270794020569));
#5682=CARTESIAN_POINT('Ctrl Pts',(1.23548252516338,39.2357080758914,16.0729205979428));
#5683=CARTESIAN_POINT('Ctrl Pts',(1.646013636559,38.8252518977207,16.0359081029512));
#5684=CARTESIAN_POINT('Ctrl Pts',(2.01854208294238,37.5698009859071,15.9618831129678));
#5685=CARTESIAN_POINT('Ctrl Pts',(0.733221878099313,36.0685250716424,15.8508456279927));
#5686=CARTESIAN_POINT('Ctrl Pts',(-1.22272647991802,36.3367970524367,15.7398081430176));
#5687=CARTESIAN_POINT('Ctrl Pts',(-2.0610257584287,38.1226717228857,15.6287706580425));
#5688=CARTESIAN_POINT('Ctrl Pts',(-1.01612964981867,39.797562106084,15.5177331730674));
#5689=CARTESIAN_POINT('Ctrl Pts',(0.957385871191486,39.8292867100904,15.4066956880923));
#5690=CARTESIAN_POINT('Ctrl Pts',(2.05600310154346,38.1896939845493,15.2956582031173));
#5691=CARTESIAN_POINT('Ctrl Pts',(1.27587086266409,36.3766187659728,15.1846207181422));
#5692=CARTESIAN_POINT('Ctrl Pts',(-0.670159347843093,36.0470557147135,15.0735832331671));
#5693=CARTESIAN_POINT('Ctrl Pts',(-2.00379442024596,37.5020526796809,14.962545748192));
#5694=CARTESIAN_POINT('Ctrl Pts',(-1.5063699612454,39.4120904059351,14.8515082632169));
#5695=CARTESIAN_POINT('Ctrl Pts',(0.367572804752917,40.0317546362844,14.7404707782419));
#5696=CARTESIAN_POINT('Ctrl Pts',(1.90562782572418,38.7948112050783,14.6294332932667));
#5697=CARTESIAN_POINT('Ctrl Pts',(1.70232539151567,36.8315690966058,14.5183958082917));
#5698=CARTESIAN_POINT('Ctrl Pts',(-0.0565577593553744,35.9360372611359,
14.4073583233166));
#5699=CARTESIAN_POINT('Ctrl Pts',(-1.76375849163113,36.9265486827083,14.2963208383415));
#5700=CARTESIAN_POINT('Ctrl Pts',(-1.85924130859193,38.8979774320163,14.1852833533664));
#5701=CARTESIAN_POINT('Ctrl Pts',(-0.255754195176587,40.0488365787574,14.0742458683914));
#5702=CARTESIAN_POINT('Ctrl Pts',(1.58144043110954,39.3274742194327,13.9632083834162));
#5703=CARTESIAN_POINT('Ctrl Pts',(1.97351887830674,37.3930693085215,13.8521708984412));
#5704=CARTESIAN_POINT('Ctrl Pts',(0.562200865496546,36.0132761151165,13.7411334134661));
#5705=CARTESIAN_POINT('Ctrl Pts',(-1.36285484614533,36.4489460710079,13.630095928491));
#5706=CARTESIAN_POINT('Ctrl Pts',(-2.04253731691723,38.3019651086718,13.5190584435159));
#5707=CARTESIAN_POINT('Ctrl Pts',(-0.855754459955579,39.8790492069448,13.4080209585408));
#5708=CARTESIAN_POINT('Ctrl Pts',(1.113014615986,39.7390629910684,13.2969834735657));
#5709=CARTESIAN_POINT('Ctrl Pts',(2.06471380398292,38.0099255011742,13.1859459885906));
#5710=CARTESIAN_POINT('Ctrl Pts',(1.12968285583312,36.2717181154312,13.0749085036156));
#5711=CARTESIAN_POINT('Ctrl Pts',(-0.837649388415576,36.1128102526522,12.9638710186405));
#5712=CARTESIAN_POINT('Ctrl Pts',(-2.03953974740531,37.6784115151941,12.8528335336654));
#5713=CARTESIAN_POINT('Ctrl Pts',(-1.37770402095542,39.5378794954834,12.7417960486903));
#5714=CARTESIAN_POINT('Ctrl Pts',(0.543074227167188,39.9920371811745,12.6307585637152));
#5715=CARTESIAN_POINT('Ctrl Pts',(1.9675923630828,38.6258763937869,12.5197210787401));
#5716=CARTESIAN_POINT('Ctrl Pts',(1.5941302437353,36.687791449268,12.4086835937651));
#5717=CARTESIAN_POINT('Ctrl Pts',(-0.236045109341843,35.948799139955,12.29764610879));
#5718=CARTESIAN_POINT('Ctrl Pts',(-1.85052079686383,37.0841891848025,12.1866086238149));
#5719=CARTESIAN_POINT('Ctrl Pts',(-1.77399984637445,39.0564441867605,12.0755711388398));
#5720=CARTESIAN_POINT('Ctrl Pts',(-0.0763934697724255,40.0633244170989,
11.9645336538647));
#5721=CARTESIAN_POINT('Ctrl Pts',(1.69100324213162,39.1847417305192,11.8534961688896));
#5722=CARTESIAN_POINT('Ctrl Pts',(1.91320105683774,37.2235498694046,11.7424586839146));
#5723=CARTESIAN_POINT('Ctrl Pts',(0.387049959004717,35.971866648722,11.6314211989395));
#5724=CARTESIAN_POINT('Ctrl Pts',(-1.49264549572394,36.5735053459032,11.5203837139644));
#5725=CARTESIAN_POINT('Ctrl Pts',(-2.0086460452583,38.4786335292671,11.4093462289893));
#5726=CARTESIAN_POINT('Ctrl Pts',(-0.688591765980627,39.946462665536,11.2983087440142));
#5727=CARTESIAN_POINT('Ctrl Pts',(1.25958100280857,39.6354692864247,11.1872712590391));
#5728=CARTESIAN_POINT('Ctrl Pts',(2.05898258886077,37.8302931345971,11.0762337740641));
#5729=CARTESIAN_POINT('Ctrl Pts',(0.97232941738536,36.1795168673059,10.965196289089));
#5730=CARTESIAN_POINT('Ctrl Pts',(-0.337185008455634,36.1898320916269,10.8911712991056));
#5731=CARTESIAN_POINT('Ctrl Pts',(-0.845270585653136,36.4706507410542,10.8541588041139));
#5732=CARTESIAN_POINT('Ctrl Pts',(1.14618154861656,39.1463907964833,15.9999999999999));
#5733=CARTESIAN_POINT('Ctrl Pts',(1.52703937171891,38.7656024904142,15.9629875050082));
#5734=CARTESIAN_POINT('Ctrl Pts',(1.87264137165247,37.6008958749771,15.8889625150248));
#5735=CARTESIAN_POINT('Ctrl Pts',(0.680224422930048,36.2081325478835,15.7779250300497));
#5736=CARTESIAN_POINT('Ctrl Pts',(-1.13434751341512,36.4570137648448,15.6668875450746));
#5737=CARTESIAN_POINT('Ctrl Pts',(-1.91205431677154,38.1138049810052,15.5558500600995));
#5738=CARTESIAN_POINT('Ctrl Pts',(-0.942683552299016,39.6676338811133,15.4448125751244));
#5739=CARTESIAN_POINT('Ctrl Pts',(0.888185788237488,39.6970654230482,15.3337750901494));
#5740=CARTESIAN_POINT('Ctrl Pts',(1.90739469874405,38.1759828573417,15.2227376051743));
#5741=CARTESIAN_POINT('Ctrl Pts',(1.18365060728778,36.4939571552691,15.1117001201992));
#5742=CARTESIAN_POINT('Ctrl Pts',(-0.62172006765461,36.1882150012802,15.0006626352241));
#5743=CARTESIAN_POINT('Ctrl Pts',(-1.85895967359233,37.5380444327552,14.889625150249));
#5744=CARTESIAN_POINT('Ctrl Pts',(-1.39748917512322,39.3100241689353,14.7785876652739));
#5745=CARTESIAN_POINT('Ctrl Pts',(0.341004553281983,39.8848989184346,14.6675501802989));
#5746=CARTESIAN_POINT('Ctrl Pts',(1.76788858432985,38.7373620584184,14.5565126953237));
#5747=CARTESIAN_POINT('Ctrl Pts',(1.57928089937064,36.9160235656698,14.4454752103487));
#5748=CARTESIAN_POINT('Ctrl Pts',(-0.0524697507928369,36.0852209884512,
14.3344377253736));
#5749=CARTESIAN_POINT('Ctrl Pts',(-1.63627360011106,37.0041380042545,14.2234002403985));
#5750=CARTESIAN_POINT('Ctrl Pts',(-1.72485489590553,38.8330714054535,14.1123627554234));
#5751=CARTESIAN_POINT('Ctrl Pts',(-0.237268219923969,39.900746173963,14.0013252704483));
#5752=CARTESIAN_POINT('Ctrl Pts',(1.46713353321957,39.2315240609143,13.8902877854733));
#5753=CARTESIAN_POINT('Ctrl Pts',(1.83087245516687,37.4369384060938,13.7792503004982));
#5754=CARTESIAN_POINT('Ctrl Pts',(0.521564850594056,36.1568769993341,13.6682128155231));
#5755=CARTESIAN_POINT('Ctrl Pts',(-1.26434736734774,36.5610566251555,13.557175330548));
#5756=CARTESIAN_POINT('Ctrl Pts',(-1.89490222429631,38.2801389973847,13.4461378455729));
#5757=CARTESIAN_POINT('Ctrl Pts',(-0.793900320053263,39.7432310745617,13.3351003605978));
#5758=CARTESIAN_POINT('Ctrl Pts',(1.03256564961533,39.6133630963182,13.2240628756228));
#5759=CARTESIAN_POINT('Ctrl Pts',(1.91547578949867,38.0092080835422,13.1130253906476));
#5760=CARTESIAN_POINT('Ctrl Pts',(1.04802910504393,36.396638749189,13.0019879056726));
#5761=CARTESIAN_POINT('Ctrl Pts',(-0.777103887474995,36.2492167852699,12.8909504206975));
#5762=CARTESIAN_POINT('Ctrl Pts',(-1.89212131983568,37.7016560088671,12.7799129357224));
#5763=CARTESIAN_POINT('Ctrl Pts',(-1.27812324020134,39.4267211925849,12.6688754507473));
#5764=CARTESIAN_POINT('Ctrl Pts',(0.503820690321717,39.8480522506123,12.5578379657722));
#5765=CARTESIAN_POINT('Ctrl Pts',(1.82537430990061,38.580637896257,12.4468004807972));
#5766=CARTESIAN_POINT('Ctrl Pts',(1.47890612311122,36.7826382015505,12.3357629958221));
#5767=CARTESIAN_POINT('Ctrl Pts',(-0.218983711593189,36.0970604355742,12.224725510847));
#5768=CARTESIAN_POINT('Ctrl Pts',(-1.71676470488003,37.1503842126266,12.1136880258719));
#5769=CARTESIAN_POINT('Ctrl Pts',(-1.64577470724981,38.9800841447336,12.0026505408968));
#5770=CARTESIAN_POINT('Ctrl Pts',(-0.0708717312504056,39.9141868278357,
11.8916130559217));
#5771=CARTESIAN_POINT('Ctrl Pts',(1.56877711768991,39.0991083109148,11.7805755709467));
#5772=CARTESIAN_POINT('Ctrl Pts',(1.77491442046187,37.279671873148,11.6695380859716));
#5773=CARTESIAN_POINT('Ctrl Pts',(0.359073894100881,36.1184606192133,11.5585006009965));
#5774=CARTESIAN_POINT('Ctrl Pts',(-1.3847567172981,36.6766127254534,11.4474631160214));
#5775=CARTESIAN_POINT('Ctrl Pts',(-1.86346062197217,38.444037781694,11.3364256310463));
#5776=CARTESIAN_POINT('Ctrl Pts',(-0.63882018613895,39.8057718720168,11.2253881460712));
#5777=CARTESIAN_POINT('Ctrl Pts',(1.16853818245322,39.5172571697695,11.1143506610961));
#5778=CARTESIAN_POINT('Ctrl Pts',(1.91015882799549,37.8425595879855,11.0033131761211));
#5779=CARTESIAN_POINT('Ctrl Pts',(0.902049211288373,36.3111018296389,10.892275691146));
#5780=CARTESIAN_POINT('Ctrl Pts',(-0.312813194270685,36.3206714670443,10.8182507011626));
#5781=CARTESIAN_POINT('Ctrl Pts',(-0.784174222727938,36.581192476387,10.7812382061709));
#5782=CARTESIAN_POINT('',(1.61091692254346,37.8186421512196,10.9999999999999));
#5783=CARTESIAN_POINT('Ctrl Pts',(-0.967463311503519,36.2495672703884,10.9999999999999));
#5784=CARTESIAN_POINT('Ctrl Pts',(-0.900145625041479,36.2204106048985,10.9999999999999));
#5785=CARTESIAN_POINT('Ctrl Pts',(-0.831228130892027,36.1953259152412,10.9999999999999));
#5786=CARTESIAN_POINT('Ctrl Pts',(-0.761068314750985,36.1742638123819,10.9999999999999));
#5787=CARTESIAN_POINT('Ctrl Pts',(-0.712172664806992,36.1595852504196,10.9999999999999));
#5788=CARTESIAN_POINT('Ctrl Pts',(-0.662673298647011,36.1468615499759,10.9999999999999));
#5789=CARTESIAN_POINT('Ctrl Pts',(-0.612691031864192,36.1360905427853,10.9999999999999));
#5790=CARTESIAN_POINT('Ctrl Pts',(-0.597478331966405,36.1328122580949,10.9999999999999));
#5791=CARTESIAN_POINT('Ctrl Pts',(-0.582220909193205,36.129714944962,10.9999999999999));
#5792=CARTESIAN_POINT('Ctrl Pts',(-0.566922210860926,36.1267987541322,10.9999999999999));
#5793=CARTESIAN_POINT('Ctrl Pts',(-0.550502165628669,36.1236688156046,10.9999999999999));
#5794=CARTESIAN_POINT('Ctrl Pts',(-0.534043380332145,36.1207492312647,10.9999999999999));
#5795=CARTESIAN_POINT('Ctrl Pts',(-0.51755372786224,36.118040113746,10.9999999999999));
#5796=CARTESIAN_POINT('Ctrl Pts',(-0.456461058168783,36.1080030785787,10.9999999999999));
#5797=CARTESIAN_POINT('Ctrl Pts',(-0.394928441728887,36.1008498683816,10.9999999999999));
#5798=CARTESIAN_POINT('Ctrl Pts',(-0.333174151936968,36.0965682329796,10.9999999999999));
#5799=CARTESIAN_POINT('Ctrl Pts',(-0.277247850349494,36.0926906718646,10.9999999999999));
#5800=CARTESIAN_POINT('Ctrl Pts',(-0.22113949744017,36.0911686416224,10.9999999999999));
#5801=CARTESIAN_POINT('Ctrl Pts',(-0.165016255514146,36.0920113457586,10.9999999999999));
#5802=CARTESIAN_POINT('Ctrl Pts',(-0.151764150612567,36.0922103293388,10.9999999999999));
#5803=CARTESIAN_POINT('Ctrl Pts',(-0.13851121056471,36.0925413292516,10.9999999999999));
#5804=CARTESIAN_POINT('Ctrl Pts',(-0.125274108196339,36.0930038142959,10.9999999999999));
#5805=CARTESIAN_POINT('Ctrl Pts',(-0.0539582587591528,36.0954954860277,
10.9999999999999));
#5806=CARTESIAN_POINT('Ctrl Pts',(0.0170040354342427,36.1018003879231,10.9999999999999));
#5807=CARTESIAN_POINT('Ctrl Pts',(0.0872806552534625,36.1118889333643,10.9999999999999));
#5808=CARTESIAN_POINT('Ctrl Pts',(0.156076149519896,36.121764856137,10.9999999999999));
#5809=CARTESIAN_POINT('Ctrl Pts',(0.224215452136036,36.1352670014079,10.9999999999999));
#5810=CARTESIAN_POINT('Ctrl Pts',(0.291369540869963,36.1524132139241,10.9999999999999));
#5811=CARTESIAN_POINT('Ctrl Pts',(0.341539057978269,36.1652228167107,10.9999999999999));
#5812=CARTESIAN_POINT('Ctrl Pts',(0.39115841608885,36.1800672237593,10.9999999999999));
#5813=CARTESIAN_POINT('Ctrl Pts',(0.440079525946541,36.1969692508097,10.9999999999999));
#5814=CARTESIAN_POINT('Ctrl Pts',(0.465323591126644,36.2056909636608,10.9999999999999));
#5815=CARTESIAN_POINT('Ctrl Pts',(0.490381555925281,36.2149607722434,10.9999999999999));
#5816=CARTESIAN_POINT('Ctrl Pts',(0.515231792889593,36.2247831109776,10.9999999999999));
#5817=CARTESIAN_POINT('Ctrl Pts',(0.526862465995732,36.2293802667762,10.9999999999999));
#5818=CARTESIAN_POINT('Ctrl Pts',(0.538447622183471,36.2340984681529,10.9999999999999));
#5819=CARTESIAN_POINT('Ctrl Pts',(0.549984969053998,36.2389382341632,10.9999999999999));
#5820=CARTESIAN_POINT('Ctrl Pts',(0.559483019813632,36.2429225421454,10.9999999999999));
#5821=CARTESIAN_POINT('Ctrl Pts',(0.568946492308875,36.2469883805769,10.9999999999999));
#5822=CARTESIAN_POINT('Ctrl Pts',(0.578366278230128,36.2511323305489,10.9999999999999));
#5823=CARTESIAN_POINT('Ctrl Pts',(0.639691669530323,36.2781105820383,10.9999999999999));
#5824=CARTESIAN_POINT('Ctrl Pts',(0.699265972131944,36.3084369493752,10.9999999999999));
#5825=CARTESIAN_POINT('Ctrl Pts',(0.756789737577235,36.3421213543636,10.9999999999999));
#5826=CARTESIAN_POINT('Ctrl Pts',(0.790087491350929,36.3616196437165,10.9999999999999));
#5827=CARTESIAN_POINT('Ctrl Pts',(0.822697688354861,36.3822439024544,10.9999999999999));
#5828=CARTESIAN_POINT('Ctrl Pts',(0.854557146011252,36.4040022767398,10.9999999999999));
#5829=CARTESIAN_POINT('Ctrl Pts',(0.911580490334752,36.4429462939977,10.9999999999999));
#5830=CARTESIAN_POINT('Ctrl Pts',(0.966201560277023,36.4855223034981,10.9999999999999));
#5831=CARTESIAN_POINT('Ctrl Pts',(1.0182187787369,36.5314045038797,10.9999999999999));
#5832=CARTESIAN_POINT('Ctrl Pts',(1.0409763118131,36.5514779665467,10.9999999999999));
#5833=CARTESIAN_POINT('Ctrl Pts',(1.06323483967896,36.5721846035127,10.9999999999999));
#5834=CARTESIAN_POINT('Ctrl Pts',(1.08497446409616,36.5934983714674,10.9999999999999));
#5835=CARTESIAN_POINT('Ctrl Pts',(1.09560969803286,36.6039252723153,10.9999999999999));
#5836=CARTESIAN_POINT('Ctrl Pts',(1.10612071554085,36.6144974834854,10.9999999999999));
#5837=CARTESIAN_POINT('Ctrl Pts',(1.1165050140871,36.625211991484,10.9999999999999));
#5838=CARTESIAN_POINT('Ctrl Pts',(1.12457591077681,36.6335395339514,10.9999999999999));
#5839=CARTESIAN_POINT('Ctrl Pts',(1.13257043532343,36.6419533619968,10.9999999999999));
#5840=CARTESIAN_POINT('Ctrl Pts',(1.14047715580523,36.6504406984452,10.9999999999999));
#5841=CARTESIAN_POINT('Ctrl Pts',(1.18606615108529,36.6993774405721,10.9999999999999));
#5842=CARTESIAN_POINT('Ctrl Pts',(1.22882709536064,36.7508444394333,10.9999999999999));
#5843=CARTESIAN_POINT('Ctrl Pts',(1.26861086897503,36.8045224163526,10.9999999999999));
#5844=CARTESIAN_POINT('Ctrl Pts',(1.3083138616252,36.8580914001238,10.9999999999999));
#5845=CARTESIAN_POINT('Ctrl Pts',(1.34505215166795,36.9138634878985,10.9999999999999));
#5846=CARTESIAN_POINT('Ctrl Pts',(1.37863033689171,36.9715418810761,10.9999999999999));
#5847=CARTESIAN_POINT('Ctrl Pts',(1.4115310939626,37.0280566328273,10.9999999999999));
#5848=CARTESIAN_POINT('Ctrl Pts',(1.44139816489605,37.086402539775,10.9999999999999));
#5849=CARTESIAN_POINT('Ctrl Pts',(1.46799829543134,37.1463047045357,10.9999999999999));
#5850=CARTESIAN_POINT('Ctrl Pts',(1.47339439604585,37.1584564534771,10.9999999999999));
#5851=CARTESIAN_POINT('Ctrl Pts',(1.47865588390584,37.1706722325179,10.9999999999999));
#5852=CARTESIAN_POINT('Ctrl Pts',(1.48378054571255,37.1829497137607,10.9999999999999));
#5853=CARTESIAN_POINT('Ctrl Pts',(1.48823828805503,37.1936294132336,10.9999999999999));
#5854=CARTESIAN_POINT('Ctrl Pts',(1.49259268126828,37.2043565127059,10.9999999999999));
#5855=CARTESIAN_POINT('Ctrl Pts',(1.49683655413297,37.2151143785271,10.9999999999999));
#5856=CARTESIAN_POINT('Ctrl Pts',(1.52040798851532,37.2748660102052,10.9999999999999));
#5857=CARTESIAN_POINT('Ctrl Pts',(1.54062068728822,37.3356755133235,10.9999999999999));
#5858=CARTESIAN_POINT('Ctrl Pts',(1.55730724922499,37.3972704760888,10.9999999999999));
#5859=CARTESIAN_POINT('Ctrl Pts',(1.57368577145434,37.4577283745278,10.9999999999999));
#5860=CARTESIAN_POINT('Ctrl Pts',(1.58666727867592,37.5189439100173,10.9999999999999));
#5861=CARTESIAN_POINT('Ctrl Pts',(1.59604387217996,37.5806593200376,10.9999999999999));
#5862=CARTESIAN_POINT('Ctrl Pts',(1.60510319349191,37.6402864894389,10.9999999999999));
#5863=CARTESIAN_POINT('Ctrl Pts',(1.61079739405553,37.7003809689586,10.9999999999999));
#5864=CARTESIAN_POINT('Ctrl Pts',(1.61289173950337,37.7606986318721,10.9999999999999));
#5865=CARTESIAN_POINT('Ctrl Pts',(1.61356200336551,37.7800023956046,10.9999999999999));
#5866=CARTESIAN_POINT('Ctrl Pts',(1.61386319149303,37.7993288851601,10.9999999999999));
#5867=CARTESIAN_POINT('Ctrl Pts',(1.61378654683037,37.8186696632967,10.9999999999999));
#5868=CARTESIAN_POINT('',(1.14618154861657,39.1463907964833,15.9999999999999));
#5869=CARTESIAN_POINT('Ctrl Pts',(1.14618154861656,39.1463907964833,15.9999999999999));
#5870=CARTESIAN_POINT('Ctrl Pts',(1.52703937171891,38.7656024904142,15.9629875050082));
#5871=CARTESIAN_POINT('Ctrl Pts',(1.87264137165247,37.6008958749771,15.8889625150248));
#5872=CARTESIAN_POINT('Ctrl Pts',(0.680224422930048,36.2081325478835,15.7779250300497));
#5873=CARTESIAN_POINT('Ctrl Pts',(-1.13434751341512,36.4570137648448,15.6668875450746));
#5874=CARTESIAN_POINT('Ctrl Pts',(-1.91205431677154,38.1138049810052,15.5558500600995));
#5875=CARTESIAN_POINT('Ctrl Pts',(-0.942683552299016,39.6676338811133,15.4448125751244));
#5876=CARTESIAN_POINT('Ctrl Pts',(0.888185788237488,39.6970654230482,15.3337750901494));
#5877=CARTESIAN_POINT('Ctrl Pts',(1.90739469874405,38.1759828573417,15.2227376051743));
#5878=CARTESIAN_POINT('Ctrl Pts',(1.18365060728778,36.4939571552691,15.1117001201992));
#5879=CARTESIAN_POINT('Ctrl Pts',(-0.62172006765461,36.1882150012802,15.0006626352241));
#5880=CARTESIAN_POINT('Ctrl Pts',(-1.85895967359233,37.5380444327552,14.889625150249));
#5881=CARTESIAN_POINT('Ctrl Pts',(-1.39748917512322,39.3100241689353,14.7785876652739));
#5882=CARTESIAN_POINT('Ctrl Pts',(0.341004553281983,39.8848989184346,14.6675501802989));
#5883=CARTESIAN_POINT('Ctrl Pts',(1.76788858432985,38.7373620584184,14.5565126953237));
#5884=CARTESIAN_POINT('Ctrl Pts',(1.57928089937064,36.9160235656698,14.4454752103487));
#5885=CARTESIAN_POINT('Ctrl Pts',(-0.0524697507928369,36.0852209884512,
14.3344377253736));
#5886=CARTESIAN_POINT('Ctrl Pts',(-1.63627360011106,37.0041380042545,14.2234002403985));
#5887=CARTESIAN_POINT('Ctrl Pts',(-1.72485489590553,38.8330714054535,14.1123627554234));
#5888=CARTESIAN_POINT('Ctrl Pts',(-0.237268219923969,39.900746173963,14.0013252704483));
#5889=CARTESIAN_POINT('Ctrl Pts',(1.46713353321957,39.2315240609143,13.8902877854733));
#5890=CARTESIAN_POINT('Ctrl Pts',(1.83087245516687,37.4369384060938,13.7792503004982));
#5891=CARTESIAN_POINT('Ctrl Pts',(0.521564850594056,36.1568769993341,13.6682128155231));
#5892=CARTESIAN_POINT('Ctrl Pts',(-1.26434736734774,36.5610566251555,13.557175330548));
#5893=CARTESIAN_POINT('Ctrl Pts',(-1.89490222429631,38.2801389973847,13.4461378455729));
#5894=CARTESIAN_POINT('Ctrl Pts',(-0.793900320053263,39.7432310745617,13.3351003605978));
#5895=CARTESIAN_POINT('Ctrl Pts',(1.03256564961533,39.6133630963182,13.2240628756228));
#5896=CARTESIAN_POINT('Ctrl Pts',(1.91547578949867,38.0092080835422,13.1130253906476));
#5897=CARTESIAN_POINT('Ctrl Pts',(1.04802910504393,36.396638749189,13.0019879056726));
#5898=CARTESIAN_POINT('Ctrl Pts',(-0.777103887474995,36.2492167852699,12.8909504206975));
#5899=CARTESIAN_POINT('Ctrl Pts',(-1.89212131983568,37.7016560088671,12.7799129357224));
#5900=CARTESIAN_POINT('Ctrl Pts',(-1.27812324020134,39.4267211925849,12.6688754507473));
#5901=CARTESIAN_POINT('Ctrl Pts',(0.503820690321717,39.8480522506123,12.5578379657722));
#5902=CARTESIAN_POINT('Ctrl Pts',(1.82537430990061,38.580637896257,12.4468004807972));
#5903=CARTESIAN_POINT('Ctrl Pts',(1.47890612311122,36.7826382015505,12.3357629958221));
#5904=CARTESIAN_POINT('Ctrl Pts',(-0.218983711593189,36.0970604355742,12.224725510847));
#5905=CARTESIAN_POINT('Ctrl Pts',(-1.71676470488003,37.1503842126266,12.1136880258719));
#5906=CARTESIAN_POINT('Ctrl Pts',(-1.64577470724981,38.9800841447336,12.0026505408968));
#5907=CARTESIAN_POINT('Ctrl Pts',(-0.0708717312504056,39.9141868278357,
11.8916130559217));
#5908=CARTESIAN_POINT('Ctrl Pts',(1.56877711768991,39.0991083109148,11.7805755709467));
#5909=CARTESIAN_POINT('Ctrl Pts',(1.77491442046187,37.279671873148,11.6695380859716));
#5910=CARTESIAN_POINT('Ctrl Pts',(0.359073894100881,36.1184606192133,11.5585006009965));
#5911=CARTESIAN_POINT('Ctrl Pts',(-1.3847567172981,36.6766127254534,11.4474631160214));
#5912=CARTESIAN_POINT('Ctrl Pts',(-1.86346062197217,38.444037781694,11.3364256310463));
#5913=CARTESIAN_POINT('Ctrl Pts',(-0.63882018613895,39.8057718720168,11.2253881460712));
#5914=CARTESIAN_POINT('Ctrl Pts',(1.16853818245322,39.5172571697695,11.1143506610961));
#5915=CARTESIAN_POINT('Ctrl Pts',(1.6703281933507,38.3841353737886,11.0392212790724));
#5916=CARTESIAN_POINT('Ctrl Pts',(1.61562694775476,37.8345653443666,11.0011043920403));
#5917=CARTESIAN_POINT('Ctrl Pts',(1.61378654683037,37.8186696632967,10.9999999999999));
#5918=CARTESIAN_POINT('Ctrl Pts',(0.766287649471863,36.1488184555501,15.9999999999999));
#5919=CARTESIAN_POINT('Ctrl Pts',(0.829347931840151,36.1826625729803,15.9999999999999));
#5920=CARTESIAN_POINT('Ctrl Pts',(0.89031242969005,36.2201132539064,15.9999999999999));
#5921=CARTESIAN_POINT('Ctrl Pts',(0.949014842148848,36.260850623693,15.9999999999999));
#5922=CARTESIAN_POINT('Ctrl Pts',(1.00929899425204,36.3026856640881,15.9999999999999));
#5923=CARTESIAN_POINT('Ctrl Pts',(1.06719822886427,36.3479877212533,15.9999999999999));
#5924=CARTESIAN_POINT('Ctrl Pts',(1.12249588289049,36.3964503006378,15.9999999999999));
#5925=CARTESIAN_POINT('Ctrl Pts',(1.16696710223127,36.4354246483852,15.9999999999999));
#5926=CARTESIAN_POINT('Ctrl Pts',(1.20975512907202,36.4764440765325,15.9999999999999));
#5927=CARTESIAN_POINT('Ctrl Pts',(1.25072613538454,36.5193614737851,15.9999999999999));
#5928=CARTESIAN_POINT('Ctrl Pts',(1.27149794881749,36.5411200843,15.9999999999999));
#5929=CARTESIAN_POINT('Ctrl Pts',(1.29180239986753,36.5633666803419,15.9999999999999));
#5930=CARTESIAN_POINT('Ctrl Pts',(1.31161993990662,36.5860827142451,15.9999999999999));
#5931=CARTESIAN_POINT('Ctrl Pts',(1.32361099806668,36.5998275727473,15.9999999999999));
#5932=CARTESIAN_POINT('Ctrl Pts',(1.33542376321903,36.6137443051374,15.9999999999999));
#5933=CARTESIAN_POINT('Ctrl Pts',(1.34705363275177,36.627828842631,15.9999999999999));
#5934=CARTESIAN_POINT('Ctrl Pts',(1.35518037280209,36.6376708597419,15.9999999999999));
#5935=CARTESIAN_POINT('Ctrl Pts',(1.36321289447526,36.647588941773,15.9999999999999));
#5936=CARTESIAN_POINT('Ctrl Pts',(1.37114572767192,36.6575759630322,15.9999999999999));
#5937=CARTESIAN_POINT('Ctrl Pts',(1.41581780943388,36.7138157728438,15.9999999999999));
#5938=CARTESIAN_POINT('Ctrl Pts',(1.45737694416564,36.7722936152093,15.9999999999999));
#5939=CARTESIAN_POINT('Ctrl Pts',(1.49562177476576,36.8327220449028,15.9999999999999));
#5940=CARTESIAN_POINT('Ctrl Pts',(1.53336145307573,36.8923523128796,15.9999999999999));
#5941=CARTESIAN_POINT('Ctrl Pts',(1.56787417437858,36.9538829412374,15.9999999999999));
#5942=CARTESIAN_POINT('Ctrl Pts',(1.59891898625955,37.0170542151518,15.9999999999999));
#5943=CARTESIAN_POINT('Ctrl Pts',(1.62220259517028,37.0644326705875,15.9999999999999));
#5944=CARTESIAN_POINT('Ctrl Pts',(1.64353457882199,37.1127344016101,15.9999999999999));
#5945=CARTESIAN_POINT('Ctrl Pts',(1.66279349018236,37.1618512981196,15.9999999999999));
#5946=CARTESIAN_POINT('Ctrl Pts',(1.67341661265972,37.188943940978,15.9999999999999));
#5947=CARTESIAN_POINT('Ctrl Pts',(1.68340867617764,37.2162846021534,15.9999999999999));
#5948=CARTESIAN_POINT('Ctrl Pts',(1.69274688440105,37.2438549093092,15.9999999999999));
#5949=CARTESIAN_POINT('Ctrl Pts',(1.69825586856782,37.2601197410586,15.9999999999999));
#5950=CARTESIAN_POINT('Ctrl Pts',(1.70353901603592,37.2764707153666,15.9999999999999));
#5951=CARTESIAN_POINT('Ctrl Pts',(1.70858145640289,37.2928703003684,15.9999999999999));
#5952=CARTESIAN_POINT('Ctrl Pts',(1.72836912751653,37.3572259636584,15.9999999999999));
#5953=CARTESIAN_POINT('Ctrl Pts',(1.7444825646986,37.4224054103596,15.9999999999999));
#5954=CARTESIAN_POINT('Ctrl Pts',(1.7567152073074,37.4881741525968,15.9999999999999));
#5955=CARTESIAN_POINT('Ctrl Pts',(1.76481958233513,37.5317472846859,15.9999999999999));
#5956=CARTESIAN_POINT('Ctrl Pts',(1.77121956322848,37.5755792860735,15.9999999999999));
#5957=CARTESIAN_POINT('Ctrl Pts',(1.77584239248859,37.6196020501366,15.9999999999999));
#5958=CARTESIAN_POINT('Ctrl Pts',(1.7832795816611,37.6904256963955,15.9999999999999));
#5959=CARTESIAN_POINT('Ctrl Pts',(1.78611961251648,37.7617445849551,15.9999999999999));
#5960=CARTESIAN_POINT('Ctrl Pts',(1.78448631648067,37.8331778719142,15.9999999999999));
#5961=CARTESIAN_POINT('Ctrl Pts',(1.7837373296133,37.8659353100351,15.9999999999999));
#5962=CARTESIAN_POINT('Ctrl Pts',(1.7820468553497,37.89871650454,15.9999999999999));
#5963=CARTESIAN_POINT('Ctrl Pts',(1.77942308421241,37.9314826831221,15.9999999999999));
#5964=CARTESIAN_POINT('Ctrl Pts',(1.77852465179672,37.9427024867697,15.9999999999999));
#5965=CARTESIAN_POINT('Ctrl Pts',(1.77751651855212,37.9539229918975,15.9999999999999));
#5966=CARTESIAN_POINT('Ctrl Pts',(1.77639978319374,37.9651344339411,15.9999999999999));
#5967=CARTESIAN_POINT('Ctrl Pts',(1.76977640578726,38.0316296974505,15.9999999999999));
#5968=CARTESIAN_POINT('Ctrl Pts',(1.75935587061643,38.0976367292952,15.9999999999999));
#5969=CARTESIAN_POINT('Ctrl Pts',(1.74528987690823,38.1628526369254,15.9999999999999));
#5970=CARTESIAN_POINT('Ctrl Pts',(1.73120924591454,38.228136409214,15.9999999999999));
#5971=CARTESIAN_POINT('Ctrl Pts',(1.71347500389406,38.2926283974085,15.9999999999999));
#5972=CARTESIAN_POINT('Ctrl Pts',(1.69219173252963,38.3560038389998,15.9999999999999));
#5973=CARTESIAN_POINT('Ctrl Pts',(1.67127070968606,38.41830060901,15.9999999999999));
#5974=CARTESIAN_POINT('Ctrl Pts',(1.64691981716357,38.4795193188947,15.9999999999999));
#5975=CARTESIAN_POINT('Ctrl Pts',(1.61920139582898,38.5393181869968,15.9999999999999));
#5976=CARTESIAN_POINT('Ctrl Pts',(1.61025532463567,38.5586181653348,15.9999999999999));
#5977=CARTESIAN_POINT('Ctrl Pts',(1.60095821666443,38.5777699316696,15.9999999999999));
#5978=CARTESIAN_POINT('Ctrl Pts',(1.59131148612552,38.5967610286752,15.9999999999999));
#5979=CARTESIAN_POINT('Ctrl Pts',(1.58542138815823,38.6083566072412,15.9999999999999));
#5980=CARTESIAN_POINT('Ctrl Pts',(1.57940274024206,38.6198885846295,15.9999999999999));
#5981=CARTESIAN_POINT('Ctrl Pts',(1.57326064462429,38.6313460243018,15.9999999999999));
#5982=CARTESIAN_POINT('Ctrl Pts',(1.54666414793278,38.6809590188402,15.9999999999999));
#5983=CARTESIAN_POINT('Ctrl Pts',(1.51773061828274,38.7292234060345,15.9999999999999));
#5984=CARTESIAN_POINT('Ctrl Pts',(1.4865133618478,38.7759284470116,15.9999999999999));
#5985=CARTESIAN_POINT('Ctrl Pts',(1.45982071413342,38.815864089911,15.9999999999999));
#5986=CARTESIAN_POINT('Ctrl Pts',(1.43145792692596,38.8546594814224,15.9999999999999));
#5987=CARTESIAN_POINT('Ctrl Pts',(1.40144805236763,38.8921684042947,15.9999999999999));
#5988=CARTESIAN_POINT('Ctrl Pts',(1.39222990243484,38.9036900410873,15.9999999999999));
#5989=CARTESIAN_POINT('Ctrl Pts',(1.38285686703325,38.9150892761331,15.9999999999999));
#5990=CARTESIAN_POINT('Ctrl Pts',(1.37333794973131,38.9263521972256,15.9999999999999));
#5991=CARTESIAN_POINT('Ctrl Pts',(1.33348637486821,38.9735051589392,15.9999999999999));
#5992=CARTESIAN_POINT('Ctrl Pts',(1.29104268821846,39.0183193976111,15.9999999999999));
#5993=CARTESIAN_POINT('Ctrl Pts',(1.24606514864508,39.0604890727082,15.9999999999999));
#5994=CARTESIAN_POINT('Ctrl Pts',(1.21405030588041,39.0905052881455,15.9999999999999));
#5995=CARTESIAN_POINT('Ctrl Pts',(1.18075106695545,39.1191808490017,15.9999999999999));
#5996=CARTESIAN_POINT('Ctrl Pts',(1.14618154861656,39.1463907964833,15.9999999999999));
#5997=CARTESIAN_POINT('Ctrl Pts',(-5.44093511489431E-15,39.6210934583331,
16.087489831517));
#5998=CARTESIAN_POINT('Ctrl Pts',(0.269461126956739,39.6210934583331,16.0689713129985));
#5999=CARTESIAN_POINT('Ctrl Pts',(0.805981690512749,39.482983149329,16.0319342759614));
#6000=CARTESIAN_POINT('Ctrl Pts',(1.62983975401778,38.7307511886748,15.9578602018874));
#6001=CARTESIAN_POINT('Ctrl Pts',(1.74774708034766,37.2144202559901,15.8652676092948));
#6002=CARTESIAN_POINT('Ctrl Pts',(0.284873009303929,36.1042882286142,15.7541564981837));
#6003=CARTESIAN_POINT('Ctrl Pts',(-1.43617707420694,36.7328649220318,15.6430453870726));
#6004=CARTESIAN_POINT('Ctrl Pts',(-1.84448273094948,38.5186043509892,15.5319342759615));
#6005=CARTESIAN_POINT('Ctrl Pts',(-0.564639245113209,39.8309532892131,15.4208231648503));
#6006=CARTESIAN_POINT('Ctrl Pts',(1.2314842899857,39.4676008738924,15.3097120537392));
#6007=CARTESIAN_POINT('Ctrl Pts',(1.90107181004763,37.7618069642957,15.1986009426281));
#6008=CARTESIAN_POINT('Ctrl Pts',(0.831274500013455,36.2737972310267,15.087489831517));
#6009=CARTESIAN_POINT('Ctrl Pts',(-0.999021570758177,36.365174354288,14.9763787204059));
#6010=CARTESIAN_POINT('Ctrl Pts',(-1.91532582876384,37.9522297300255,14.8652676092948));
#6011=CARTESIAN_POINT('Ctrl Pts',(-1.0792738081868,39.5830086707595,14.7541564981837));
#6012=CARTESIAN_POINT('Ctrl Pts',(0.74420863919441,39.7654719472823,14.6430453870726));
#6013=CARTESIAN_POINT('Ctrl Pts',(1.88681169544492,38.3326964034611,14.5319342759615));
#6014=CARTESIAN_POINT('Ctrl Pts',(1.30315529001952,36.5955320781496,14.4208231648503));
#6015=CARTESIAN_POINT('Ctrl Pts',(-0.472766948375219,36.1433271411567,14.3097120537393));
#6016=CARTESIAN_POINT('Ctrl Pts',(-1.81615151681611,37.3898054731287,14.1986009426281));
#6017=CARTESIAN_POINT('Ctrl Pts',(-1.49792531781868,39.1945556424493,14.087489831517));
#6018=CARTESIAN_POINT('Ctrl Pts',(0.19076385934642,39.9063977740416,13.9763787204059));
#6019=CARTESIAN_POINT('Ctrl Pts',(1.70492180068486,38.8740624151735,13.8652676092948));
#6020=CARTESIAN_POINT('Ctrl Pts',(1.65923402441305,37.0420407819065,13.7541564981837));
#6021=CARTESIAN_POINT('Ctrl Pts',(0.0955006523636625,36.0864632153965,13.6430453870726));
#6022=CARTESIAN_POINT('Ctrl Pts',(-1.55560698590853,36.8815947414733,13.5319342759614));
#6023=CARTESIAN_POINT('Ctrl Pts',(-1.78347816593982,38.6999636006955,13.4208231648504));
#6024=CARTESIAN_POINT('Ctrl Pts',(-0.379631846805178,39.8779305287844,13.3097120537392));
#6025=CARTESIAN_POINT('Ctrl Pts',(1.37154248643657,39.3377647848994,13.1986009426281));
#6026=CARTESIAN_POINT('Ctrl Pts',(1.86788234991226,37.5736680427038,13.087489831517));
#6027=CARTESIAN_POINT('Ctrl Pts',(0.655282694352793,36.1996255938553,12.9763787204059));
#6028=CARTESIAN_POINT('Ctrl Pts',(-1.15683999486785,36.4727591426613,12.8652676092948));
#6029=CARTESIAN_POINT('Ctrl Pts',(-1.91056112841155,38.1431767623805,12.7541564981837));
#6030=CARTESIAN_POINT('Ctrl Pts',(-0.916295609576852,39.682600895274,12.6430453870726));
#6031=CARTESIAN_POINT('Ctrl Pts',(0.916295609686688,39.6826008903777,12.5319342759615));
#6032=CARTESIAN_POINT('Ctrl Pts',(1.91056112802905,38.1431767696386,12.4208231648503));
#6033=CARTESIAN_POINT('Ctrl Pts',(1.15683999570747,36.4727591295404,12.3097120537392));
#6034=CARTESIAN_POINT('Ctrl Pts',(-0.655282696054608,36.199625619168,12.1986009426281));
#6035=CARTESIAN_POINT('Ctrl Pts',(-1.86788234652744,37.5736679929897,12.087489831517));
#6036=CARTESIAN_POINT('Ctrl Pts',(-1.37154249313716,39.3377648829953,11.9763787204059));
#6037=CARTESIAN_POINT('Ctrl Pts',(0.379631860053624,39.877930334989,11.8652676092948));
#6038=CARTESIAN_POINT('Ctrl Pts',(1.78347813975296,38.6999639836699,11.7541564981837));
#6039=CARTESIAN_POINT('Ctrl Pts',(1.5556070376653,36.8815939845877,11.6430453870726));
#6040=CARTESIAN_POINT('Ctrl Pts',(-0.0955007546559169,36.0864647112859,
11.5319342759615));
#6041=CARTESIAN_POINT('Ctrl Pts',(-1.65923382224355,37.0420378254534,11.4208231648503));
#6042=CARTESIAN_POINT('Ctrl Pts',(-1.70492220025054,38.8740682582704,11.3097120537392));
#6043=CARTESIAN_POINT('Ctrl Pts',(-0.190763069649365,39.9063862258143,11.1986009426281));
#6044=CARTESIAN_POINT('Ctrl Pts',(1.49792375707042,39.1945784662326,11.087489831517));
#6045=CARTESIAN_POINT('Ctrl Pts',(1.81615460146283,37.3897603644458,10.9763787204059));
#6046=CARTESIAN_POINT('Ctrl Pts',(0.472760851891328,36.1434162937127,10.8652676092948));
#6047=CARTESIAN_POINT('Ctrl Pts',(-1.3031432407164,36.5953558747573,10.7541564981837));
#6048=CARTESIAN_POINT('Ctrl Pts',(-1.88683551289902,38.3330446890417,10.6430453870726));
#6049=CARTESIAN_POINT('Ctrl Pts',(-0.744161527059834,39.7647831356679,10.5319342759615));
#6050=CARTESIAN_POINT('Ctrl Pts',(1.07918022434646,39.5843755220839,10.4208231648503));
#6051=CARTESIAN_POINT('Ctrl Pts',(1.91551598506654,37.9494638543542,10.3097120537392));
#6052=CARTESIAN_POINT('Ctrl Pts',(1.15137381993282,36.6344549621852,10.2171194611466));
#6053=CARTESIAN_POINT('Ctrl Pts',(0.0827221373720687,36.3141760012904,10.1430453870726));
#6054=CARTESIAN_POINT('Ctrl Pts',(-0.460590004662764,36.4225304607704,10.1060083500355));
#6055=CARTESIAN_POINT('Ctrl Pts',(-0.70336609116069,36.5394452620812,10.087489831517));
#6056=CARTESIAN_POINT('Ctrl Pts',(-5.43457930541185E-15,39.6080081914912,
16.0799350491834));
#6057=CARTESIAN_POINT('Ctrl Pts',(0.267286188530138,39.6080081914912,16.0614165306649));
#6058=CARTESIAN_POINT('Ctrl Pts',(0.799475869333509,39.4710127216332,16.0243794936278));
#6059=CARTESIAN_POINT('Ctrl Pts',(1.61668403260055,38.7248525931674,15.9503054195537));
#6060=CARTESIAN_POINT('Ctrl Pts',(1.73363945538514,37.2207613843331,15.8577128269612));
#6061=CARTESIAN_POINT('Ctrl Pts',(0.28257358510221,36.1195901221863,15.74660171585));
#6062=CARTESIAN_POINT('Ctrl Pts',(-1.42458447371876,36.743093064959,15.635490604739));
#6063=CARTESIAN_POINT('Ctrl Pts',(-1.82959432305141,38.514418245849,15.5243794936278));
#6064=CARTESIAN_POINT('Ctrl Pts',(-0.560081561888504,39.8161740992361,15.4132683825167));
#6065=CARTESIAN_POINT('Ctrl Pts',(1.22154392721614,39.4557546086312,15.3021572714056));
#6066=CARTESIAN_POINT('Ctrl Pts',(1.88572662983525,37.7637296250119,15.1910461602945));
#6067=CARTESIAN_POINT('Ctrl Pts',(0.824564571869585,36.2877308920764,15.0799350491834));
#6068=CARTESIAN_POINT('Ctrl Pts',(-0.990957612051115,36.3783704327998,14.9688239380723));
#6069=CARTESIAN_POINT('Ctrl Pts',(-1.8998655930127,37.9526153247132,14.8577128269612));
#6070=CARTESIAN_POINT('Ctrl Pts',(-1.07056206473168,39.570230851658,14.74660171585));
#6071=CARTESIAN_POINT('Ctrl Pts',(0.738201493736641,39.751221310694,14.6354906047389));
#6072=CARTESIAN_POINT('Ctrl Pts',(1.87158162180296,38.3300109257789,14.5243794936278));
#6073=CARTESIAN_POINT('Ctrl Pts',(1.29263640726906,36.6068687419488,14.4132683825167));
#6074=CARTESIAN_POINT('Ctrl Pts',(-0.468950841319691,36.1583139384149,14.3021572714056));
#6075=CARTESIAN_POINT('Ctrl Pts',(-1.80149180202482,37.3947308759072,14.1910461602945));
#6076=CARTESIAN_POINT('Ctrl Pts',(-1.4858342793071,39.1849133604841,14.0799350491834));
#6077=CARTESIAN_POINT('Ctrl Pts',(0.189224040810793,39.891009604396,13.9688239380723));
#6078=CARTESIAN_POINT('Ctrl Pts',(1.69115991622483,38.8670071086116,13.8577128269611));
#6079=CARTESIAN_POINT('Ctrl Pts',(1.64584092513644,37.0497732914393,13.7466017158501));
#6080=CARTESIAN_POINT('Ctrl Pts',(0.09472978478296,36.101909010112,13.6354906047389));
#6081=CARTESIAN_POINT('Ctrl Pts',(-1.54305034923679,36.8906223484526,13.5243794936278));
#6082=CARTESIAN_POINT('Ctrl Pts',(-1.76908218575687,38.6943135948155,13.4132683825167));
#6083=CARTESIAN_POINT('Ctrl Pts',(-0.376567512939018,39.8627721426636,13.3021572714056));
#6084=CARTESIAN_POINT('Ctrl Pts',(1.36047159202815,39.3269665392574,13.1910461602945));
#6085=CARTESIAN_POINT('Ctrl Pts',(1.8528050712514,37.5771093331697,13.0799350491834));
#6086=CARTESIAN_POINT('Ctrl Pts',(0.64999334634601,36.214157958068,12.9688239380723));
#6087=CARTESIAN_POINT('Ctrl Pts',(-1.14750214820449,36.485086812008,12.8577128269611));
#6088=CARTESIAN_POINT('Ctrl Pts',(-1.89513935276653,38.1420210600718,12.74660171585));
#6089=CARTESIAN_POINT('Ctrl Pts',(-0.908899402721508,39.6690191819641,12.6354906047389));
#6090=CARTESIAN_POINT('Ctrl Pts',(0.908899402830416,39.6690191771073,12.5243794936278));
#6091=CARTESIAN_POINT('Ctrl Pts',(1.89513935238726,38.1420210672713,12.4132683825167));
#6092=CARTESIAN_POINT('Ctrl Pts',(1.14750214903702,36.4850867989931,12.3021572714056));
#6093=CARTESIAN_POINT('Ctrl Pts',(-0.649993348033442,36.2141579831764,12.1910461602945));
#6094=CARTESIAN_POINT('Ctrl Pts',(-1.85280506789519,37.5771092838567,12.0799350491834));
#6095=CARTESIAN_POINT('Ctrl Pts',(-1.36047159867211,39.3269666365619,11.9688239380723));
#6096=CARTESIAN_POINT('Ctrl Pts',(0.376567526075482,39.8627719504317,11.8577128269611));
#6097=CARTESIAN_POINT('Ctrl Pts',(1.76908215979136,38.6943139747001,11.7466017158501));
#6098=CARTESIAN_POINT('Ctrl Pts',(1.54305040055609,36.8906215976736,11.6354906047389));
#6099=CARTESIAN_POINT('Ctrl Pts',(-0.0947298862105874,36.1019104939324,
11.5243794936278));
#6100=CARTESIAN_POINT('Ctrl Pts',(-1.64584072467578,37.0497703588391,11.4132683825167));
#6101=CARTESIAN_POINT('Ctrl Pts',(-1.69116031241317,38.8670129045658,11.3021572714056));
#6102=CARTESIAN_POINT('Ctrl Pts',(-0.18922325778866,39.8909981493408,11.1910461602945));
#6103=CARTESIAN_POINT('Ctrl Pts',(1.48583273175107,39.1849360001231,11.0799350491834));
#6104=CARTESIAN_POINT('Ctrl Pts',(1.80149486059854,37.394686131165,10.9688239380723));
#6105=CARTESIAN_POINT('Ctrl Pts',(0.468944796366388,36.1584023716806,10.8577128269611));
#6106=CARTESIAN_POINT('Ctrl Pts',(-1.2926244598128,36.6066939601802,10.7466017158501));
#6107=CARTESIAN_POINT('Ctrl Pts',(-1.87160523793967,38.3303564013625,10.6354906047389));
#6108=CARTESIAN_POINT('Ctrl Pts',(-0.738154779819453,39.7505380564681,10.5243794936278));
#6109=CARTESIAN_POINT('Ctrl Pts',(1.07046927192798,39.571586675126,10.4132683825167));
#6110=CARTESIAN_POINT('Ctrl Pts',(1.90005414169956,37.9498717641986,10.3021572714056));
#6111=CARTESIAN_POINT('Ctrl Pts',(1.14208022917541,36.6454774667011,10.209564678813));
#6112=CARTESIAN_POINT('Ctrl Pts',(0.082054368956911,36.327783753999,10.1354906047389));
#6113=CARTESIAN_POINT('Ctrl Pts',(-0.456872071969987,36.4352635492401,10.0984535677019));
#6114=CARTESIAN_POINT('Ctrl Pts',(-0.697688606655943,36.551234680134,10.0799350491834));
#6115=CARTESIAN_POINT('Ctrl Pts',(-5.42169190816956E-15,39.5814757675286,
16.0553474236326));
#6116=CARTESIAN_POINT('Ctrl Pts',(0.26287900100505,39.5814757675286,16.0368289051141));
#6117=CARTESIAN_POINT('Ctrl Pts',(0.786283433471581,39.4467415202041,15.999791868077));
#6118=CARTESIAN_POINT('Ctrl Pts',(1.59001220945759,38.7128907874605,15.925717794003));
#6119=CARTESIAN_POINT('Ctrl Pts',(1.70503342579907,37.2336196202922,15.8331252014104));
#6120=CARTESIAN_POINT('Ctrl Pts',(0.277911996949925,36.1506157029673,15.7220140902993));
#6121=CARTESIAN_POINT('Ctrl Pts',(-1.40107971913888,36.7638318538884,15.6109029791881));
#6122=CARTESIAN_POINT('Ctrl Pts',(-1.79940645873298,38.5059303912183,15.499791868077));
#6123=CARTESIAN_POINT('Ctrl Pts',(-0.550840511978439,39.7862079291443,15.3886807569659));
#6124=CARTESIAN_POINT('Ctrl Pts',(1.20138893014667,39.4317351324465,15.2775696458548));
#6125=CARTESIAN_POINT('Ctrl Pts',(1.85461277419329,37.7676280208679,15.1664585347437));
#6126=CARTESIAN_POINT('Ctrl Pts',(0.810959557704425,36.3159827249066,15.0553474236326));
#6127=CARTESIAN_POINT('Ctrl Pts',(-0.974607164502678,36.4051267580694,14.9442363125215));
#6128=CARTESIAN_POINT('Ctrl Pts',(-1.86851847171171,37.9533971530484,14.8331252014104));
#6129=CARTESIAN_POINT('Ctrl Pts',(-1.05289816667101,39.5443225927799,14.7220140902992));
#6130=CARTESIAN_POINT('Ctrl Pts',(0.726021428056201,39.7223267708206,14.6109029791882));
#6131=CARTESIAN_POINT('Ctrl Pts',(1.8407011790245,38.324565861184,14.499791868077));
#6132=CARTESIAN_POINT('Ctrl Pts',(1.27130835874542,36.6298549204423,14.3886807569659));
#6133=CARTESIAN_POINT('Ctrl Pts',(-0.461213316519689,36.1887011145475,14.2775696458548));
#6134=CARTESIAN_POINT('Ctrl Pts',(-1.77176781713933,37.4047176047808,14.1664585347437));
#6135=CARTESIAN_POINT('Ctrl Pts',(-1.46131853325852,39.1653627043679,14.0553474236326));
#6136=CARTESIAN_POINT('Ctrl Pts',(0.186101910315106,39.8598086071179,13.9442363125215));
#6137=CARTESIAN_POINT('Ctrl Pts',(1.66325636892521,38.8527017944792,13.8331252014104));
#6138=CARTESIAN_POINT('Ctrl Pts',(1.61868512535455,37.065451699875,13.7220140902993));
#6139=CARTESIAN_POINT('Ctrl Pts',(0.0931667764550913,36.1332268477663,13.6109029791881));
#6140=CARTESIAN_POINT('Ctrl Pts',(-1.51759055801125,36.9089266918011,13.499791868077));
#6141=CARTESIAN_POINT('Ctrl Pts',(-1.7398929482637,38.6828576632728,13.3886807569659));
#6142=CARTESIAN_POINT('Ctrl Pts',(-0.370354280644598,39.8320370536401,13.2775696458548));
#6143=CARTESIAN_POINT('Ctrl Pts',(1.33802428645746,39.3050720553424,13.1664585347437));
#6144=CARTESIAN_POINT('Ctrl Pts',(1.82223443542149,37.5840868813059,13.0553474236326));
#6145=CARTESIAN_POINT('Ctrl Pts',(0.639268683405618,36.2436237273284,12.9442363125215));
#6146=CARTESIAN_POINT('Ctrl Pts',(-1.12856876399057,36.5100823499105,12.8331252014104));
#6147=CARTESIAN_POINT('Ctrl Pts',(-1.86387021609451,38.1396777622392,12.7220140902993));
#6148=CARTESIAN_POINT('Ctrl Pts',(-0.893902880378198,39.6414809490455,12.6109029791882));
#6149=CARTESIAN_POINT('Ctrl Pts',(0.893902880484222,39.6414809442684,12.499791868077));
#6150=CARTESIAN_POINT('Ctrl Pts',(1.86387021572529,38.1396777693206,12.388680756966));
#6151=CARTESIAN_POINT('Ctrl Pts',(1.12856876480105,36.510082337109,12.2775696458548));
#6152=CARTESIAN_POINT('Ctrl Pts',(-0.639268685048372,36.2436237520249,12.1664585347437));
#6153=CARTESIAN_POINT('Ctrl Pts',(-1.82223443215413,37.5840868328016,12.0553474236326));
#6154=CARTESIAN_POINT('Ctrl Pts',(-1.33802429292551,39.305072151051,11.9442363125215));
#6155=CARTESIAN_POINT('Ctrl Pts',(0.370354293433261,39.8320368645611,11.8331252014104));
#6156=CARTESIAN_POINT('Ctrl Pts',(1.73989292298566,38.6828580369268,11.7220140902993));
#6157=CARTESIAN_POINT('Ctrl Pts',(1.51759060797182,36.9089259533356,11.6109029791882));
#6158=CARTESIAN_POINT('Ctrl Pts',(-0.0931668751973175,36.1332283072509,
11.499791868077));
#6159=CARTESIAN_POINT('Ctrl Pts',(-1.61868493020129,37.0654488153718,11.3886807569659));
#6160=CARTESIAN_POINT('Ctrl Pts',(-1.66325675462405,38.8527074953751,11.2775696458548));
#6161=CARTESIAN_POINT('Ctrl Pts',(-0.186101148024294,39.8597973399348,11.1664585347437));
#6162=CARTESIAN_POINT('Ctrl Pts',(1.46131702667564,39.1653849726987,11.0553474236326));
#6163=CARTESIAN_POINT('Ctrl Pts',(1.77177079473415,37.4046735938883,10.9442363125215));
#6164=CARTESIAN_POINT('Ctrl Pts',(0.461207431612789,36.1887880974367,10.8331252014104));
#6165=CARTESIAN_POINT('Ctrl Pts',(-1.2712967276107,36.6296830052347,10.7220140902993));
#6166=CARTESIAN_POINT('Ctrl Pts',(-1.84072416989604,38.3249056706936,10.6109029791882));
#6167=CARTESIAN_POINT('Ctrl Pts',(-0.725975950980761,39.7216547224806,10.499791868077));
#6168=CARTESIAN_POINT('Ctrl Pts',(1.05280783113025,39.5456561800314,10.3886807569659));
#6169=CARTESIAN_POINT('Ctrl Pts',(1.86870202011183,37.9506985849814,10.2775696458548));
#6170=CARTESIAN_POINT('Ctrl Pts',(1.12323977986009,36.6678271516012,10.1849770532622));
#6171=CARTESIAN_POINT('Ctrl Pts',(0.0806992745824473,36.355375334273,10.1109029791882));
#6172=CARTESIAN_POINT('Ctrl Pts',(-0.44933082340836,36.4610806442227,10.0738659421511));
#6173=CARTESIAN_POINT('Ctrl Pts',(-0.686176619339201,36.5751395681143,10.0553474236326));
#6174=CARTESIAN_POINT('Ctrl Pts',(-5.416406124944E-15,39.5705934583331,
16.0201673519578));
#6175=CARTESIAN_POINT('Ctrl Pts',(0.26105592075112,39.5705934583331,16.0016488334393));
#6176=CARTESIAN_POINT('Ctrl Pts',(0.780877256699077,39.4367827776821,15.9646117964022));
#6177=CARTESIAN_POINT('Ctrl Pts',(1.57905389164895,38.707992703382,15.8905377223282));
#6178=CARTESIAN_POINT('Ctrl Pts',(1.69330397207574,37.2388901373219,15.7979451297356));
#6179=CARTESIAN_POINT('Ctrl Pts',(0.275995390500682,36.1633485124434,15.6868340186245));
#6180=CARTESIAN_POINT('Ctrl Pts',(-1.39143346726196,36.7723399090918,15.5757229075133));
#6181=CARTESIAN_POINT('Ctrl Pts',(-1.78702099936283,38.5024483897921,15.4646117964023));
#6182=CARTESIAN_POINT('Ctrl Pts',(-0.547048293851404,39.7739121028658,15.3535006852911));
#6183=CARTESIAN_POINT('Ctrl Pts',(1.19311883342902,39.4218798178034,15.24238957418));
#6184=CARTESIAN_POINT('Ctrl Pts',(1.84184650564436,37.7692274938441,15.1312784630689));
#6185=CARTESIAN_POINT('Ctrl Pts',(0.805377188323246,36.3275748427072,15.0201673519578));
#6186=CARTESIAN_POINT('Ctrl Pts',(-0.967898342207601,36.4161051846799,14.9090562408467));
#6187=CARTESIAN_POINT('Ctrl Pts',(-1.85565637956047,37.9537179580471,14.7979451297356));
#6188=CARTESIAN_POINT('Ctrl Pts',(-1.04565044397386,39.533692110341,14.6868340186245));
#6189=CARTESIAN_POINT('Ctrl Pts',(0.721023793282902,39.7104709891783,14.5757229075134));
#6190=CARTESIAN_POINT('Ctrl Pts',(1.8280305563148,38.3223316828636,14.4646117964022));
#6191=CARTESIAN_POINT('Ctrl Pts',(1.26255719744965,36.639286432471,14.3535006852911));
#6192=CARTESIAN_POINT('Ctrl Pts',(-0.458038514530145,36.2011693456787,14.24238957418));
#6193=CARTESIAN_POINT('Ctrl Pts',(-1.7595717014272,37.4088152824572,14.1312784630689));
#6194=CARTESIAN_POINT('Ctrl Pts',(-1.4512594214747,39.1573408299976,14.0201673519578));
#6195=CARTESIAN_POINT('Ctrl Pts',(0.184820861763328,39.8470064548533,13.9090562408467));
#6196=CARTESIAN_POINT('Ctrl Pts',(1.65180720086538,38.8468321484055,13.7979451297356));
#6197=CARTESIAN_POINT('Ctrl Pts',(1.60754276722866,37.07188474339,13.6868340186245));
#6198=CARTESIAN_POINT('Ctrl Pts',(0.0925254549546263,36.146076941114,13.5757229075134));
#6199=CARTESIAN_POINT('Ctrl Pts',(-1.50714409304502,36.9164371886467,13.4646117964022));
#6200=CARTESIAN_POINT('Ctrl Pts',(-1.72791624569136,38.6781571538871,13.3535006852911));
#6201=CARTESIAN_POINT('Ctrl Pts',(-0.367804915140693,39.819426069206,13.24238957418));
#6202=CARTESIAN_POINT('Ctrl Pts',(1.32881388134303,39.2960884797405,13.1312784630689));
#6203=CARTESIAN_POINT('Ctrl Pts',(1.80969092815056,37.5869498549864,13.0201673519578));
#6204=CARTESIAN_POINT('Ctrl Pts',(0.63486822250957,36.255713894278,12.9090562408467));
#6205=CARTESIAN_POINT('Ctrl Pts',(-1.1208001639584,36.520338326042,12.7979451297356));
#6206=CARTESIAN_POINT('Ctrl Pts',(-1.85104010534871,38.1387162783645,12.6868340186245));
#6207=CARTESIAN_POINT('Ctrl Pts',(-0.887749623117972,39.6301816739251,12.5757229075133));
#6208=CARTESIAN_POINT('Ctrl Pts',(0.887749623228264,39.630181669183,12.4646117964022));
#6209=CARTESIAN_POINT('Ctrl Pts',(1.85104010496462,38.1387162853939,12.3535006852911));
#6210=CARTESIAN_POINT('Ctrl Pts',(1.12080016480151,36.5203383133345,12.24238957418));
#6211=CARTESIAN_POINT('Ctrl Pts',(-0.634868224218457,36.2557139187932,12.1312784630689));
#6212=CARTESIAN_POINT('Ctrl Pts',(-1.80969092475167,37.5869498068384,12.0201673519578));
#6213=CARTESIAN_POINT('Ctrl Pts',(-1.32881388807147,39.296088574746,11.9090562408467));
#6214=CARTESIAN_POINT('Ctrl Pts',(0.367804928444212,39.8194258815159,11.7979451297356));
#6215=CARTESIAN_POINT('Ctrl Pts',(1.72791621939564,38.6781575247964,11.6868340186244));
#6216=CARTESIAN_POINT('Ctrl Pts',(1.50714414501695,36.9164364556058,11.5757229075134));
#6217=CARTESIAN_POINT('Ctrl Pts',(-0.0925255576721064,36.1460783898773,
11.4646117964022));
#6218=CARTESIAN_POINT('Ctrl Pts',(-1.60754256421874,37.0718818800761,11.3535006852911));
#6219=CARTESIAN_POINT('Ctrl Pts',(-1.65180760209204,38.8468378074232,11.24238957418));
#6220=CARTESIAN_POINT('Ctrl Pts',(-0.184820068783517,39.8469952704378,11.1312784630689));
#6221=CARTESIAN_POINT('Ctrl Pts',(1.45125785423844,39.1573629347476,11.0201673519578));
#6222=CARTESIAN_POINT('Ctrl Pts',(1.75957479889676,37.4087715948642,10.9090562408467));
#6223=CARTESIAN_POINT('Ctrl Pts',(0.458032392703174,36.2012556896002,10.7979451297356));
#6224=CARTESIAN_POINT('Ctrl Pts',(-1.26254509805668,36.6391157801363,10.6868340186245));
#6225=CARTESIAN_POINT('Ctrl Pts',(-1.82805447279046,38.3226689961544,10.5757229075134));
#6226=CARTESIAN_POINT('Ctrl Pts',(-0.720976485151996,39.7098038777831,10.4646117964022));
#6227=CARTESIAN_POINT('Ctrl Pts',(1.04555646940248,39.5350158994651,10.3535006852911));
#6228=CARTESIAN_POINT('Ctrl Pts',(1.85584735583368,37.9510392324592,10.24238957418));
#6229=CARTESIAN_POINT('Ctrl Pts',(1.11549187570444,36.6769948087735,10.1497969815874));
#6230=CARTESIAN_POINT('Ctrl Pts',(0.0801494140583887,36.3666935034412,10.0757229075134));
#6231=CARTESIAN_POINT('Ctrl Pts',(-0.446251704956889,36.471676270896,10.0386858704763));
#6232=CARTESIAN_POINT('Ctrl Pts',(-0.681454962335254,36.5849441899103,10.0201673519578));
#6233=CARTESIAN_POINT('Ctrl Pts',(-5.416406124944E-15,39.5705934583331,
16.0000212657348));
#6234=CARTESIAN_POINT('Ctrl Pts',(0.261066924363814,39.5705934583331,15.9815027472163));
#6235=CARTESIAN_POINT('Ctrl Pts',(0.780873899742476,39.4367855358255,15.9444657101792));
#6236=CARTESIAN_POINT('Ctrl Pts',(1.57906729105163,38.7079869644172,15.8703916361051));
#6237=CARTESIAN_POINT('Ctrl Pts',(1.69330159041996,37.2388924891414,15.7777990435126));
#6238=CARTESIAN_POINT('Ctrl Pts',(0.275998698636708,36.1633430869032,15.6666879324015));
#6239=CARTESIAN_POINT('Ctrl Pts',(-1.39143755479514,36.7723384768157,15.5555768212903));
#6240=CARTESIAN_POINT('Ctrl Pts',(-1.78702375013988,38.5024488853124,15.4444657101792));
#6241=CARTESIAN_POINT('Ctrl Pts',(-0.547049709030859,39.7739157750402,15.3333545990681));
#6242=CARTESIAN_POINT('Ctrl Pts',(1.19312132187638,39.4218824461542,15.222243487957));
#6243=CARTESIAN_POINT('Ctrl Pts',(1.84184997683753,37.7692271091623,15.1111323768459));
#6244=CARTESIAN_POINT('Ctrl Pts',(0.805378792375577,36.3275715765988,15.0000212657348));
#6245=CARTESIAN_POINT('Ctrl Pts',(-0.96790023776905,36.416102136819,14.8889101546237));
#6246=CARTESIAN_POINT('Ctrl Pts',(-1.85565995703057,37.9537178605348,14.7777990435126));
#6247=CARTESIAN_POINT('Ctrl Pts',(-1.04565247251781,39.5336950809338,14.6666879324015));
#6248=CARTESIAN_POINT('Ctrl Pts',(0.721025190956974,39.7104742956173,14.5555768212903));
#6249=CARTESIAN_POINT('Ctrl Pts',(1.82803409065591,38.32233230737,14.4444657101792));
#6250=CARTESIAN_POINT('Ctrl Pts',(1.26255964033154,36.639283799982,14.3333545990681));
#6251=CARTESIAN_POINT('Ctrl Pts',(-0.458039400885457,36.2011658665489,14.222243487957));
#6252=CARTESIAN_POINT('Ctrl Pts',(-1.75957510468654,37.4088141388219,14.1111323768459));
#6253=CARTESIAN_POINT('Ctrl Pts',(-1.45126222867907,39.1573430686562,14.0000212657348));
#6254=CARTESIAN_POINT('Ctrl Pts',(0.184821219304618,39.8470100273979,13.8889101546237));
#6255=CARTESIAN_POINT('Ctrl Pts',(1.65181039585377,38.8468337864111,13.7777990435125));
#6256=CARTESIAN_POINT('Ctrl Pts',(1.60754587663716,37.0718829481709,13.6666879324015));
#6257=CARTESIAN_POINT('Ctrl Pts',(0.0925256339157311,36.146073355161,13.5555768212903));
#6258=CARTESIAN_POINT('Ctrl Pts',(-1.50714700824065,36.9164350927592,13.4444657101792));
#6259=CARTESIAN_POINT('Ctrl Pts',(-1.7279195879214,38.6781584656162,13.3333545990681));
#6260=CARTESIAN_POINT('Ctrl Pts',(-0.367805626567777,39.819429588437,13.222243487957));
#6261=CARTESIAN_POINT('Ctrl Pts',(1.32881645160558,39.2960909867046,13.1111323768459));
#6262=CARTESIAN_POINT('Ctrl Pts',(1.80969442855235,37.5869490560425,13.0000212657348));
#6263=CARTESIAN_POINT('Ctrl Pts',(0.634869450505127,36.2557105203862,12.8889101546237));
#6264=CARTESIAN_POINT('Ctrl Pts',(-1.12080233186915,36.5203354640011,12.7777990435126));
#6265=CARTESIAN_POINT('Ctrl Pts',(-1.85104368573185,38.1387165466767,12.6666879324014));
#6266=CARTESIAN_POINT('Ctrl Pts',(-0.887751340246937,39.6301848271105,12.5555768212903));
#6267=CARTESIAN_POINT('Ctrl Pts',(0.887751340353351,39.6301848223668,12.4444657101792));
#6268=CARTESIAN_POINT('Ctrl Pts',(1.85104368536127,38.1387165537086,12.3333545990681));
#6269=CARTESIAN_POINT('Ctrl Pts',(1.12080233268261,36.5203354512891,12.222243487957));
#6270=CARTESIAN_POINT('Ctrl Pts',(-0.634869452153928,36.2557105449103,12.1111323768459));
#6271=CARTESIAN_POINT('Ctrl Pts',(-1.80969442527297,37.5869490078771,12.0000212657348));
#6272=CARTESIAN_POINT('Ctrl Pts',(-1.32881645809744,39.2960910817447,11.8889101546237));
#6273=CARTESIAN_POINT('Ctrl Pts',(0.367805639403511,39.8194294006786,11.7777990435125));
#6274=CARTESIAN_POINT('Ctrl Pts',(1.72791956255031,38.6781588366603,11.6666879324015));
#6275=CARTESIAN_POINT('Ctrl Pts',(1.50714705838511,36.9164343594519,11.5555768212903));
#6276=CARTESIAN_POINT('Ctrl Pts',(-0.0925257330213947,36.1460748044507,
11.4444657101792));
#6277=CARTESIAN_POINT('Ctrl Pts',(-1.60754568076561,37.0718800838167,11.3333545990681));
#6278=CARTESIAN_POINT('Ctrl Pts',(-1.65181078297225,38.8468394474848,11.222243487957));
#6279=CARTESIAN_POINT('Ctrl Pts',(-0.184820454208059,39.8469988389189,11.1111323768459));
#6280=CARTESIAN_POINT('Ctrl Pts',(1.45126071655095,39.1573651814373,11.0000212657348));
#6281=CARTESIAN_POINT('Ctrl Pts',(1.75957809324093,37.4087704353563,10.8889101546237));
#6282=CARTESIAN_POINT('Ctrl Pts',(0.458033494318091,36.2012522418411,10.7777990435125));
#6283=CARTESIAN_POINT('Ctrl Pts',(-1.26254796638605,36.6391130856449,10.6666879324015));
#6284=CARTESIAN_POINT('Ctrl Pts',(-1.82805716615314,38.3226697432234,10.5555768212903));
#6285=CARTESIAN_POINT('Ctrl Pts',(-0.720979546450797,39.7098069417335,10.4444657101792));
#6286=CARTESIAN_POINT('Ctrl Pts',(1.04556180398374,39.5350193523615,10.3333545990681));
#6287=CARTESIAN_POINT('Ctrl Pts',(1.85584418961971,37.9510381469048,10.222243487957));
#6288=CARTESIAN_POINT('Ctrl Pts',(1.11550643819261,36.6769941656192,10.1296508953644));
#6289=CARTESIAN_POINT('Ctrl Pts',(0.0801451928314468,36.3666924749688,10.0555768212903));
#6290=CARTESIAN_POINT('Ctrl Pts',(-0.446241791044419,36.4716714966074,10.0185397842533));
#6291=CARTESIAN_POINT('Ctrl Pts',(-0.681454962335254,36.5849441899103,10.0000212657348));
#6292=CARTESIAN_POINT('',(1.22812630933571,38.979014596253,10.9999999999999));
#6293=CARTESIAN_POINT('Ctrl Pts',(1.61091692254346,37.8186421512196,10.9999999999999));
#6294=CARTESIAN_POINT('Ctrl Pts',(1.61002004424868,37.959481939476,10.9999999999999));
#6295=CARTESIAN_POINT('Ctrl Pts',(1.60142932921972,38.1719035390503,10.9999999999999));
#6296=CARTESIAN_POINT('Ctrl Pts',(1.4620900463404,38.6206404054547,10.9999999999999));
#6297=CARTESIAN_POINT('Ctrl Pts',(1.36192803349061,38.8111668253434,10.9999999999999));
#6298=CARTESIAN_POINT('Ctrl Pts',(1.22812630933571,38.979014596253,10.9999999999999));
#6299=CARTESIAN_POINT('',(1.2277868376204,38.9794402956409,11.0000385736605));
#6300=CARTESIAN_POINT('Ctrl Pts',(1.2298148704055,38.981062087844,11.0000386220609));
#6301=CARTESIAN_POINT('Ctrl Pts',(1.229865502627,38.9809986184264,11.0000328366189));
#6302=CARTESIAN_POINT('Ctrl Pts',(1.22997815966183,38.9808573739001,11.0000199625985));
#6303=CARTESIAN_POINT('Ctrl Pts',(1.23009078995888,38.9807161080489,11.0000070885782));
#6304=CARTESIAN_POINT('Ctrl Pts',(1.23015279734235,38.9806383190423,10.9999999999999));
#6305=CARTESIAN_POINT('',(-1.81298183954512E-14,36.4294065416665,11.4500212657348));
#6306=CARTESIAN_POINT('Ctrl Pts',(-0.000474281901232838,36.4269883231142,
11.4500212657348));
#6307=CARTESIAN_POINT('Ctrl Pts',(-0.0264701080736442,36.4268849167868,
11.4481694138829));
#6308=CARTESIAN_POINT('Ctrl Pts',(-0.572282049807063,36.4392464762499,11.409280524994));
#6309=CARTESIAN_POINT('Ctrl Pts',(-1.60754568076561,37.0718800838167,11.3333545990681));
#6310=CARTESIAN_POINT('Ctrl Pts',(-1.65181078297225,38.8468394474848,11.222243487957));
#6311=CARTESIAN_POINT('Ctrl Pts',(-0.184896838895875,39.8469467616411,11.1111381622879));
#6312=CARTESIAN_POINT('Ctrl Pts',(0.905729948835149,39.3873148774326,11.0370698736559));
#6313=CARTESIAN_POINT('Ctrl Pts',(1.2298148704055,38.981062087844,11.0000386220609));
#6314=CARTESIAN_POINT('',(1.49647103337793E-14,36.4294065416665,12.1500212657348));
#6315=CARTESIAN_POINT('Ctrl Pts',(-0.00112603981292314,36.4310469745948,
12.1500212657348));
#6316=CARTESIAN_POINT('Ctrl Pts',(-0.184311406033611,36.4298317353234,12.1370583027718));
#6317=CARTESIAN_POINT('Ctrl Pts',(-0.889414862996381,36.5441455452197,12.0870583027718));
#6318=CARTESIAN_POINT('Ctrl Pts',(-1.80969442527297,37.5869490078771,12.0000212657348));
#6319=CARTESIAN_POINT('Ctrl Pts',(-1.32881645809744,39.2960910817447,11.8889101546237));
#6320=CARTESIAN_POINT('Ctrl Pts',(0.367805639403511,39.8194294006786,11.7777990435125));
#6321=CARTESIAN_POINT('Ctrl Pts',(1.72791956255031,38.6781588366603,11.6666879324015));
#6322=CARTESIAN_POINT('Ctrl Pts',(1.51082660012119,36.9457964340721,11.5574286731422));
#6323=CARTESIAN_POINT('Ctrl Pts',(0.493446415374635,36.4289530433354,11.48520645092));
#6324=CARTESIAN_POINT('Ctrl Pts',(-0.000474281901232838,36.4269883231142,
11.4500212657348));
#6325=CARTESIAN_POINT('',(-2.15958070628888E-15,36.4294065416665,12.8500212657348));
#6326=CARTESIAN_POINT('Ctrl Pts',(0.00112603933815649,36.4310469677276,
12.8500212657348));
#6327=CARTESIAN_POINT('Ctrl Pts',(-0.339075354924847,36.4333038429405,12.8259471916607));
#6328=CARTESIAN_POINT('Ctrl Pts',(-1.20599715648646,36.7091465903133,12.7648360805496));
#6329=CARTESIAN_POINT('Ctrl Pts',(-1.85104368573185,38.1387165466767,12.6666879324014));
#6330=CARTESIAN_POINT('Ctrl Pts',(-0.887751340246937,39.6301848271105,12.5555768212903));
#6331=CARTESIAN_POINT('Ctrl Pts',(0.887751340353351,39.6301848223668,12.4444657101792));
#6332=CARTESIAN_POINT('Ctrl Pts',(1.85104368536127,38.1387165537086,12.3333545990681));
#6333=CARTESIAN_POINT('Ctrl Pts',(1.20599715716179,36.7091465799047,12.23520645092));
#6334=CARTESIAN_POINT('Ctrl Pts',(0.339075354596903,36.4333038475274,12.1740953398089));
#6335=CARTESIAN_POINT('Ctrl Pts',(-0.00112603981292314,36.4310469745948,
12.1500212657348));
#6336=CARTESIAN_POINT('',(8.61547256992002E-15,36.4294065416665,13.5500212657348));
#6337=CARTESIAN_POINT('Ctrl Pts',(0.00047425373164219,36.4269879111716,
13.5500212657348));
#6338=CARTESIAN_POINT('Ctrl Pts',(-0.493446459848899,36.4289523929617,13.5148360805496));
#6339=CARTESIAN_POINT('Ctrl Pts',(-1.51082655123533,36.9457971489734,13.4426138583274));
#6340=CARTESIAN_POINT('Ctrl Pts',(-1.7279195879214,38.6781584656162,13.3333545990681));
#6341=CARTESIAN_POINT('Ctrl Pts',(-0.367805626567777,39.819429588437,13.222243487957));
#6342=CARTESIAN_POINT('Ctrl Pts',(1.32881645160558,39.2960909867046,13.1111323768459));
#6343=CARTESIAN_POINT('Ctrl Pts',(1.80969442855235,37.5869490560425,13.0000212657348));
#6344=CARTESIAN_POINT('Ctrl Pts',(0.88941486241536,36.5441455364451,12.9129842286977));
#6345=CARTESIAN_POINT('Ctrl Pts',(0.18431140547977,36.4298317272284,12.8629842286977));
#6346=CARTESIAN_POINT('Ctrl Pts',(0.00112603933815649,36.4310469677276,
12.8500212657348));
#6347=CARTESIAN_POINT('',(1.66005914145012E-14,36.4294065416665,14.2500212657348));
#6348=CARTESIAN_POINT('Ctrl Pts',(-0.00143238662457822,36.4296552929489,
14.2500212657348));
#6349=CARTESIAN_POINT('Ctrl Pts',(-0.131985706133201,36.428476103906,14.2407620064755));
#6350=CARTESIAN_POINT('Ctrl Pts',(-0.783423326835721,36.5030779346172,14.1944657101792));
#6351=CARTESIAN_POINT('Ctrl Pts',(-1.75957510468654,37.4088141388219,14.1111323768459));
#6352=CARTESIAN_POINT('Ctrl Pts',(-1.45126222867907,39.1573430686562,14.0000212657348));
#6353=CARTESIAN_POINT('Ctrl Pts',(0.184821219304618,39.8470100273979,13.8889101546237));
#6354=CARTESIAN_POINT('Ctrl Pts',(1.65181039585377,38.8468337864111,13.7777990435125));
#6355=CARTESIAN_POINT('Ctrl Pts',(1.60754587663716,37.0718829481709,13.6666879324015));
#6356=CARTESIAN_POINT('Ctrl Pts',(0.572282044110858,36.4392463929475,13.5907620064755));
#6357=CARTESIAN_POINT('Ctrl Pts',(0.0264700807621903,36.4268845173932,13.5518731175866));
#6358=CARTESIAN_POINT('Ctrl Pts',(0.00047425373164219,36.4269879111716,
13.5500212657348));
#6359=CARTESIAN_POINT('',(-3.31363405719468E-15,36.4294065416665,14.9500212657348));
#6360=CARTESIAN_POINT('Ctrl Pts',(0.000420985790292455,36.4318490948163,
14.9500212657348));
#6361=CARTESIAN_POINT('Ctrl Pts',(-0.287811649973713,36.4325475556729,14.9296508953644));
#6362=CARTESIAN_POINT('Ctrl Pts',(-1.10106419565828,36.6467444953763,14.872243487957));
#6363=CARTESIAN_POINT('Ctrl Pts',(-1.85565995703057,37.9537178605348,14.7777990435126));
#6364=CARTESIAN_POINT('Ctrl Pts',(-1.04565247251781,39.5336950809338,14.6666879324015));
#6365=CARTESIAN_POINT('Ctrl Pts',(0.721025190956974,39.7104742956173,14.5555768212903));
#6366=CARTESIAN_POINT('Ctrl Pts',(1.82803409065591,38.32233230737,14.4444657101792));
#6367=CARTESIAN_POINT('Ctrl Pts',(1.3096825111919,36.7795378422644,14.3426138583274));
#6368=CARTESIAN_POINT('Ctrl Pts',(0.390227571901258,36.4331928600775,14.2777990435126));
#6369=CARTESIAN_POINT('Ctrl Pts',(-0.00143238662457822,36.4296552929489,
14.2500212657348));
#6370=CARTESIAN_POINT('',(1.91622409746294E-14,36.4294065416665,15.6500018575383));
#6371=CARTESIAN_POINT('Ctrl Pts',(0.000996484492543888,36.4277432010013,
15.6500212657348));
#6372=CARTESIAN_POINT('Ctrl Pts',(-0.441787573465923,36.4314452705183,15.6185397842533));
#6373=CARTESIAN_POINT('Ctrl Pts',(-1.41121686456237,36.8588439972405,15.5500212657348));
#6374=CARTESIAN_POINT('Ctrl Pts',(-1.78702375013988,38.5024488853124,15.4444657101792));
#6375=CARTESIAN_POINT('Ctrl Pts',(-0.547049709030859,39.7739157750402,15.3333545990681));
#6376=CARTESIAN_POINT('Ctrl Pts',(1.19312132187638,39.4218824461542,15.222243487957));
#6377=CARTESIAN_POINT('Ctrl Pts',(1.84184997683753,37.7692271091623,15.1111323768459));
#6378=CARTESIAN_POINT('Ctrl Pts',(0.995398509526936,36.5918750909021,15.0203916361051));
#6379=CARTESIAN_POINT('Ctrl Pts',(0.236247687779023,36.4312776268427,14.9666879324014));
#6380=CARTESIAN_POINT('Ctrl Pts',(0.000420985790292455,36.4318490948163,
14.9500212657348));
#6381=CARTESIAN_POINT('',(0.00029705993510664,39.5705934302404,15.9999614263392));
#6382=CARTESIAN_POINT('Ctrl Pts',(-0.00101784075432942,39.5696406157264,
15.9999613779388));
#6383=CARTESIAN_POINT('Ctrl Pts',(0.364869230645059,39.5665863631179,15.9740424758139));
#6384=CARTESIAN_POINT('Ctrl Pts',(1.25803539071129,39.2565126923625,15.9110865366519));
#6385=CARTESIAN_POINT('Ctrl Pts',(1.84185022290839,37.7692270201893,15.8110935604529));
#6386=CARTESIAN_POINT('Ctrl Pts',(0.995398658143811,36.5918749081719,15.7203528197121));
#6387=CARTESIAN_POINT('Ctrl Pts',(0.236247725023403,36.431277413883,15.6666491160084));
#6388=CARTESIAN_POINT('Ctrl Pts',(0.000420988037155255,36.4318488782888,
15.6499824493418));
#6389=CARTESIAN_POINT('Ctrl Pts',(1.14721666588453,39.1468190613301,15.9999999999999));
#6390=CARTESIAN_POINT('Ctrl Pts',(1.12431165256471,39.1647082519417,15.9999999999999));
#6391=CARTESIAN_POINT('Ctrl Pts',(1.09907961757926,39.1840049808784,15.9999961657205));
#6392=CARTESIAN_POINT('Ctrl Pts',(1.07140704373001,39.2042131058744,15.9999932701227));
#6393=CARTESIAN_POINT('Ctrl Pts',(1.04480824809907,39.2236370954815,15.9999904868827));
#6394=CARTESIAN_POINT('Ctrl Pts',(1.01595342129971,39.2439027162565,15.9999885012063));
#6395=CARTESIAN_POINT('Ctrl Pts',(0.984766019343579,39.2645307356168,15.9999884073828));
#6396=CARTESIAN_POINT('Ctrl Pts',(0.95443791701025,39.2845903956992,15.9999883161445));
#6397=CARTESIAN_POINT('Ctrl Pts',(0.921903241524502,39.3049924604055,15.9999899640676));
#6398=CARTESIAN_POINT('Ctrl Pts',(0.887129195676423,39.3252639108192,15.9999921709712));
#6399=CARTESIAN_POINT('Ctrl Pts',(0.852355149828343,39.3455353612329,15.9999943778748));
#6400=CARTESIAN_POINT('Ctrl Pts',(0.815341076603341,39.3656760242788,15.999997106572));
#6401=CARTESIAN_POINT('Ctrl Pts',(0.776103073236485,39.385183377167,15.999997587997));
#6402=CARTESIAN_POINT('Ctrl Pts',(0.770332750288231,39.3880521196201,15.9999976587951));
#6403=CARTESIAN_POINT('Ctrl Pts',(0.764514427002996,39.3909071166611,15.9999976787586));
#6404=CARTESIAN_POINT('Ctrl Pts',(0.758648240338383,39.3937466910992,15.9999976560421));
#6405=CARTESIAN_POINT('Ctrl Pts',(0.737554165624508,39.403957446191,15.9999975743563));
#6406=CARTESIAN_POINT('Ctrl Pts',(0.715840822393554,39.4139687819061,15.9999969433513));
#6407=CARTESIAN_POINT('Ctrl Pts',(0.693517892226453,39.4237101844018,15.9999961162061));
#6408=CARTESIAN_POINT('Ctrl Pts',(0.643544278476682,39.4455179436009,15.999994264503));
#6409=CARTESIAN_POINT('Ctrl Pts',(0.592762477832862,39.4649920850829,15.9999862734374));
#6410=CARTESIAN_POINT('Ctrl Pts',(0.541233021016018,39.4820955466759,15.9999847880845));
#6411=CARTESIAN_POINT('Ctrl Pts',(0.487216575514072,39.5000244801074,15.9999832310434));
#6412=CARTESIAN_POINT('Ctrl Pts',(0.432378357221283,39.5153483545411,15.9999881722622));
#6413=CARTESIAN_POINT('Ctrl Pts',(0.376797811156567,39.5279751045156,15.9999899160301));
#6414=CARTESIAN_POINT('Ctrl Pts',(0.373154843290903,39.5288027114332,15.9999900303236));
#6415=CARTESIAN_POINT('Ctrl Pts',(0.369508690241049,39.5296187146106,15.9999901246551));
#6416=CARTESIAN_POINT('Ctrl Pts',(0.365859376007584,39.5304230810871,15.9999901938758));
#6417=CARTESIAN_POINT('Ctrl Pts',(0.304819049788267,39.5438773327586,15.9999913516978));
#6418=CARTESIAN_POINT('Ctrl Pts',(0.243208906801015,39.5540124255884,15.9999920061596));
#6419=CARTESIAN_POINT('Ctrl Pts',(0.181214930191911,39.5607428788978,15.9999943698753));
#6420=CARTESIAN_POINT('Ctrl Pts',(0.121214215155213,39.5672569312812,15.9999966575916));
#6421=CARTESIAN_POINT('Ctrl Pts',(0.0608539340421253,39.5705815489171,15.9999999999999));
#6422=CARTESIAN_POINT('Ctrl Pts',(0.000299795607487844,39.5705934289247,
15.9999999999999));
#6423=CARTESIAN_POINT('Ctrl Pts',(-5.41640612494399E-15,39.5705934583331,
16.6999824493418));
#6424=CARTESIAN_POINT('Ctrl Pts',(0.261066924363813,39.5705934583331,16.6814639308232));
#6425=CARTESIAN_POINT('Ctrl Pts',(0.780876158297635,39.4367862533203,16.6444268937862));
#6426=CARTESIAN_POINT('Ctrl Pts',(1.57906246429267,38.7079846264919,16.5703528197121));
#6427=CARTESIAN_POINT('Ctrl Pts',(1.69330331685303,37.2388931482463,16.4777602271195));
#6428=CARTESIAN_POINT('Ctrl Pts',(0.275998181489751,36.1633426888707,16.3666491160084));
#6429=CARTESIAN_POINT('Ctrl Pts',(-1.39143757517165,36.7723381980768,16.2555380048973));
#6430=CARTESIAN_POINT('Ctrl Pts',(-1.78702404106816,38.502449103189,16.1444268937862));
#6431=CARTESIAN_POINT('Ctrl Pts',(-0.547049796257214,39.7739159056995,16.0333157826751));
#6432=CARTESIAN_POINT('Ctrl Pts',(1.19312151060902,39.4218827351857,15.922204671564));
#6433=CARTESIAN_POINT('Ctrl Pts',(1.84185022290839,37.7692270201893,15.8110935604529));
#6434=CARTESIAN_POINT('Ctrl Pts',(0.805378919115019,36.327571372821,15.6999824493418));
#6435=CARTESIAN_POINT('Ctrl Pts',(-0.967900383594774,36.4161018903206,15.5888713382306));
#6436=CARTESIAN_POINT('Ctrl Pts',(-1.85566021668858,37.9537178660144,15.4777602271195));
#6437=CARTESIAN_POINT('Ctrl Pts',(-1.04565262451858,39.5336952926537,15.3666491160084));
#6438=CARTESIAN_POINT('Ctrl Pts',(0.721025295464023,39.7104745433739,15.2555380048973));
#6439=CARTESIAN_POINT('Ctrl Pts',(1.82803435027092,38.3223323511339,15.1444268937862));
#6440=CARTESIAN_POINT('Ctrl Pts',(1.26255982088058,36.6392836072115,15.0333157826751));
#6441=CARTESIAN_POINT('Ctrl Pts',(-0.45803946649662,36.2011656094425,14.922204671564));
#6442=CARTESIAN_POINT('Ctrl Pts',(-1.75957535535601,37.4088140549071,14.8110935604529));
#6443=CARTESIAN_POINT('Ctrl Pts',(-1.45126243566543,39.1573432334482,14.6999824493417));
#6444=CARTESIAN_POINT('Ctrl Pts',(0.184821245704931,39.847010290813,14.5888713382306));
#6445=CARTESIAN_POINT('Ctrl Pts',(1.65181063130585,38.8468339070773,14.4777602271195));
#6446=CARTESIAN_POINT('Ctrl Pts',(1.60754610582283,37.0718828158903,14.3666491160084));
#6447=CARTESIAN_POINT('Ctrl Pts',(0.0925256470977933,36.1460730908504,14.2555380048973));
#6448=CARTESIAN_POINT('Ctrl Pts',(-1.50714722309368,36.9164349382959,14.1444268937862));
#6449=CARTESIAN_POINT('Ctrl Pts',(-1.72791983425441,38.6781585622893,14.0333157826751));
#6450=CARTESIAN_POINT('Ctrl Pts',(-0.367805679000527,39.8194298478154,13.922204671564));
#6451=CARTESIAN_POINT('Ctrl Pts',(1.32881664103974,39.2960911714733,13.8110935604529));
#6452=CARTESIAN_POINT('Ctrl Pts',(1.8096946865411,37.5869489971582,13.6999824493417));
#6453=CARTESIAN_POINT('Ctrl Pts',(0.634869541011301,36.2557102717231,13.5888713382306));
#6454=CARTESIAN_POINT('Ctrl Pts',(-1.12080249164953,36.5203352530589,13.4777602271195));
#6455=CARTESIAN_POINT('Ctrl Pts',(-1.8510439496151,38.1387165664572,13.3666491160084));
#6456=CARTESIAN_POINT('Ctrl Pts',(-0.887751466803724,39.6301850594983,13.2555380048973));
#6457=CARTESIAN_POINT('Ctrl Pts',(0.887751466910032,39.6301850547829,13.1444268937862));
#6458=CARTESIAN_POINT('Ctrl Pts',(1.85104394924484,38.1387165734494,13.0333157826751));
#6459=CARTESIAN_POINT('Ctrl Pts',(1.12080249246248,36.5203352404137,12.922204671564));
#6460=CARTESIAN_POINT('Ctrl Pts',(-0.634869542659537,36.2557102961269,12.8110935604529));
#6461=CARTESIAN_POINT('Ctrl Pts',(-1.80969468326182,37.5869489492126,12.6999824493418));
#6462=CARTESIAN_POINT('Ctrl Pts',(-1.32881664753349,39.2960912661108,12.5888713382306));
#6463=CARTESIAN_POINT('Ctrl Pts',(0.367805691844169,39.8194296607911,12.4777602271195));
#6464=CARTESIAN_POINT('Ctrl Pts',(1.72791980885944,38.6781589320033,12.3666491160084));
#6465=CARTESIAN_POINT('Ctrl Pts',(1.50714727330167,36.9164342073792,12.2555380048973));
#6466=CARTESIAN_POINT('Ctrl Pts',(-0.0925257463613415,36.1460745358859,
12.1444268937862));
#6467=CARTESIAN_POINT('Ctrl Pts',(-1.60754590957537,37.0718799590143,12.0333157826751));
#6468=CARTESIAN_POINT('Ctrl Pts',(-1.65181101929354,38.8468395552093,11.922204671564));
#6469=CARTESIAN_POINT('Ctrl Pts',(-0.184820478640824,39.8469991242777,11.8110935604528));
#6470=CARTESIAN_POINT('Ctrl Pts',(1.45126091915512,39.1573653100446,11.6999824493418));
#6471=CARTESIAN_POINT('Ctrl Pts',(1.75957835354708,37.4087704087521,11.5888713382306));
#6472=CARTESIAN_POINT('Ctrl Pts',(0.458033538954254,36.2012518995447,11.4777602271195));
#6473=CARTESIAN_POINT('Ctrl Pts',(-1.2625481016652,36.6391130057711,11.3666491160084));
#6474=CARTESIAN_POINT('Ctrl Pts',(-1.82805752280357,38.3226696731524,11.2555380048973));
#6475=CARTESIAN_POINT('Ctrl Pts',(-0.720979443869175,39.7098072017095,11.1444268937862));
#6476=CARTESIAN_POINT('Ctrl Pts',(1.04556151075026,39.535019935358,11.0333157826751));
#6477=CARTESIAN_POINT('Ctrl Pts',(1.85584545910727,37.9510368040005,10.922204671564));
#6478=CARTESIAN_POINT('Ctrl Pts',(1.11550310382082,36.6769983662694,10.8296120789714));
#6479=CARTESIAN_POINT('Ctrl Pts',(0.0801469164100165,36.366690848578,10.7555380048973));
#6480=CARTESIAN_POINT('Ctrl Pts',(-0.446241791044417,36.4716714966074,10.7185009678603));
#6481=CARTESIAN_POINT('Ctrl Pts',(-0.681454962335252,36.5849441899103,10.6999824493418));
#6482=CARTESIAN_POINT('Ctrl Pts',(-5.41640612494399E-15,39.5705934583331,
16.6848728846745));
#6483=CARTESIAN_POINT('Ctrl Pts',(0.261065017055059,39.5705934583331,16.666354366156));
#6484=CARTESIAN_POINT('Ctrl Pts',(0.780876734829038,39.4367857728582,16.6293173291189));
#6485=CARTESIAN_POINT('Ctrl Pts',(1.57906013082815,38.7079856269058,16.5552432550449));
#6486=CARTESIAN_POINT('Ctrl Pts',(1.693303726801,37.2388927396077,16.4626506624523));
#6487=CARTESIAN_POINT('Ctrl Pts',(0.275997606181076,36.16334363651,16.3515395513412));
#6488=CARTESIAN_POINT('Ctrl Pts',(-1.39143686192867,36.7723384493778,16.24042844023));
#6489=CARTESIAN_POINT('Ctrl Pts',(-1.7870235589613,38.5024490160993,16.1293173291189));
#6490=CARTESIAN_POINT('Ctrl Pts',(-0.54704954919948,39.7739152635705,16.0182062180078));
#6491=CARTESIAN_POINT('Ctrl Pts',(1.19312107557891,39.4218822753056,15.9070951068967));
#6492=CARTESIAN_POINT('Ctrl Pts',(1.84184961557818,37.769227087543,15.7959839957856));
#6493=CARTESIAN_POINT('Ctrl Pts',(0.805378638599518,36.3275719441071,15.6848728846745));
#6494=CARTESIAN_POINT('Ctrl Pts',(-0.96790005205344,36.416102423482,15.5737617735634));
#6495=CARTESIAN_POINT('Ctrl Pts',(-1.85565959088437,37.953717883062,15.4626506624523));
#6496=CARTESIAN_POINT('Ctrl Pts',(-1.04565226968826,39.5336947730314,15.3515395513412));
#6497=CARTESIAN_POINT('Ctrl Pts',(0.72102505098295,39.7104739649964,15.24042844023));
#6498=CARTESIAN_POINT('Ctrl Pts',(1.8280337320278,38.3223322418943,15.1293173291189));
#6499=CARTESIAN_POINT('Ctrl Pts',(1.2625593935639,36.6392840676956,15.0182062180078));
#6500=CARTESIAN_POINT('Ctrl Pts',(-0.458039311452758,36.2011662180254,14.9070951068967));
#6501=CARTESIAN_POINT('Ctrl Pts',(-1.75957476004461,37.4088142549559,14.7959839957856));
#6502=CARTESIAN_POINT('Ctrl Pts',(-1.45126194461883,39.1573428418537,14.6848728846745));
#6503=CARTESIAN_POINT('Ctrl Pts',(0.184821183162564,39.8470096658899,14.5737617735634));
#6504=CARTESIAN_POINT('Ctrl Pts',(1.65181007242634,38.8468336205512,14.4626506624523));
#6505=CARTESIAN_POINT('Ctrl Pts',(1.60754556191336,37.0718831299168,14.3515395513412));
#6506=CARTESIAN_POINT('Ctrl Pts',(0.0925256157932238,36.1460737181189,14.24042844023));
#6507=CARTESIAN_POINT('Ctrl Pts',(-1.50714671315662,36.9164353049165,14.1293173291189));
#6508=CARTESIAN_POINT('Ctrl Pts',(-1.72791924961889,38.6781583328367,14.0182062180078));
#6509=CARTESIAN_POINT('Ctrl Pts',(-0.367805554555008,39.8194292322182,13.9070951068967));
#6510=CARTESIAN_POINT('Ctrl Pts',(1.32881619143969,39.2960907329456,13.7959839957856));
#6511=CARTESIAN_POINT('Ctrl Pts',(1.80969407423758,37.5869491369125,13.6848728846745));
#6512=CARTESIAN_POINT('Ctrl Pts',(0.634869326205671,36.255710861897,13.5737617735634));
#6513=CARTESIAN_POINT('Ctrl Pts',(-1.12080211243037,36.5203357536979,13.4626506624522));
#6514=CARTESIAN_POINT('Ctrl Pts',(-1.85104332332094,38.138716519523,13.3515395513412));
#6515=CARTESIAN_POINT('Ctrl Pts',(-0.887751166437023,39.6301845079312,13.24042844023));
#6516=CARTESIAN_POINT('Ctrl Pts',(0.887751166544,39.630184503216,13.1293173291189));
#6517=CARTESIAN_POINT('Ctrl Pts',(1.85104332294835,38.1387165265148,13.0182062180078));
#6518=CARTESIAN_POINT('Ctrl Pts',(1.12080211324845,36.5203357410535,12.9070951068967));
#6519=CARTESIAN_POINT('Ctrl Pts',(-0.634869327864298,36.2557108862993,12.7959839957856));
#6520=CARTESIAN_POINT('Ctrl Pts',(-1.80969407093762,37.5869490889699,12.6848728846745));
#6521=CARTESIAN_POINT('Ctrl Pts',(-1.32881619797437,39.2960908275772,12.5737617735634));
#6522=CARTESIAN_POINT('Ctrl Pts',(0.367805567479621,39.8194290452058,12.4626506624523));
#6523=CARTESIAN_POINT('Ctrl Pts',(1.72791922406382,38.6781587025272,12.3515395513412));
#6524=CARTESIAN_POINT('Ctrl Pts',(1.50714676368115,36.9164345740463,12.24042844023));
#6525=CARTESIAN_POINT('Ctrl Pts',(-0.0925257156825784,36.1460751630624,
12.1293173291189));
#6526=CARTESIAN_POINT('Ctrl Pts',(-1.60754536442866,37.0718802732227,12.0182062180078));
#6527=CARTESIAN_POINT('Ctrl Pts',(-1.6518104628601,38.8468392683237,11.9070951068967));
#6528=CARTESIAN_POINT('Ctrl Pts',(-0.184820411262502,39.8469985000654,11.7959839957856));
#6529=CARTESIAN_POINT('Ctrl Pts',(1.45126041854768,39.1573649170448,11.6848728846745));
#6530=CARTESIAN_POINT('Ctrl Pts',(1.75957777713777,37.4087706115792,11.5737617735634));
#6531=CARTESIAN_POINT('Ctrl Pts',(0.458033346540197,36.2012525026349,11.4626506624523));
#6532=CARTESIAN_POINT('Ctrl Pts',(-1.26254760046459,36.6391134771148,11.3515395513412));
#6533=CARTESIAN_POINT('Ctrl Pts',(-1.82805705065348,38.3226695424393,11.24042844023));
#6534=CARTESIAN_POINT('Ctrl Pts',(-0.720978910294821,39.7098066658307,11.1293173291189));
#6535=CARTESIAN_POINT('Ctrl Pts',(1.04556058124978,39.5350193311817,11.0182062180078));
#6536=CARTESIAN_POINT('Ctrl Pts',(1.8558460057593,37.9510369943015,10.9070951068967));
#6537=CARTESIAN_POINT('Ctrl Pts',(1.11550056737861,36.6769984773799,10.8145025143041));
#6538=CARTESIAN_POINT('Ctrl Pts',(0.0801476443115285,36.3666910313117,10.74042844023));
#6539=CARTESIAN_POINT('Ctrl Pts',(-0.446243509470227,36.4716723241576,10.703391403193));
#6540=CARTESIAN_POINT('Ctrl Pts',(-0.681454962335252,36.5849441899103,10.6848728846745));
#6541=CARTESIAN_POINT('Ctrl Pts',(-5.42030518286349E-15,39.5786207935529,
16.6496013382251));
#6542=CARTESIAN_POINT('Ctrl Pts',(0.262403800641754,39.5786207935529,16.6310828197065));
#6543=CARTESIAN_POINT('Ctrl Pts',(0.784866459091045,39.4441303415339,16.5940457826695));
#6544=CARTESIAN_POINT('Ctrl Pts',(1.58713621419339,38.7116018087081,16.5199717085954));
#6545=CARTESIAN_POINT('Ctrl Pts',(1.70195727488128,37.2350036636205,16.4273791160028));
#6546=CARTESIAN_POINT('Ctrl Pts',(0.277409585376962,36.1539542249863,16.3162680048917));
#6547=CARTESIAN_POINT('Ctrl Pts',(-1.39855019754925,36.7660632565312,16.2051568937806));
#6548=CARTESIAN_POINT('Ctrl Pts',(-1.79615820396891,38.5050172476063,16.0940457826695));
#6549=CARTESIAN_POINT('Ctrl Pts',(-0.549846110260754,39.782983287259,15.9829346715584));
#6550=CARTESIAN_POINT('Ctrl Pts',(1.19922016242081,39.4291506236116,15.8718235604473));
#6551=CARTESIAN_POINT('Ctrl Pts',(1.85126477148099,37.7680474444512,15.7607124493362));
#6552=CARTESIAN_POINT('Ctrl Pts',(0.809495603408076,36.3190227898209,15.6496013382251));
#6553=CARTESIAN_POINT('Ctrl Pts',(-0.972847786840637,36.4080058397312,15.5384902271139));
#6554=CARTESIAN_POINT('Ctrl Pts',(-1.86514537319683,37.9534812942204,15.4273791160028));
#6555=CARTESIAN_POINT('Ctrl Pts',(-1.05099745228761,39.5415347374631,15.3162680048917));
#6556=CARTESIAN_POINT('Ctrl Pts',(0.724710798339106,39.7192175893386,15.2051568937806));
#6557=CARTESIAN_POINT('Ctrl Pts',(1.83737830027187,38.3239799448607,15.0940457826695));
#6558=CARTESIAN_POINT('Ctrl Pts',(1.26901336296883,36.6323283403999,14.9829346715584));
#6559=CARTESIAN_POINT('Ctrl Pts',(-0.460380723487968,36.1919709139869,14.8718235604473));
#6560=CARTESIAN_POINT('Ctrl Pts',(-1.76856937928294,37.4057922231899,14.7607124493362));
#6561=CARTESIAN_POINT('Ctrl Pts',(-1.45868052613753,39.1632589635036,14.649601338225));
#6562=CARTESIAN_POINT('Ctrl Pts',(0.185765954739571,39.8564512361918,14.538490227114));
#6563=CARTESIAN_POINT('Ctrl Pts',(1.66025381866985,38.8511624767207,14.4273791160028));
#6564=CARTESIAN_POINT('Ctrl Pts',(1.61576303621731,37.0671387688781,14.3162680048917));
#6565=CARTESIAN_POINT('Ctrl Pts',(0.0929985895511487,36.1365967913487,14.2051568937806));
#6566=CARTESIAN_POINT('Ctrl Pts',(-1.51485096718894,36.9108963234747,14.0940457826695));
#6567=CARTESIAN_POINT('Ctrl Pts',(-1.73675205184948,38.6816249522615,13.9829346715584));
#6568=CARTESIAN_POINT('Ctrl Pts',(-0.369685708226838,39.8287298164803,13.8718235604473));
#6569=CARTESIAN_POINT('Ctrl Pts',(1.33560885297237,39.3027161080138,13.7607124493362));
#6570=CARTESIAN_POINT('Ctrl Pts',(1.81894489418081,37.5848376976277,13.649601338225));
#6571=CARTESIAN_POINT('Ctrl Pts',(0.638114660269167,36.246794379838,13.538490227114));
#6572=CARTESIAN_POINT('Ctrl Pts',(-1.12653144463115,36.5127719849297,13.4273791160028));
#6573=CARTESIAN_POINT('Ctrl Pts',(-1.86050551294519,38.139425612603,13.3162680048917));
#6574=CARTESIAN_POINT('Ctrl Pts',(-0.892289185491686,39.6385177083168,13.2051568937806));
#6575=CARTESIAN_POINT('Ctrl Pts',(0.892289185597638,39.6385177035768,13.0940457826695));
#6576=CARTESIAN_POINT('Ctrl Pts',(1.86050551257617,38.1394256196317,12.9829346715584));
#6577=CARTESIAN_POINT('Ctrl Pts',(1.12653144544138,36.5127719722188,12.8718235604473));
#6578=CARTESIAN_POINT('Ctrl Pts',(-0.638114661911892,36.2467944043687,12.7607124493362));
#6579=CARTESIAN_POINT('Ctrl Pts',(-1.8189448909125,37.5848376494329,12.6496013382251));
#6580=CARTESIAN_POINT('Ctrl Pts',(-1.3356088594444,39.3027162031432,12.538490227114));
#6581=CARTESIAN_POINT('Ctrl Pts',(0.369685721027531,39.828729628484,12.4273791160028));
#6582=CARTESIAN_POINT('Ctrl Pts',(1.73675202653943,38.6816253238968,12.3162680048917));
#6583=CARTESIAN_POINT('Ctrl Pts',(1.51485101722904,36.9108955887599,12.2051568937806));
#6584=CARTESIAN_POINT('Ctrl Pts',(-0.0929986884827637,36.1365982438931,
12.0940457826695));
#6585=CARTESIAN_POINT('Ctrl Pts',(-1.61576284062609,37.0671358971568,11.9829346715584));
#6586=CARTESIAN_POINT('Ctrl Pts',(-1.66025420536012,38.8511681542026,11.8718235604473));
#6587=CARTESIAN_POINT('Ctrl Pts',(-0.185765190240499,39.8564400116309,11.7607124493362));
#6588=CARTESIAN_POINT('Ctrl Pts',(1.45867901469838,39.1632811548185,11.6496013382251));
#6589=CARTESIAN_POINT('Ctrl Pts',(1.76857236744816,37.4057483502327,11.538490227114));
#6590=CARTESIAN_POINT('Ctrl Pts',(0.460374815767127,36.1920576524859,11.4273791160028));
#6591=CARTESIAN_POINT('Ctrl Pts',(-1.26900168294233,36.6321568524481,11.3162680048917));
#6592=CARTESIAN_POINT('Ctrl Pts',(-1.83740139531386,38.3243190197373,11.2051568937806));
#6593=CARTESIAN_POINT('Ctrl Pts',(-0.724665100099976,39.7185467798821,11.0940457826695));
#6594=CARTESIAN_POINT('Ctrl Pts',(1.05090664352741,39.5428662638393,10.9829346715584));
#6595=CARTESIAN_POINT('Ctrl Pts',(1.86532999000754,37.9507862968931,10.8718235604473));
#6596=CARTESIAN_POINT('Ctrl Pts',(1.12120786458357,36.6702363289074,10.7792309678547));
#6597=CARTESIAN_POINT('Ctrl Pts',(0.0805555727438802,36.3583427271059,10.7051568937806));
#6598=CARTESIAN_POINT('Ctrl Pts',(-0.448520237358081,36.4638590686039,10.6681198567436));
#6599=CARTESIAN_POINT('Ctrl Pts',(-0.684937892555578,36.577711810785,10.6496013382251));
#6600=CARTESIAN_POINT('Ctrl Pts',(-5.43246070225103E-15,39.6036464358772,
16.622586926671));
#6601=CARTESIAN_POINT('Ctrl Pts',(0.266553071291855,39.6036464358772,16.6040684081525));
#6602=CARTESIAN_POINT('Ctrl Pts',(0.797312028644025,39.4670212619104,16.5670313711155));
#6603=CARTESIAN_POINT('Ctrl Pts',(1.61228390868521,38.7228882754561,16.4929572970414));
#6604=CARTESIAN_POINT('Ctrl Pts',(1.72894042582756,37.2228740233321,16.4003647044488));
#6605=CARTESIAN_POINT('Ctrl Pts',(0.281804127871251,36.1246943895878,16.2892535933377));
#6606=CARTESIAN_POINT('Ctrl Pts',(-1.42071725161654,36.7465032332835,16.1781424822266));
#6607=CARTESIAN_POINT('Ctrl Pts',(-1.82462976094214,38.5130227284513,16.0670313711155));
#6608=CARTESIAN_POINT('Ctrl Pts',(-0.558561369253124,39.8112450967311,15.9559202600044));
#6609=CARTESIAN_POINT('Ctrl Pts',(1.21822880986218,39.4518041868803,15.8448091488933));
#6610=CARTESIAN_POINT('Ctrl Pts',(1.88060923023498,37.7643707083887,15.7336980377821));
#6611=CARTESIAN_POINT('Ctrl Pts',(0.822326861913856,36.2923776747265,15.622586926671));
#6612=CARTESIAN_POINT('Ctrl Pts',(-0.988268360395632,36.3827711483457,15.5114758155599));
#6613=CARTESIAN_POINT('Ctrl Pts',(-1.89470977662202,37.9527439345942,15.4003647044488));
#6614=CARTESIAN_POINT('Ctrl Pts',(-1.06765679178636,39.5659695781596,15.2892535933377));
#6615=CARTESIAN_POINT('Ctrl Pts',(0.736198175699521,39.746468884187,15.1781424822266));
#6616=CARTESIAN_POINT('Ctrl Pts',(1.86650255832469,38.3291153452348,15.0670313711155));
#6617=CARTESIAN_POINT('Ctrl Pts',(1.28912847449122,36.6106493974188,14.9559202600044));
#6618=CARTESIAN_POINT('Ctrl Pts',(-0.467678211229853,36.1633118711178,14.8448091488933));
#6619=CARTESIAN_POINT('Ctrl Pts',(-1.79660294685313,37.3963734445342,14.7336980377821));
#6620=CARTESIAN_POINT('Ctrl Pts',(-1.48180204973929,39.1816977642654,14.622586926671));
#6621=CARTESIAN_POINT('Ctrl Pts',(0.188710528124041,39.8858778176337,14.5114758155599));
#6622=CARTESIAN_POINT('Ctrl Pts',(1.68657047770615,38.864654240681,14.4003647044488));
#6623=CARTESIAN_POINT('Ctrl Pts',(1.64137447247415,37.0523519991478,14.2892535933377));
#6624=CARTESIAN_POINT('Ctrl Pts',(0.0944727088410713,36.1070600143216,14.1781424822266));
#6625=CARTESIAN_POINT('Ctrl Pts',(-1.53886284773033,36.8936329570198,14.0670313711155));
#6626=CARTESIAN_POINT('Ctrl Pts',(-1.76428128323542,38.6924293794154,13.9559202600044));
#6627=CARTESIAN_POINT('Ctrl Pts',(-0.37554559098509,39.8577169860711,13.8448091488933));
#6628=CARTESIAN_POINT('Ctrl Pts',(1.35677956937865,39.3233654419997,13.7336980377821));
#6629=CARTESIAN_POINT('Ctrl Pts',(1.84777696311032,37.5782569660414,13.622586926671));
#6630=CARTESIAN_POINT('Ctrl Pts',(0.648229406422308,36.2190043431796,13.5114758155599));
#6631=CARTESIAN_POINT('Ctrl Pts',(-1.14438807809441,36.4891979554017,13.4003647044488));
#6632=CARTESIAN_POINT('Ctrl Pts',(-1.88999635863373,38.1416356459507,13.2892535933377));
#6633=CARTESIAN_POINT('Ctrl Pts',(-0.906432848332062,39.6644898285604,13.1781424822266));
#6634=CARTESIAN_POINT('Ctrl Pts',(0.906432848443411,39.6644898237469,13.0670313711155));
#6635=CARTESIAN_POINT('Ctrl Pts',(1.88999635824592,38.1416356530883,12.9559202600044));
#6636=CARTESIAN_POINT('Ctrl Pts',(1.14438807894591,36.4891979424937,12.8448091488932));
#6637=CARTESIAN_POINT('Ctrl Pts',(-0.648229408148704,36.2190043680906,12.7336980377822));
#6638=CARTESIAN_POINT('Ctrl Pts',(-1.84777695967553,37.5782569170995,12.622586926671));
#6639=CARTESIAN_POINT('Ctrl Pts',(-1.35677957618033,39.3233655386038,12.5114758155599));
#6640=CARTESIAN_POINT('Ctrl Pts',(0.375545604437788,39.8577167951607,12.4003647044488));
#6641=CARTESIAN_POINT('Ctrl Pts',(1.76428125663619,38.6924297568115,12.2892535933377));
#6642=CARTESIAN_POINT('Ctrl Pts',(1.53886290031924,36.8936322109157,12.1781424822266));
#6643=CARTESIAN_POINT('Ctrl Pts',(-0.0944728128117959,36.1070614893829,
12.0670313711155));
#6644=CARTESIAN_POINT('Ctrl Pts',(-1.64137426692042,37.05234908291,11.9559202600044));
#6645=CARTESIAN_POINT('Ctrl Pts',(-1.68657088409261,38.8646600061732,11.8448091488933));
#6646=CARTESIAN_POINT('Ctrl Pts',(-0.188709724684979,39.8858664190737,11.7336980377821));
#6647=CARTESIAN_POINT('Ctrl Pts',(1.48180046131452,39.1817202995822,11.622586926671));
#6648=CARTESIAN_POINT('Ctrl Pts',(1.79660608722146,37.3963288914739,11.5114758155599));
#6649=CARTESIAN_POINT('Ctrl Pts',(0.46767200259739,36.1633999542063,11.4003647044488));
#6650=CARTESIAN_POINT('Ctrl Pts',(-1.28911619953817,36.6104752511221,11.2892535933377));
#6651=CARTESIAN_POINT('Ctrl Pts',(-1.86652682972992,38.3294596763214,11.1781424822266));
#6652=CARTESIAN_POINT('Ctrl Pts',(-0.73615014968377,39.7457876761877,11.0670313711155));
#6653=CARTESIAN_POINT('Ctrl Pts',(1.0675613562921,39.5673217440842,10.9559202600044));
#6654=CARTESIAN_POINT('Ctrl Pts',(1.89490382265052,37.9500071747461,10.8448091488933));
#6655=CARTESIAN_POINT('Ctrl Pts',(1.13896814002618,36.6491563980226,10.7522165563007));
#6656=CARTESIAN_POINT('Ctrl Pts',(0.0818366453296266,36.3323187902359,10.6781424822266));
#6657=CARTESIAN_POINT('Ctrl Pts',(-0.455640092943288,36.4395114429062,10.6411054451895));
#6658=CARTESIAN_POINT('Ctrl Pts',(-0.695796111821026,36.5551644861516,10.622586926671));
#6659=CARTESIAN_POINT('Ctrl Pts',(-5.44093511489431E-15,39.6210934583331,
16.6125138835595));
#6660=CARTESIAN_POINT('Ctrl Pts',(0.269461126956738,39.6210934583331,16.593995365041));
#6661=CARTESIAN_POINT('Ctrl Pts',(0.805984021688254,39.4829838898937,16.556958328004));
#6662=CARTESIAN_POINT('Ctrl Pts',(1.62983477206186,38.7307487755772,16.4828842539299));
#6663=CARTESIAN_POINT('Ctrl Pts',(1.74774886229152,37.2144209362875,16.3902916613373));
#6664=CARTESIAN_POINT('Ctrl Pts',(0.284872475528912,36.1042878177836,16.2791805502262));
#6665=CARTESIAN_POINT('Ctrl Pts',(-1.43617709523863,36.7328646343305,16.1680694391151));
#6666=CARTESIAN_POINT('Ctrl Pts',(-1.84448303123211,38.5186045758713,16.056958328004));
#6667=CARTESIAN_POINT('Ctrl Pts',(-0.564639335144195,39.8309534240735,15.9458472168928));
#6668=CARTESIAN_POINT('Ctrl Pts',(1.23148448478676,39.4676011722172,15.8347361057818));
#6669=CARTESIAN_POINT('Ctrl Pts',(1.90107206403052,37.7618068724619,15.7236249946706));
#6670=CARTESIAN_POINT('Ctrl Pts',(0.831274630828012,36.2737970206967,15.6125138835595));
#6671=CARTESIAN_POINT('Ctrl Pts',(-0.999021721272703,36.3651740998638,15.5014027724484));
#6672=CARTESIAN_POINT('Ctrl Pts',(-1.91532609677077,37.9522297356813,15.3902916613373));
#6673=CARTESIAN_POINT('Ctrl Pts',(-1.07927396507492,39.5830088892869,15.2791805502262));
#6674=CARTESIAN_POINT('Ctrl Pts',(0.744208747061722,39.7654722030051,15.1680694391151));
#6675=CARTESIAN_POINT('Ctrl Pts',(1.88681196340745,38.3326964486322,15.056958328004));
#6676=CARTESIAN_POINT('Ctrl Pts',(1.30315547637385,36.5955318791807,14.9458472168929));
#6677=CARTESIAN_POINT('Ctrl Pts',(-0.472767016096009,36.1433268757835,14.8347361057817));
#6678=CARTESIAN_POINT('Ctrl Pts',(-1.81615177554546,37.3898053865156,14.7236249946706));
#6679=CARTESIAN_POINT('Ctrl Pts',(-1.49792553146037,39.19455581254,14.6125138835595));
#6680=CARTESIAN_POINT('Ctrl Pts',(0.190763886595595,39.9063980459262,14.5014027724484));
#6681=CARTESIAN_POINT('Ctrl Pts',(1.70492204370755,38.8740625397197,14.3902916613373));
#6682=CARTESIAN_POINT('Ctrl Pts',(1.65923426096784,37.0420406453726,14.2791805502262));
#6683=CARTESIAN_POINT('Ctrl Pts',(0.0955006659695752,36.0864629425875,14.1680694391151));
#6684=CARTESIAN_POINT('Ctrl Pts',(-1.55560720766983,36.8815945820434,14.056958328004));
#6685=CARTESIAN_POINT('Ctrl Pts',(-1.78347842019329,38.699963700477,13.9458472168929));
#6686=CARTESIAN_POINT('Ctrl Pts',(-0.379631900923824,39.8779307965028,13.8347361057817));
#6687=CARTESIAN_POINT('Ctrl Pts',(1.3715426819617,39.337764975609,13.7236249946706));
#6688=CARTESIAN_POINT('Ctrl Pts',(1.86788261619624,37.5736679819262,13.6125138835595));
#6689=CARTESIAN_POINT('Ctrl Pts',(0.655282787769054,36.1996253371968,13.5014027724484));
#6690=CARTESIAN_POINT('Ctrl Pts',(-1.15684015978572,36.4727589249365,13.3902916613373));
#6691=CARTESIAN_POINT('Ctrl Pts',(-1.91056140077956,38.143176782797,13.2791805502262));
#6692=CARTESIAN_POINT('Ctrl Pts',(-0.916295740202879,39.6826011351339,13.1680694391151));
#6693=CARTESIAN_POINT('Ctrl Pts',(0.916295740312605,39.6826011302668,13.056958328004));
#6694=CARTESIAN_POINT('Ctrl Pts',(1.91056140039739,38.1431767900141,12.9458472168929));
#6695=CARTESIAN_POINT('Ctrl Pts',(1.15684016062482,36.4727589118846,12.8347361057817));
#6696=CARTESIAN_POINT('Ctrl Pts',(-0.655282789470288,36.1996253623854,12.7236249946706));
#6697=CARTESIAN_POINT('Ctrl Pts',(-1.86788261281152,37.5736679324389,12.6125138835595));
#6698=CARTESIAN_POINT('Ctrl Pts',(-1.37154268866424,39.3377650732895,12.5014027724484));
#6699=CARTESIAN_POINT('Ctrl Pts',(0.379631914180432,39.877930603465,12.3902916613373));
#6700=CARTESIAN_POINT('Ctrl Pts',(1.78347839398178,38.6999640820786,12.2791805502262));
#6701=CARTESIAN_POINT('Ctrl Pts',(1.55560725949218,36.8815938276253,12.1680694391151));
#6702=CARTESIAN_POINT('Ctrl Pts',(-0.0955007684247875,36.0864644340858,
12.056958328004));
#6703=CARTESIAN_POINT('Ctrl Pts',(-1.65923405841034,37.0420376966383,11.9458472168928));
#6704=CARTESIAN_POINT('Ctrl Pts',(-1.70492244417038,38.8740683694586,11.8347361057818));
#6705=CARTESIAN_POINT('Ctrl Pts',(-0.190763094867729,39.9063865203483,11.7236249946706));
#6706=CARTESIAN_POINT('Ctrl Pts',(1.49792396618901,39.194578598975,11.6125138835595));
#6707=CARTESIAN_POINT('Ctrl Pts',(1.81615487013873,37.3897603369862,11.5014027724484));
#6708=CARTESIAN_POINT('Ctrl Pts',(0.472760897962699,36.1434159404103,11.3902916613373));
#6709=CARTESIAN_POINT('Ctrl Pts',(-1.30314338034525,36.5953557923153,11.2791805502262));
#6710=CARTESIAN_POINT('Ctrl Pts',(-1.886835881017,38.3330446167178,11.1680694391151));
#6711=CARTESIAN_POINT('Ctrl Pts',(-0.74416142117986,39.764783404003,11.056958328004));
#6712=CARTESIAN_POINT('Ctrl Pts',(1.07917992168451,39.5843761238258,10.9458472168929));
#6713=CARTESIAN_POINT('Ctrl Pts',(1.91551729537251,37.949462468271,10.8347361057817));
#6714=CARTESIAN_POINT('Ctrl Pts',(1.15137037834948,36.6344592979008,10.7421435131892));
#6715=CARTESIAN_POINT('Ctrl Pts',(0.0827239163696377,36.3141743226054,10.6680694391151));
#6716=CARTESIAN_POINT('Ctrl Pts',(-0.460590004662763,36.4225304607704,10.631032402078));
#6717=CARTESIAN_POINT('Ctrl Pts',(-0.70336609116069,36.5394452620812,10.6125138835595));
#6718=CARTESIAN_POINT('',(0.181705626418373,39.6108777315421,10.9999999999999));
#6719=CARTESIAN_POINT('Ctrl Pts',(1.22618360735851,38.9797093429434,10.9999999999999));
#6720=CARTESIAN_POINT('Ctrl Pts',(1.18749444032057,39.0290976665251,10.9999999999999));
#6721=CARTESIAN_POINT('Ctrl Pts',(1.14630285426546,39.0762414266016,11.0000008743465));
#6722=CARTESIAN_POINT('Ctrl Pts',(1.10269936492626,39.1208970671755,10.9999998829006));
#6723=CARTESIAN_POINT('Ctrl Pts',(1.06052294446653,39.1640912037293,10.9999989239031));
#6724=CARTESIAN_POINT('Ctrl Pts',(1.01608993454606,39.2049578048819,10.9999957166805));
#6725=CARTESIAN_POINT('Ctrl Pts',(0.969446478587166,39.2432478192865,10.9999944236939));
#6726=CARTESIAN_POINT('Ctrl Pts',(0.943372885303789,39.264651856399,10.999993700917));
#6727=CARTESIAN_POINT('Ctrl Pts',(0.916680322333807,39.2851902144912,10.9999953254572));
#6728=CARTESIAN_POINT('Ctrl Pts',(0.889376029834203,39.3048351875185,10.9999966875881));
#6729=CARTESIAN_POINT('Ctrl Pts',(0.849231035013009,39.3337188269849,10.9999986903039));
#6730=CARTESIAN_POINT('Ctrl Pts',(0.807765043988224,39.3606720673911,10.9999993362239));
#6731=CARTESIAN_POINT('Ctrl Pts',(0.765102011083713,39.3857810700534,11.0000004106183));
#6732=CARTESIAN_POINT('Ctrl Pts',(0.737955712865673,39.4017578168486,11.0000010942508));
#6733=CARTESIAN_POINT('Ctrl Pts',(0.710324161901206,39.4169876496205,11.0000022263468));
#6734=CARTESIAN_POINT('Ctrl Pts',(0.682231952309388,39.4314863358655,11.0000060234011));
#6735=CARTESIAN_POINT('Ctrl Pts',(0.642628633319098,39.4519260273189,11.0000113763426));
#6736=CARTESIAN_POINT('Ctrl Pts',(0.603574576140752,39.4701599644703,11.0000172349021));
#6737=CARTESIAN_POINT('Ctrl Pts',(0.565475768303867,39.4864803321637,11.0000216610654));
#6738=CARTESIAN_POINT('Ctrl Pts',(0.526371637368056,39.5032313496216,11.0000262040231));
#6739=CARTESIAN_POINT('Ctrl Pts',(0.488273921796036,39.5179668380482,11.0000291950038));
#6740=CARTESIAN_POINT('Ctrl Pts',(0.451567028384095,39.5310145618677,11.0000296069832));
#6741=CARTESIAN_POINT('Ctrl Pts',(0.414038876900661,39.5443542076535,11.0000300281799));
#6742=CARTESIAN_POINT('Ctrl Pts',(0.377964325808976,39.5559303040858,11.0000277040484));
#6743=CARTESIAN_POINT('Ctrl Pts',(0.343698333118657,39.5660980950918,11.0000233511272));
#6744=CARTESIAN_POINT('Ctrl Pts',(0.308020959204939,39.5766846870191,11.0000188189136));
#6745=CARTESIAN_POINT('Ctrl Pts',(0.274303928413398,39.5857454894195,11.0000120157266));
#6746=CARTESIAN_POINT('Ctrl Pts',(0.242890959553605,39.5936752581432,11.0000066443084));
#6747=CARTESIAN_POINT('Ctrl Pts',(0.221308913417104,39.5991233466448,11.0000029539156));
#6748=CARTESIAN_POINT('Ctrl Pts',(0.200813212614004,39.6040374513849,10.9999999999999));
#6749=CARTESIAN_POINT('Ctrl Pts',(0.18150227553291,39.6085401671753,10.9999999999999));
#6750=CARTESIAN_POINT('',(-1.14614331991429,39.1464290169332,15.9999999999999));
#6751=CARTESIAN_POINT('Ctrl Pts',(-1.14423949986766,39.1445911600687,15.9999999999999));
#6752=CARTESIAN_POINT('Ctrl Pts',(-0.957870201596862,39.331158033841,15.9819490722975));
#6753=CARTESIAN_POINT('Ctrl Pts',(-0.257726706129358,39.7688656138467,15.9268611075581));
#6754=CARTESIAN_POINT('Ctrl Pts',(1.23148448478676,39.4676011722172,15.8347361057818));
#6755=CARTESIAN_POINT('Ctrl Pts',(1.90107206403052,37.7618068724619,15.7236249946706));
#6756=CARTESIAN_POINT('Ctrl Pts',(0.831274630828012,36.2737970206967,15.6125138835595));
#6757=CARTESIAN_POINT('Ctrl Pts',(-0.999021721272703,36.3651740998638,15.5014027724484));
#6758=CARTESIAN_POINT('Ctrl Pts',(-1.91532609677077,37.9522297356813,15.3902916613373));
#6759=CARTESIAN_POINT('Ctrl Pts',(-1.07927396507492,39.5830088892869,15.2791805502262));
#6760=CARTESIAN_POINT('Ctrl Pts',(0.744208747061722,39.7654722030051,15.1680694391151));
#6761=CARTESIAN_POINT('Ctrl Pts',(1.88681196340745,38.3326964486322,15.056958328004));
#6762=CARTESIAN_POINT('Ctrl Pts',(1.30315547637385,36.5955318791807,14.9458472168929));
#6763=CARTESIAN_POINT('Ctrl Pts',(-0.472767016096009,36.1433268757835,14.8347361057817));
#6764=CARTESIAN_POINT('Ctrl Pts',(-1.81615177554546,37.3898053865156,14.7236249946706));
#6765=CARTESIAN_POINT('Ctrl Pts',(-1.49792553146037,39.19455581254,14.6125138835595));
#6766=CARTESIAN_POINT('Ctrl Pts',(0.190763886595595,39.9063980459262,14.5014027724484));
#6767=CARTESIAN_POINT('Ctrl Pts',(1.70492204370755,38.8740625397197,14.3902916613373));
#6768=CARTESIAN_POINT('Ctrl Pts',(1.65923426096784,37.0420406453726,14.2791805502262));
#6769=CARTESIAN_POINT('Ctrl Pts',(0.0955006659695752,36.0864629425875,14.1680694391151));
#6770=CARTESIAN_POINT('Ctrl Pts',(-1.55560720766983,36.8815945820434,14.056958328004));
#6771=CARTESIAN_POINT('Ctrl Pts',(-1.78347842019329,38.699963700477,13.9458472168929));
#6772=CARTESIAN_POINT('Ctrl Pts',(-0.379631900923824,39.8779307965028,13.8347361057817));
#6773=CARTESIAN_POINT('Ctrl Pts',(1.3715426819617,39.337764975609,13.7236249946706));
#6774=CARTESIAN_POINT('Ctrl Pts',(1.86788261619624,37.5736679819262,13.6125138835595));
#6775=CARTESIAN_POINT('Ctrl Pts',(0.655282787769054,36.1996253371968,13.5014027724484));
#6776=CARTESIAN_POINT('Ctrl Pts',(-1.15684015978572,36.4727589249365,13.3902916613373));
#6777=CARTESIAN_POINT('Ctrl Pts',(-1.91056140077956,38.143176782797,13.2791805502262));
#6778=CARTESIAN_POINT('Ctrl Pts',(-0.916295740202879,39.6826011351339,13.1680694391151));
#6779=CARTESIAN_POINT('Ctrl Pts',(0.916295740312605,39.6826011302668,13.056958328004));
#6780=CARTESIAN_POINT('Ctrl Pts',(1.91056140039739,38.1431767900141,12.9458472168929));
#6781=CARTESIAN_POINT('Ctrl Pts',(1.15684016062482,36.4727589118846,12.8347361057817));
#6782=CARTESIAN_POINT('Ctrl Pts',(-0.655282789470288,36.1996253623854,12.7236249946706));
#6783=CARTESIAN_POINT('Ctrl Pts',(-1.86788261281152,37.5736679324389,12.6125138835595));
#6784=CARTESIAN_POINT('Ctrl Pts',(-1.37154268866424,39.3377650732895,12.5014027724484));
#6785=CARTESIAN_POINT('Ctrl Pts',(0.379631914180432,39.877930603465,12.3902916613373));
#6786=CARTESIAN_POINT('Ctrl Pts',(1.78347839398178,38.6999640820786,12.2791805502262));
#6787=CARTESIAN_POINT('Ctrl Pts',(1.55560725949218,36.8815938276253,12.1680694391151));
#6788=CARTESIAN_POINT('Ctrl Pts',(-0.0955007684247875,36.0864644340858,
12.056958328004));
#6789=CARTESIAN_POINT('Ctrl Pts',(-1.65923405841034,37.0420376966383,11.9458472168928));
#6790=CARTESIAN_POINT('Ctrl Pts',(-1.70492244417038,38.8740683694586,11.8347361057818));
#6791=CARTESIAN_POINT('Ctrl Pts',(-0.190763094867729,39.9063865203483,11.7236249946706));
#6792=CARTESIAN_POINT('Ctrl Pts',(1.49792396618901,39.194578598975,11.6125138835595));
#6793=CARTESIAN_POINT('Ctrl Pts',(1.81615487013873,37.3897603369862,11.5014027724484));
#6794=CARTESIAN_POINT('Ctrl Pts',(0.472760897962699,36.1434159404103,11.3902916613373));
#6795=CARTESIAN_POINT('Ctrl Pts',(-1.30314338034525,36.5953557923153,11.2791805502262));
#6796=CARTESIAN_POINT('Ctrl Pts',(-1.886835881017,38.3330446167178,11.1680694391151));
#6797=CARTESIAN_POINT('Ctrl Pts',(-0.929798427736285,39.5321854839618,11.0750092557063));
#6798=CARTESIAN_POINT('Ctrl Pts',(-0.0940876047077995,39.639305853587,11.0189861093346));
#6799=CARTESIAN_POINT('Ctrl Pts',(0.181502275532922,39.6085401671752,10.9999999999999));
#6800=CARTESIAN_POINT('',(-0.000247422400927689,39.5705934388444,15.9999999999999));
#6801=CARTESIAN_POINT('Ctrl Pts',(-0.000247422400930716,39.5705934388444,
15.9999999999999));
#6802=CARTESIAN_POINT('Ctrl Pts',(-0.214900105674641,39.5705596236756,15.9999999999999));
#6803=CARTESIAN_POINT('Ctrl Pts',(-0.426311002313184,39.5300852086697,15.9999999999999));
#6804=CARTESIAN_POINT('Ctrl Pts',(-0.864029930460853,39.3592567831342,15.9999999999999));
#6805=CARTESIAN_POINT('Ctrl Pts',(-1.03546824021616,39.2335362903513,15.9999999999999));
#6806=CARTESIAN_POINT('Ctrl Pts',(-1.14614331991429,39.1464290169332,15.9999999999999));
#6807=CARTESIAN_POINT('Ctrl Pts',(-0.00156305202060305,39.5696450746778,
15.9999999999999));
#6808=CARTESIAN_POINT('Ctrl Pts',(-0.00138131539041853,39.5696436191035,
15.9999871259795));
#6809=CARTESIAN_POINT('Ctrl Pts',(-0.00119957829794696,39.5696421327856,
15.9999742519591));
#6810=CARTESIAN_POINT('Ctrl Pts',(-0.00101784075432941,39.5696406157264,
15.9999613779388));
#6811=CARTESIAN_POINT('Ctrl Pts',(-0.620393701544299,36.5023165702539,16.2187617938288));
#6812=CARTESIAN_POINT('Ctrl Pts',(-1.11795914999273,36.7084258615718,16.1817492988371));
#6813=CARTESIAN_POINT('Ctrl Pts',(-1.88286478244079,37.6522992870334,16.1077243088537));
#6814=CARTESIAN_POINT('Ctrl Pts',(-1.31400926311962,39.3953049563461,15.9966868238786));
#6815=CARTESIAN_POINT('Ctrl Pts',(0.457729586243003,39.8595779159245,15.8856493389036));
#6816=CARTESIAN_POINT('Ctrl Pts',(1.81012783449301,38.6263706717191,15.7746118539285));
#6817=CARTESIAN_POINT('Ctrl Pts',(1.50897185559958,36.8198904030595,15.6635743689534));
#6818=CARTESIAN_POINT('Ctrl Pts',(-0.171347751210639,36.0922412772712,15.5525368839783));
#6819=CARTESIAN_POINT('Ctrl Pts',(-1.69495514128194,37.1076712128022,15.4414993990032));
#6820=CARTESIAN_POINT('Ctrl Pts',(-1.66978472426728,38.9386223326397,15.3304619140282));
#6821=CARTESIAN_POINT('Ctrl Pts',(-0.11873527963178,39.911805827678,15.2194244290531));
#6822=CARTESIAN_POINT('Ctrl Pts',(1.54079705719393,39.1380146915721,15.108386944078));
#6823=CARTESIAN_POINT('Ctrl Pts',(1.792361605846,37.3242943071858,14.9973494591029));
#6824=CARTESIAN_POINT('Ctrl Pts',(0.406066433946862,36.128039251346,14.8863119741278));
#6825=CARTESIAN_POINT('Ctrl Pts',(-1.35128903262525,36.6423734758142,14.7752744891527));
#6826=CARTESIAN_POINT('Ctrl Pts',(-1.87384115565414,38.3973051319724,14.6642370041776));
#6827=CARTESIAN_POINT('Ctrl Pts',(-0.684081521177399,39.7891794712022,14.5531995192026));
#6828=CARTESIAN_POINT('Ctrl Pts',(1.13078976776868,39.5461066857036,14.4421620342275));
#6829=CARTESIAN_POINT('Ctrl Pts',(1.91234842300068,37.8902053710892,14.3311245492524));
#6830=CARTESIAN_POINT('Ctrl Pts',(0.946407955872882,36.3346342205522,14.2200870642773));
#6831=CARTESIAN_POINT('Ctrl Pts',(-0.8843576240572,36.3008699630417,14.1090495793022));
#6832=CARTESIAN_POINT('Ctrl Pts',(-1.90699950695024,37.8197663771245,13.9980120943271));
#6833=CARTESIAN_POINT('Ctrl Pts',(-1.18703015360668,39.5033597959242,13.886974609352));
#6834=CARTESIAN_POINT('Ctrl Pts',(0.617644286300489,39.8131869207629,13.775937124377));
#6835=CARTESIAN_POINT('Ctrl Pts',(1.85791697322044,38.4661285131643,13.6648996394019));
#6836=CARTESIAN_POINT('Ctrl Pts',(1.40042992500306,36.6931230756793,13.5538621544268));
#6837=CARTESIAN_POINT('Ctrl Pts',(-0.336766375572833,36.1143383966601,13.4428246694517));
#6838=CARTESIAN_POINT('Ctrl Pts',(-1.76622642788772,37.2586664266305,13.3317871844766));
#6839=CARTESIAN_POINT('Ctrl Pts',(-1.58171333616977,39.0804231580753,13.2207496995015));
#6840=CARTESIAN_POINT('Ctrl Pts',(0.0481653345011662,39.914892004859,13.1097122145265));
#6841=CARTESIAN_POINT('Ctrl Pts',(1.63403061751523,38.9995374626882,12.9986747295514));
#6842=CARTESIAN_POINT('Ctrl Pts',(1.72672299797922,37.1708082008722,12.8876372445763));
#6843=CARTESIAN_POINT('Ctrl Pts',(0.241540243094783,36.0997921973019,12.7765997596012));
#6844=CARTESIAN_POINT('Ctrl Pts',(-1.46436113078548,36.7651813143486,12.6655622746261));
#6845=CARTESIAN_POINT('Ctrl Pts',(-1.8321335443242,38.5589442908527,12.554524789651));
#6846=CARTESIAN_POINT('Ctrl Pts',(-0.525706134449075,39.8419459517226,12.4434873046759));
#6847=CARTESIAN_POINT('Ctrl Pts',(1.26110835353506,39.4417810908464,12.3324498197009));
#6848=CARTESIAN_POINT('Ctrl Pts',(1.89552892899958,37.7241225113608,12.2214123347258));
#6849=CARTESIAN_POINT('Ctrl Pts',(0.797812799792269,36.2585558446564,12.1103748497507));
#6850=CARTESIAN_POINT('Ctrl Pts',(-1.02892814456286,36.3843247657092,11.9993373647756));
#6851=CARTESIAN_POINT('Ctrl Pts',(-1.91546600897128,37.9864767902341,11.8882998798005));
#6852=CARTESIAN_POINT('Ctrl Pts',(-1.05159861400379,39.6010196596058,11.7772623948254));
#6853=CARTESIAN_POINT('Ctrl Pts',(0.773102633657913,39.7524884347186,11.6662249098504));
#6854=CARTESIAN_POINT('Ctrl Pts',(1.89157222697188,38.3026701702029,11.5551874248753));
#6855=CARTESIAN_POINT('Ctrl Pts',(1.28107480030832,36.5760090057826,11.4441499399002));
#6856=CARTESIAN_POINT('Ctrl Pts',(-0.499162396204865,36.1511129559293,11.3331124549251));
#6857=CARTESIAN_POINT('Ctrl Pts',(-1.82507098544552,37.414669185115,11.22207496995));
#6858=CARTESIAN_POINT('Ctrl Pts',(-1.47956372566396,39.2153052112338,11.1110374849749));
#6859=CARTESIAN_POINT('Ctrl Pts',(-0.35346561536161,39.671244588582,11.0370124949916));
#6860=CARTESIAN_POINT('Ctrl Pts',(0.181705626418419,39.6108777315421,10.9999999999999));
#6861=CARTESIAN_POINT('Ctrl Pts',(-0.668729642267012,36.3856294773621,16.1458411958858));
#6862=CARTESIAN_POINT('Ctrl Pts',(-1.20506127090394,36.6077970981936,16.1088287008941));
#6863=CARTESIAN_POINT('Ctrl Pts',(-2.02956201725539,37.6252093262402,16.0348037109108));
#6864=CARTESIAN_POINT('Ctrl Pts',(-1.41638598566394,39.5040155662252,15.9237662259357));
#6865=CARTESIAN_POINT('Ctrl Pts',(0.493392085866388,40.004460830902,15.8127287409606));
#6866=CARTESIAN_POINT('Ctrl Pts',(1.95115800854344,38.675172288472,15.7016912559855));
#6867=CARTESIAN_POINT('Ctrl Pts',(1.62653844917225,36.727946033892,15.5906537710104));
#6868=CARTESIAN_POINT('Ctrl Pts',(-0.184697749324532,35.9436045127368,15.4796162860353));
#6869=CARTESIAN_POINT('Ctrl Pts',(-1.82701201264077,37.0381483416709,15.3685788010602));
#6870=CARTESIAN_POINT('Ctrl Pts',(-1.79988052512884,39.0117520135481,15.2575413160852));
#6871=CARTESIAN_POINT('Ctrl Pts',(-0.127986149561133,40.0607579091224,15.14650383111));
#6872=CARTESIAN_POINT('Ctrl Pts',(1.66084320698055,39.2266793742349,15.035466346135));
#6873=CARTESIAN_POINT('Ctrl Pts',(1.93200758245438,37.2716489140547,14.9244288611599));
#6874=CARTESIAN_POINT('Ctrl Pts',(0.437703768484401,35.982191568565,14.8133913761848));
#6875=CARTESIAN_POINT('Ctrl Pts',(-1.45657028615448,36.5365984574134,14.7023538912098));
#6876=CARTESIAN_POINT('Ctrl Pts',(-2.01983534417994,38.4282598583986,14.5913164062346));
#6877=CARTESIAN_POINT('Ctrl Pts',(-0.737379489507551,39.9285775222254,14.4802789212596));
#6878=CARTESIAN_POINT('Ctrl Pts',(1.21889154418689,39.666566517783,14.3692414362845));
#6879=CARTESIAN_POINT('Ctrl Pts',(2.06134277898019,37.8816510826406,14.2582039513094));
#6880=CARTESIAN_POINT('Ctrl Pts',(1.0201442280831,36.2048827072846,14.1471664663343));
#6881=CARTESIAN_POINT('Ctrl Pts',(-0.953259448153259,36.1684878183775,14.0361289813592));
#6882=CARTESIAN_POINT('Ctrl Pts',(-2.05557711967703,37.8057240654604,13.9250914963842));
#6883=CARTESIAN_POINT('Ctrl Pts',(-1.27951371525146,39.6204891442716,13.8140540114091));
#6884=CARTESIAN_POINT('Ctrl Pts',(0.665766015350977,39.954455433488,13.703016526434));
#6885=CARTESIAN_POINT('Ctrl Pts',(2.00267048129404,38.5024453876351,13.5919790414589));
#6886=CARTESIAN_POINT('Ctrl Pts',(1.50953983000817,36.5913020459225,13.4809415564838));
#6887=CARTESIAN_POINT('Ctrl Pts',(-0.363004423326335,35.9674232567171,13.3699040715087));
#6888=CARTESIAN_POINT('Ctrl Pts',(-1.90383616781377,37.2009078524075,13.2588665865337));
#6889=CARTESIAN_POINT('Ctrl Pts',(-1.70494734365101,39.1646007852727,13.1478291015585));
#6890=CARTESIAN_POINT('Ctrl Pts',(0.0519179785843401,40.0640845356775,13.0367916165835));
#6891=CARTESIAN_POINT('Ctrl Pts',(1.76134075440204,39.0774131461879,12.9257541316084));
#6892=CARTESIAN_POINT('Ctrl Pts',(1.86125495771239,37.1062044411134,12.8147166466333));
#6893=CARTESIAN_POINT('Ctrl Pts',(0.260359059022987,35.9517437379391,12.7036791616582));
#6894=CARTESIAN_POINT('Ctrl Pts',(-1.57845202603167,36.6689744659484,12.5926416766831));
#6895=CARTESIAN_POINT('Ctrl Pts',(-1.97487822109012,38.60249260226,12.481604191708));
#6896=CARTESIAN_POINT('Ctrl Pts',(-0.566664803902108,39.985455130032,12.370566706733));
#6897=CARTESIAN_POINT('Ctrl Pts',(1.35936347519354,39.5541127363302,12.2595292217579));
#6898=CARTESIAN_POINT('Ctrl Pts',(2.04321284926222,37.7026284215523,12.1484917367828));
#6899=CARTESIAN_POINT('Ctrl Pts',(0.859971767722776,36.1228769342242,12.0374542518077));
#6900=CARTESIAN_POINT('Ctrl Pts',(-1.10909370665628,36.2584447283113,11.9264167668326));
#6901=CARTESIAN_POINT('Ctrl Pts',(-2.0647032614378,37.9854231736935,11.8153792818575));
#6902=CARTESIAN_POINT('Ctrl Pts',(-1.13353047137766,39.725757855964,11.7043417968825));
#6903=CARTESIAN_POINT('Ctrl Pts',(0.833336390029139,39.8890278239596,11.5933043119074));
#6904=CARTESIAN_POINT('Ctrl Pts',(2.03894787377173,38.3262517239309,11.4822668269323));
#6905=CARTESIAN_POINT('Ctrl Pts',(1.38088554218872,36.4650634173364,11.3712293419572));
#6906=CARTESIAN_POINT('Ctrl Pts',(-0.538052997340735,36.0070629851724,11.2601918569821));
#6907=CARTESIAN_POINT('Ctrl Pts',(-1.96726540609751,37.3690650542204,11.149154372007));
#6908=CARTESIAN_POINT('Ctrl Pts',(-1.59483908123438,39.3099917312678,11.038116887032));
#6909=CARTESIAN_POINT('Ctrl Pts',(-0.38100472961939,39.8014541299842,10.9640918970486));
#6910=CARTESIAN_POINT('Ctrl Pts',(0.195862624411278,39.7363839872465,10.9270794020569));
#6911=CARTESIAN_POINT('Ctrl Pts',(-0.717065582989725,36.2689423844703,16.0729205979428));
#6912=CARTESIAN_POINT('Ctrl Pts',(-1.29216339181515,36.5071683348154,16.0359081029512));
#6913=CARTESIAN_POINT('Ctrl Pts',(-2.17625925206999,37.5981193654469,15.9618831129678));
#6914=CARTESIAN_POINT('Ctrl Pts',(-1.51876270820827,39.6127261761044,15.8508456279927));
#6915=CARTESIAN_POINT('Ctrl Pts',(0.529054585489773,40.1493437458794,15.7398081430176));
#6916=CARTESIAN_POINT('Ctrl Pts',(2.09218818259388,38.7239739052249,15.6287706580425));
#6917=CARTESIAN_POINT('Ctrl Pts',(1.74410504274492,36.6360016647245,15.5177331730674));
#6918=CARTESIAN_POINT('Ctrl Pts',(-0.198047747438426,35.7949677482024,15.4066956880923));
#6919=CARTESIAN_POINT('Ctrl Pts',(-1.9590688839996,36.9686254705395,15.2956582031173));
#6920=CARTESIAN_POINT('Ctrl Pts',(-1.9299763259904,39.0848816944565,15.1846207181422));
#6921=CARTESIAN_POINT('Ctrl Pts',(-0.137237019490486,40.2097099905666,15.0735832331671));
#6922=CARTESIAN_POINT('Ctrl Pts',(1.78088935676716,39.3153440568977,14.962545748192));
#6923=CARTESIAN_POINT('Ctrl Pts',(2.07165355906276,37.2190035209236,14.8515082632169));
#6924=CARTESIAN_POINT('Ctrl Pts',(0.469341103021941,35.836343885784,14.7404707782418));
#6925=CARTESIAN_POINT('Ctrl Pts',(-1.56185153968372,36.4308234390124,14.6294332932668));
#6926=CARTESIAN_POINT('Ctrl Pts',(-2.16582953270575,38.4592145848248,14.5183958082917));
#6927=CARTESIAN_POINT('Ctrl Pts',(-0.790677457837704,40.0679755732486,14.4073583233166));
#6928=CARTESIAN_POINT('Ctrl Pts',(1.30699332060509,39.7870263498625,14.2963208383415));
#6929=CARTESIAN_POINT('Ctrl Pts',(2.21033713495969,37.873096794192,14.1852833533664));
#6930=CARTESIAN_POINT('Ctrl Pts',(1.09388050029332,36.0751311940171,14.0742458683913));
#6931=CARTESIAN_POINT('Ctrl Pts',(-1.02216127224932,36.0361056737133,13.9632083834162));
#6932=CARTESIAN_POINT('Ctrl Pts',(-2.20415473240383,37.7916817537962,13.8521708984412));
#6933=CARTESIAN_POINT('Ctrl Pts',(-1.37199727689624,39.737618492619,13.7411334134661));
#6934=CARTESIAN_POINT('Ctrl Pts',(0.713887744401463,40.0957239462132,13.630095928491));
#6935=CARTESIAN_POINT('Ctrl Pts',(2.14742398936765,38.5387622621059,13.5190584435159));
#6936=CARTESIAN_POINT('Ctrl Pts',(1.61864973501327,36.4894810161658,13.4080209585408));
#6937=CARTESIAN_POINT('Ctrl Pts',(-0.389242471079836,35.8205081167741,13.2969834735657));
#6938=CARTESIAN_POINT('Ctrl Pts',(-2.04144590773982,37.1431492781845,13.1859459885907));
#6939=CARTESIAN_POINT('Ctrl Pts',(-1.82818135113225,39.2487784124701,13.0749085036156));
#6940=CARTESIAN_POINT('Ctrl Pts',(0.0556706226675123,40.213277066496,12.9638710186405));
#6941=CARTESIAN_POINT('Ctrl Pts',(1.88865089128884,39.1552888296875,12.8528335336654));
#6942=CARTESIAN_POINT('Ctrl Pts',(1.99578691744556,37.0416006813548,12.7417960486903));
#6943=CARTESIAN_POINT('Ctrl Pts',(0.279177874951192,35.8036952785761,12.6307585637152));
#6944=CARTESIAN_POINT('Ctrl Pts',(-1.69254292127787,36.5727676175482,12.5197210787402));
#6945=CARTESIAN_POINT('Ctrl Pts',(-2.11762289785603,38.6460409136672,12.4086835937651));
#6946=CARTESIAN_POINT('Ctrl Pts',(-0.607623473355143,40.1289643083414,12.29764610879));
#6947=CARTESIAN_POINT('Ctrl Pts',(1.45761859685202,39.6664443818141,12.1866086238149));
#6948=CARTESIAN_POINT('Ctrl Pts',(2.19089676952486,37.6811343317439,12.0755711388398));
#6949=CARTESIAN_POINT('Ctrl Pts',(0.922130735653285,35.9871980237918,11.9645336538647));
#6950=CARTESIAN_POINT('Ctrl Pts',(-1.18925926874971,36.1325646909134,11.8534961688896));
#6951=CARTESIAN_POINT('Ctrl Pts',(-2.21394051390433,37.9843695571529,11.7424586839146));
#6952=CARTESIAN_POINT('Ctrl Pts',(-1.21546232875153,39.8504960523222,11.6314211989395));
#6953=CARTESIAN_POINT('Ctrl Pts',(0.893570146400365,40.0255672132006,11.5203837139644));
#6954=CARTESIAN_POINT('Ctrl Pts',(2.18632352057158,38.3498332776588,11.4093462289893));
#6955=CARTESIAN_POINT('Ctrl Pts',(1.48069628406912,36.3541178288902,11.2983087440142));
#6956=CARTESIAN_POINT('Ctrl Pts',(-0.576943598476603,35.8630130144156,11.1872712590391));
#6957=CARTESIAN_POINT('Ctrl Pts',(-2.10945982674951,37.3234609233257,11.076233774064));
#6958=CARTESIAN_POINT('Ctrl Pts',(-1.7101144368048,39.4046782513017,10.965196289089));
#6959=CARTESIAN_POINT('Ctrl Pts',(-0.408543843877172,39.9316636713863,10.8911712991056));
#6960=CARTESIAN_POINT('Ctrl Pts',(0.210019622404136,39.8618902429508,10.8541588041139));
#6961=CARTESIAN_POINT('Ctrl Pts',(-0.765401523712438,36.1522552915786,15.9999999999999));
#6962=CARTESIAN_POINT('Ctrl Pts',(-1.37926551272635,36.4065395714372,15.9629875050082));
#6963=CARTESIAN_POINT('Ctrl Pts',(-2.32295648688458,37.5710294046537,15.8889625150248));
#6964=CARTESIAN_POINT('Ctrl Pts',(-1.62113943075259,39.7214367859835,15.7779250300497));
#6965=CARTESIAN_POINT('Ctrl Pts',(0.564717085113159,40.2942266608569,15.6668875450746));
#6966=CARTESIAN_POINT('Ctrl Pts',(2.23321835664432,38.7727755219778,15.5558500600995));
#6967=CARTESIAN_POINT('Ctrl Pts',(1.86167163631759,36.5440572955569,15.4448125751245));
#6968=CARTESIAN_POINT('Ctrl Pts',(-0.211397745552318,35.646330983668,15.3337750901493));
#6969=CARTESIAN_POINT('Ctrl Pts',(-2.09112575535842,36.8991025994082,15.2227376051743));
#6970=CARTESIAN_POINT('Ctrl Pts',(-2.06007212685197,39.1580113753648,15.1117001201992));
#6971=CARTESIAN_POINT('Ctrl Pts',(-0.146487889419839,40.358662072011,15.0006626352241));
#6972=CARTESIAN_POINT('Ctrl Pts',(1.90093550655377,39.4040087395605,14.889625150249));
#6973=CARTESIAN_POINT('Ctrl Pts',(2.21129953567114,37.1663581277925,14.7785876652739));
#6974=CARTESIAN_POINT('Ctrl Pts',(0.500978437559478,35.690496203003,14.6675501802988));
#6975=CARTESIAN_POINT('Ctrl Pts',(-1.66713279321295,36.3250484206116,14.5565126953238));
#6976=CARTESIAN_POINT('Ctrl Pts',(-2.31182372123155,38.4901693112511,14.4454752103487));
#6977=CARTESIAN_POINT('Ctrl Pts',(-0.843975426167856,40.2073736242718,14.3344377253736));
#6978=CARTESIAN_POINT('Ctrl Pts',(1.3950950970233,39.907486181942,14.2234002403985));
#6979=CARTESIAN_POINT('Ctrl Pts',(2.3593314909392,37.8645425057434,14.1123627554234));
#6980=CARTESIAN_POINT('Ctrl Pts',(1.16761677250354,35.9453796807496,14.0013252704483));
#6981=CARTESIAN_POINT('Ctrl Pts',(-1.09106309634538,35.9037235290491,13.8902877854733));
#6982=CARTESIAN_POINT('Ctrl Pts',(-2.35273234513062,37.7776394421321,13.7792503004982));
#6983=CARTESIAN_POINT('Ctrl Pts',(-1.46448083854102,39.8547478409664,13.6682128155231));
#6984=CARTESIAN_POINT('Ctrl Pts',(0.762009473451949,40.2369924589383,13.557175330548));
#6985=CARTESIAN_POINT('Ctrl Pts',(2.29217749744126,38.5750791365767,13.4461378455729));
#6986=CARTESIAN_POINT('Ctrl Pts',(1.72775964001837,36.3876599864091,13.3351003605978));
#6987=CARTESIAN_POINT('Ctrl Pts',(-0.415480518833338,35.6735929768312,13.2240628756227));
#6988=CARTESIAN_POINT('Ctrl Pts',(-2.17905564766587,37.0853907039615,13.1130253906477));
#6989=CARTESIAN_POINT('Ctrl Pts',(-1.9514153586135,39.3329560396674,13.0019879056726));
#6990=CARTESIAN_POINT('Ctrl Pts',(0.0594232667506866,40.3624695973146,12.8909504206975));
#6991=CARTESIAN_POINT('Ctrl Pts',(2.01596102817564,39.2331645131871,12.7799129357224));
#6992=CARTESIAN_POINT('Ctrl Pts',(2.13031887717873,36.976996921596,12.6688754507473));
#6993=CARTESIAN_POINT('Ctrl Pts',(0.297996690879396,35.6556468192133,12.5578379657723));
#6994=CARTESIAN_POINT('Ctrl Pts',(-1.80663381652407,36.4765607691479,12.4468004807971));
#6995=CARTESIAN_POINT('Ctrl Pts',(-2.26036757462194,38.6895892250745,12.3357629958221));
#6996=CARTESIAN_POINT('Ctrl Pts',(-0.648582142808177,40.2724734866507,12.224725510847));
#6997=CARTESIAN_POINT('Ctrl Pts',(1.5558737185105,39.7787760272979,12.1136880258719));
#6998=CARTESIAN_POINT('Ctrl Pts',(2.3385806897875,37.6596402419355,12.0026505408968));
#6999=CARTESIAN_POINT('Ctrl Pts',(0.984289703583792,35.8515191133595,11.8916130559218));
#7000=CARTESIAN_POINT('Ctrl Pts',(-1.26942483084314,36.0066846535155,11.7805755709466));
#7001=CARTESIAN_POINT('Ctrl Pts',(-2.36317776637085,37.9833159406124,11.6695380859716));
#7002=CARTESIAN_POINT('Ctrl Pts',(-1.2973941861254,39.9752342486804,11.5585006009965));
#7003=CARTESIAN_POINT('Ctrl Pts',(0.953803902771593,40.1621066024416,11.4474631160214));
#7004=CARTESIAN_POINT('Ctrl Pts',(2.33369916737143,38.3734148313868,11.3364256310463));
#7005=CARTESIAN_POINT('Ctrl Pts',(1.58050702594952,36.243172240444,11.2253881460712));
#7006=CARTESIAN_POINT('Ctrl Pts',(-0.615834199612476,35.7189630436587,11.1143506610961));
#7007=CARTESIAN_POINT('Ctrl Pts',(-2.25165424740151,37.2778567924311,11.0033131761211));
#7008=CARTESIAN_POINT('Ctrl Pts',(-1.82538979237522,39.4993647713357,10.892275691146));
#7009=CARTESIAN_POINT('Ctrl Pts',(-0.436082958134952,40.0618732127885,10.8182507011626));
#7010=CARTESIAN_POINT('Ctrl Pts',(0.224176620396994,39.9873964986551,10.7812382061709));
#7011=CARTESIAN_POINT('Ctrl Pts',(0.18170562641842,39.6108777315421,10.9999999999999));
#7012=CARTESIAN_POINT('Ctrl Pts',(0.122033070225611,39.6249000801529,10.9999999999999));
#7013=CARTESIAN_POINT('Ctrl Pts',(0.061674461445783,39.6352221999187,10.9999999999999));
#7014=CARTESIAN_POINT('Ctrl Pts',(0.00091424017268869,39.6420185057797,
10.9999999999999));
#7015=CARTESIAN_POINT('Ctrl Pts',(-0.0317295798812474,39.6456698648583,
10.9999999999999));
#7016=CARTESIAN_POINT('Ctrl Pts',(-0.0644897981155327,39.6483027308281,
10.9999999999999));
#7017=CARTESIAN_POINT('Ctrl Pts',(-0.0973249042307085,39.6499387282676,
10.9999999999999));
#7018=CARTESIAN_POINT('Ctrl Pts',(-0.115282650825819,39.6508334665805,10.9999999999999));
#7019=CARTESIAN_POINT('Ctrl Pts',(-0.133262823263857,39.6514299685625,10.9999999999999));
#7020=CARTESIAN_POINT('Ctrl Pts',(-0.151258786322704,39.651731297994,10.9999999999999));
#7021=CARTESIAN_POINT('Ctrl Pts',(-0.166010301372215,39.6519783014818,10.9999999999999));
#7022=CARTESIAN_POINT('Ctrl Pts',(-0.180771180181267,39.6520268302445,10.9999999999999));
#7023=CARTESIAN_POINT('Ctrl Pts',(-0.195525082669743,39.6518789714616,10.9999999999999));
#7024=CARTESIAN_POINT('Ctrl Pts',(-0.251488354377817,39.6513181258651,10.9999999999999));
#7025=CARTESIAN_POINT('Ctrl Pts',(-0.307398882545954,39.6479350986262,10.9999999999999));
#7026=CARTESIAN_POINT('Ctrl Pts',(-0.363055081663095,39.6418401513081,10.9999999999999));
#7027=CARTESIAN_POINT('Ctrl Pts',(-0.393423314696793,39.6385145059457,10.9999999999999));
#7028=CARTESIAN_POINT('Ctrl Pts',(-0.423716029398529,39.6343809491417,10.9999999999999));
#7029=CARTESIAN_POINT('Ctrl Pts',(-0.453901457534526,39.6294537620505,10.9999999999999));
#7030=CARTESIAN_POINT('Ctrl Pts',(-0.474741708263589,39.626051994353,10.9999999999999));
#7031=CARTESIAN_POINT('Ctrl Pts',(-0.495530832239714,39.6222718795644,10.9999999999999));
#7032=CARTESIAN_POINT('Ctrl Pts',(-0.516258455214025,39.6181174171497,10.9999999999999));
#7033=CARTESIAN_POINT('Ctrl Pts',(-0.529315889387861,39.6155002999059,10.9999999999999));
#7034=CARTESIAN_POINT('Ctrl Pts',(-0.542340477914989,39.6127362753776,10.9999999999999));
#7035=CARTESIAN_POINT('Ctrl Pts',(-0.555325743139672,39.6098277885342,10.9999999999999));
#7036=CARTESIAN_POINT('Ctrl Pts',(-0.619803054667258,39.5953859262364,10.9999999999999));
#7037=CARTESIAN_POINT('Ctrl Pts',(-0.683340401329354,39.5773802615413,10.9999999999999));
#7038=CARTESIAN_POINT('Ctrl Pts',(-0.745628035340577,39.5559845809543,10.9999999999999));
#7039=CARTESIAN_POINT('Ctrl Pts',(-0.808990704741248,39.5342196278115,10.9999999999999));
#7040=CARTESIAN_POINT('Ctrl Pts',(-0.871061199957287,39.5089466190935,10.9999999999999));
#7041=CARTESIAN_POINT('Ctrl Pts',(-0.931519297062055,39.4802953954457,10.9999999999999));
#7042=CARTESIAN_POINT('Ctrl Pts',(-0.975188511841936,39.4596004596291,10.9999999999999));
#7043=CARTESIAN_POINT('Ctrl Pts',(-1.01801668009137,39.4371419016658,10.9999999999999));
#7044=CARTESIAN_POINT('Ctrl Pts',(-1.05988012683564,39.4129520163031,10.9999999999999));
#7045=CARTESIAN_POINT('Ctrl Pts',(-1.08237518705301,39.3999537333091,10.9999999999999));
#7046=CARTESIAN_POINT('Ctrl Pts',(-1.10459162592486,39.386455315013,10.9999999999999));
#7047=CARTESIAN_POINT('Ctrl Pts',(-1.12650956346504,39.3724601662861,10.9999999999999));
#7048=CARTESIAN_POINT('Ctrl Pts',(-1.13707296437475,39.3657151718484,10.9999999999999));
#7049=CARTESIAN_POINT('Ctrl Pts',(-1.14756826339287,39.3588538261989,10.9999999999999));
#7050=CARTESIAN_POINT('Ctrl Pts',(-1.15797757123747,39.3518872380061,10.9999999999999));
#7051=CARTESIAN_POINT('Ctrl Pts',(-1.21532352564013,39.3135075825274,10.9999999999999));
#7052=CARTESIAN_POINT('Ctrl Pts',(-1.27016798700606,39.2718706538937,10.9999999999999));
#7053=CARTESIAN_POINT('Ctrl Pts',(-1.32218223514226,39.2271286121807,10.9999999999999));
#7054=CARTESIAN_POINT('Ctrl Pts',(-1.35050840848917,39.2027627725334,10.9999999999999));
#7055=CARTESIAN_POINT('Ctrl Pts',(-1.37799516161464,39.1774751291162,10.9999999999999));
#7056=CARTESIAN_POINT('Ctrl Pts',(-1.40458787299137,39.15128393146,10.9999999999999));
#7057=CARTESIAN_POINT('Ctrl Pts',(-1.4518631440742,39.1047224525782,10.9999999999999));
#7058=CARTESIAN_POINT('Ctrl Pts',(-1.496314911424,39.055307895173,10.9999999999999));
#7059=CARTESIAN_POINT('Ctrl Pts',(-1.53791151628582,39.0033677951801,10.9999999999999));
#7060=CARTESIAN_POINT('Ctrl Pts',(-1.55929986426781,38.9766609777232,10.9999999999999));
#7061=CARTESIAN_POINT('Ctrl Pts',(-1.57993286239762,38.949285726517,10.9999999999999));
#7062=CARTESIAN_POINT('Ctrl Pts',(-1.59980285331926,38.9212825794495,10.9999999999999));
#7063=CARTESIAN_POINT('Ctrl Pts',(-1.60964083884122,38.9074177238234,10.9999999999999));
#7064=CARTESIAN_POINT('Ctrl Pts',(-1.61929174224739,38.8933989073877,10.9999999999999));
#7065=CARTESIAN_POINT('Ctrl Pts',(-1.62875440612387,38.8792308471144,10.9999999999999));
#7066=CARTESIAN_POINT('Ctrl Pts',(-1.63493720146713,38.8699736000828,10.9999999999999));
#7067=CARTESIAN_POINT('Ctrl Pts',(-1.64103715169668,38.8606562606184,10.9999999999999));
#7068=CARTESIAN_POINT('Ctrl Pts',(-1.6470498728142,38.8512871042202,10.9999999999999));
#7069=CARTESIAN_POINT('Ctrl Pts',(-1.68435134555737,38.7931631158988,10.9999999999999));
#7070=CARTESIAN_POINT('Ctrl Pts',(-1.71834931013594,38.7329722431399,10.9999999999999));
#7071=CARTESIAN_POINT('Ctrl Pts',(-1.74903311576016,38.6710917503308,10.9999999999999));
#7072=CARTESIAN_POINT('Ctrl Pts',(-1.78041967503628,38.6077940036505,10.9999999999999));
#7073=CARTESIAN_POINT('Ctrl Pts',(-1.80833905224729,38.5427276239873,10.9999999999999));
#7074=CARTESIAN_POINT('Ctrl Pts',(-1.83274463274194,38.4762533799952,10.9999999999999));
#7075=CARTESIAN_POINT('Ctrl Pts',(-1.85737925813217,38.4091552792473,10.9999999999999));
#7076=CARTESIAN_POINT('Ctrl Pts',(-1.87843432553765,38.3406218359595,10.9999999999999));
#7077=CARTESIAN_POINT('Ctrl Pts',(-1.89581872318754,38.2709935251095,10.9999999999999));
#7078=CARTESIAN_POINT('Ctrl Pts',(-1.90008526415019,38.2539050963709,10.9999999999999));
#7079=CARTESIAN_POINT('Ctrl Pts',(-1.90413048825079,38.2367506158412,10.9999999999999));
#7080=CARTESIAN_POINT('Ctrl Pts',(-1.90795260155681,38.2195349407125,10.9999999999999));
#7081=CARTESIAN_POINT('Ctrl Pts',(-1.91108706207061,38.2054166115085,10.9999999999999));
#7082=CARTESIAN_POINT('Ctrl Pts',(-1.91407184358587,38.1912546552518,10.9999999999999));
#7083=CARTESIAN_POINT('Ctrl Pts',(-1.91690158773101,38.1770749174639,10.9999999999999));
#7084=CARTESIAN_POINT('Ctrl Pts',(-1.93132393282403,38.104805107468,10.9999999999999));
#7085=CARTESIAN_POINT('Ctrl Pts',(-1.94175165552818,38.031951298044,10.9999999999999));
#7086=CARTESIAN_POINT('Ctrl Pts',(-1.94814497039542,37.9589001956182,10.9999999999999));
#7087=CARTESIAN_POINT('Ctrl Pts',(-1.95456166752357,37.8855819235049,10.9999999999999));
#7088=CARTESIAN_POINT('Ctrl Pts',(-1.95691483847384,37.8120638787083,10.9999999999999));
#7089=CARTESIAN_POINT('Ctrl Pts',(-1.9551185452793,37.738711482529,10.9999999999999));
#7090=CARTESIAN_POINT('Ctrl Pts',(-1.95336009939854,37.6669045974962,10.9999999999999));
#7091=CARTESIAN_POINT('Ctrl Pts',(-1.9476254373608,37.5952554188836,10.9999999999999));
#7092=CARTESIAN_POINT('Ctrl Pts',(-1.93778549765635,37.5240977412856,10.9999999999999));
#7093=CARTESIAN_POINT('Ctrl Pts',(-1.93412837115127,37.4976511738675,10.9999999999999));
#7094=CARTESIAN_POINT('Ctrl Pts',(-1.92990366723666,37.471272485343,10.9999999999999));
#7095=CARTESIAN_POINT('Ctrl Pts',(-1.925102897919,37.444978923551,10.9999999999999));
#7096=CARTESIAN_POINT('Ctrl Pts',(-1.14791070040495,39.1486899191627,15.9999999999999));
#7097=CARTESIAN_POINT('Ctrl Pts',(-1.19517380878444,39.1113068225302,15.9999999999999));
#7098=CARTESIAN_POINT('Ctrl Pts',(-1.24004278872532,39.0711463378423,15.9999999999999));
#7099=CARTESIAN_POINT('Ctrl Pts',(-1.28247852062835,39.0285571543392,15.9999999999999));
#7100=CARTESIAN_POINT('Ctrl Pts',(-1.3268292843494,38.9840460140828,15.9999999999999));
#7101=CARTESIAN_POINT('Ctrl Pts',(-1.36852286314491,38.936881695433,15.9999999999999));
#7102=CARTESIAN_POINT('Ctrl Pts',(-1.40749386584619,38.8874086752092,15.9999999999999));
#7103=CARTESIAN_POINT('Ctrl Pts',(-1.44086034829358,38.8450504974233,15.9999999999999));
#7104=CARTESIAN_POINT('Ctrl Pts',(-1.47223087011994,38.8009987339189,15.9999999999999));
#7105=CARTESIAN_POINT('Ctrl Pts',(-1.50154775385964,38.7554440869576,15.9999999999999));
#7106=CARTESIAN_POINT('Ctrl Pts',(-1.51524738582758,38.7341566301003,15.9999999999999));
#7107=CARTESIAN_POINT('Ctrl Pts',(-1.52849833260916,38.7125406997254,15.9999999999999));
#7108=CARTESIAN_POINT('Ctrl Pts',(-1.54129331464503,38.6906143620116,15.9999999999999));
#7109=CARTESIAN_POINT('Ctrl Pts',(-1.54727764432873,38.6803592140741,15.9999999999999));
#7110=CARTESIAN_POINT('Ctrl Pts',(-1.55316297577319,38.6700347878237,15.9999999999999));
#7111=CARTESIAN_POINT('Ctrl Pts',(-1.55894612405186,38.6596471337593,15.9999999999999));
#7112=CARTESIAN_POINT('Ctrl Pts',(-1.59082222820236,38.6023914787283,15.9999999999999));
#7113=CARTESIAN_POINT('Ctrl Pts',(-1.61946404379032,38.5434578338643,15.9999999999999));
#7114=CARTESIAN_POINT('Ctrl Pts',(-1.64480962884237,38.4832101056394,15.9999999999999));
#7115=CARTESIAN_POINT('Ctrl Pts',(-1.67168478505226,38.4193265099752,15.9999999999999));
#7116=CARTESIAN_POINT('Ctrl Pts',(-1.69485486297323,38.353964832097,15.9999999999999));
#7117=CARTESIAN_POINT('Ctrl Pts',(-1.71420693630648,38.2875114729848,15.9999999999999));
#7118=CARTESIAN_POINT('Ctrl Pts',(-1.72872099130642,38.2376714536506,15.9999999999999));
#7119=CARTESIAN_POINT('Ctrl Pts',(-1.74108666592005,38.1872162421004,15.9999999999999));
#7120=CARTESIAN_POINT('Ctrl Pts',(-1.7512379631664,38.1362966888012,15.9999999999999));
#7121=CARTESIAN_POINT('Ctrl Pts',(-1.75682069973464,38.1082933267339,15.9999999999999));
#7122=CARTESIAN_POINT('Ctrl Pts',(-1.76173340603827,38.0801493736735,15.9999999999999));
#7123=CARTESIAN_POINT('Ctrl Pts',(-1.76596275762547,38.0518891080049,15.9999999999999));
#7124=CARTESIAN_POINT('Ctrl Pts',(-1.76832245540183,38.0361217534395,15.9999999999999));
#7125=CARTESIAN_POINT('Ctrl Pts',(-1.77046992488976,38.0203127163713,15.9999999999999));
#7126=CARTESIAN_POINT('Ctrl Pts',(-1.77239914693461,38.0044980375083,15.9999999999999));
#7127=CARTESIAN_POINT('Ctrl Pts',(-1.78075490604159,37.9360022169847,15.9999999999999));
#7128=CARTESIAN_POINT('Ctrl Pts',(-1.78503691944595,37.8673082053775,15.9999999999999));
#7129=CARTESIAN_POINT('Ctrl Pts',(-1.78514771192356,37.7987814160952,15.9999999999999));
#7130=CARTESIAN_POINT('Ctrl Pts',(-1.78521559414242,37.7567952577551,15.9999999999999));
#7131=CARTESIAN_POINT('Ctrl Pts',(-1.78371681532974,37.7148712041544,15.9999999999999));
#7132=CARTESIAN_POINT('Ctrl Pts',(-1.78062033012816,37.6730889262762,15.9999999999999));
#7133=CARTESIAN_POINT('Ctrl Pts',(-1.77571843701992,37.6069454614622,15.9999999999999));
#7134=CARTESIAN_POINT('Ctrl Pts',(-1.76681553767017,37.541157180132,15.9999999999999));
#7135=CARTESIAN_POINT('Ctrl Pts',(-1.75413311905779,37.4759485491632,15.9999999999999));
#7136=CARTESIAN_POINT('Ctrl Pts',(-1.74740095969415,37.441334103056,15.9999999999999));
#7137=CARTESIAN_POINT('Ctrl Pts',(-1.73960292335957,37.4068829088353,15.9999999999999));
#7138=CARTESIAN_POINT('Ctrl Pts',(-1.73076632274595,37.3726286581481,15.9999999999999));
#7139=CARTESIAN_POINT('Ctrl Pts',(-1.72784090253675,37.3612885420115,15.9999999999999));
#7140=CARTESIAN_POINT('Ctrl Pts',(-1.72480162539476,37.3499700145032,15.9999999999999));
#7141=CARTESIAN_POINT('Ctrl Pts',(-1.72164939022068,37.33867431267,15.9999999999999));
#7142=CARTESIAN_POINT('Ctrl Pts',(-1.71864240377555,37.3278990943169,15.9999999999999));
#7143=CARTESIAN_POINT('Ctrl Pts',(-1.71553528739037,37.3171541800661,15.9999999999999));
#7144=CARTESIAN_POINT('Ctrl Pts',(-1.71232944021471,37.306440897911,15.9999999999999));
#7145=CARTESIAN_POINT('Ctrl Pts',(-1.69260559076639,37.2405278481789,15.9999999999999));
#7146=CARTESIAN_POINT('Ctrl Pts',(-1.66914800282592,37.1758092808553,15.9999999999999));
#7147=CARTESIAN_POINT('Ctrl Pts',(-1.64223206353154,37.1125248409079,15.9999999999999));
#7148=CARTESIAN_POINT('Ctrl Pts',(-1.61474862043046,37.0479060926838,15.9999999999999));
#7149=CARTESIAN_POINT('Ctrl Pts',(-1.58365923422785,36.9847817345187,15.9999999999999));
#7150=CARTESIAN_POINT('Ctrl Pts',(-1.54920152742733,36.9234065713078,15.9999999999999));
#7151=CARTESIAN_POINT('Ctrl Pts',(-1.52304595701393,36.8768189555884,15.9999999999999));
#7152=CARTESIAN_POINT('Ctrl Pts',(-1.49494844796583,36.8312390755115,15.9999999999999));
#7153=CARTESIAN_POINT('Ctrl Pts',(-1.46499360678811,36.7867829673623,15.9999999999999));
#7154=CARTESIAN_POINT('Ctrl Pts',(-1.44382786492172,36.7553707991626,15.9999999999999));
#7155=CARTESIAN_POINT('Ctrl Pts',(-1.42173447103765,36.7245197757103,15.9999999999999));
#7156=CARTESIAN_POINT('Ctrl Pts',(-1.39873875148814,36.694273072447,15.9999999999999));
#7157=CARTESIAN_POINT('Ctrl Pts',(-1.39059265923338,36.6835583637963,15.9999999999999));
#7158=CARTESIAN_POINT('Ctrl Pts',(-1.38233825217715,36.6729260715042,15.9999999999999));
#7159=CARTESIAN_POINT('Ctrl Pts',(-1.37397982653864,36.6623813701567,15.9999999999999));
#7160=CARTESIAN_POINT('Ctrl Pts',(-1.33251757871347,36.6100740291067,15.9999999999999));
#7161=CARTESIAN_POINT('Ctrl Pts',(-1.2884776826266,36.5598936586236,15.9999999999999));
#7162=CARTESIAN_POINT('Ctrl Pts',(-1.24204068542102,36.5120528163968,15.9999999999999));
#7163=CARTESIAN_POINT('Ctrl Pts',(-1.20153467022142,36.4703222567351,15.9999999999999));
#7164=CARTESIAN_POINT('Ctrl Pts',(-1.15920408479629,36.430371635645,15.9999999999999));
#7165=CARTESIAN_POINT('Ctrl Pts',(-1.11514876737424,36.3923520946923,15.9999999999999));
#7166=CARTESIAN_POINT('Ctrl Pts',(-1.10238070654872,36.3813333155789,15.9999999999999));
#7167=CARTESIAN_POINT('Ctrl Pts',(-1.08947479124052,36.3704830041826,15.9999999999999));
#7168=CARTESIAN_POINT('Ctrl Pts',(-1.07643637942799,36.3598065949099,15.9999999999999));
#7169=CARTESIAN_POINT('Ctrl Pts',(-1.0193199724793,36.3130372379101,15.9999999999999));
#7170=CARTESIAN_POINT('Ctrl Pts',(-0.95964897649179,36.269589556674,15.9999999999999));
#7171=CARTESIAN_POINT('Ctrl Pts',(-0.897638756888424,36.2297561504944,15.9999999999999));
#7172=CARTESIAN_POINT('Ctrl Pts',(-0.854663940069774,36.2021504857382,15.9999999999999));
#7173=CARTESIAN_POINT('Ctrl Pts',(-0.810564653594474,36.1762811487423,15.9999999999999));
#7174=CARTESIAN_POINT('Ctrl Pts',(-0.76540152371244,36.1522552915786,15.9999999999999));
#7175=CARTESIAN_POINT('Origin',(-4.71844785465692E-15,37.9999999999998,
15.9999999999999));
#7176=CARTESIAN_POINT('Origin',(32.9089653438085,-18.9999999999999,6.99999999999986));
#7177=CARTESIAN_POINT('',(39.8589653438085,-18.9999999999999,4.99999999999986));
#7178=CARTESIAN_POINT('Origin',(32.9089653438085,-18.9999999999999,4.99999999999986));
#7179=CARTESIAN_POINT('',(35.8589653438085,-18.9999999999999,8.99999999999986));
#7180=CARTESIAN_POINT('',(37.8589653438085,-18.9999999999999,6.99999999999986));
#7181=CARTESIAN_POINT('',(29.9589653438085,-18.9999999999999,8.99999999999986));
#7182=CARTESIAN_POINT('Origin',(32.9089653438085,-18.9999999999999,8.99999999999986));
#7183=CARTESIAN_POINT('Origin',(32.9089653438085,-18.9999999999999,8.99999999999986));
#7184=CARTESIAN_POINT('Origin',(2.8421709430404E-13,-1.42039158212981E-13,
4.99999999999986));
#7185=CARTESIAN_POINT('',(-44.9999999999997,-1.47549992576179E-13,4.99999999999986));
#7186=CARTESIAN_POINT('Origin',(2.8421709430404E-13,-1.42039158212981E-13,
4.99999999999986));
#7187=CARTESIAN_POINT('',(-25.9589653438085,-18.9999999999999,4.99999999999986));
#7188=CARTESIAN_POINT('Origin',(-32.9089653438085,-18.9999999999999,4.99999999999986));
#7189=CARTESIAN_POINT('',(-33.9000000000001,-1.41537059971001E-13,4.99999999999986));
#7190=CARTESIAN_POINT('Origin',(-38.0000000000001,-1.42039158212981E-13,
4.99999999999986));
#7191=CARTESIAN_POINT('',(-14.9000000000001,32.9089653438086,4.99999999999986));
#7192=CARTESIAN_POINT('Origin',(-19.0000000000001,32.9089653438086,4.99999999999986));
#7193=CARTESIAN_POINT('',(-28.8089653438089,18.9999999999999,4.99999999999986));
#7194=CARTESIAN_POINT('Origin',(-32.9089653438089,18.9999999999999,4.99999999999986));
#7195=CARTESIAN_POINT('',(23.0999999999998,32.9089653438086,4.99999999999986));
#7196=CARTESIAN_POINT('Origin',(18.9999999999998,32.9089653438086,4.99999999999986));
#7197=CARTESIAN_POINT('',(42.1000000000001,-1.77064196759006E-13,4.99999999999986));
#7198=CARTESIAN_POINT('Origin',(38.0000000000001,-1.77566295000986E-13,
4.99999999999986));
#7199=CARTESIAN_POINT('',(37.0089653438089,18.9999999999999,4.99999999999986));
#7200=CARTESIAN_POINT('Origin',(32.9089653438089,18.9999999999999,4.99999999999986));
#7201=CARTESIAN_POINT('',(23.0999999999998,-32.9089653438088,4.99999999999986));
#7202=CARTESIAN_POINT('Origin',(18.9999999999998,-32.9089653438088,4.99999999999986));
#7203=CARTESIAN_POINT('',(4.09999999999972,-38.0000000000001,4.99999999999986));
#7204=CARTESIAN_POINT('Origin',(-2.8421709430404E-13,-38.0000000000001,
4.99999999999986));
#7205=CARTESIAN_POINT('',(-14.9000000000001,-32.9089653438088,4.99999999999986));
#7206=CARTESIAN_POINT('Origin',(-19.0000000000001,-32.9089653438088,4.99999999999986));
#7207=CARTESIAN_POINT('',(30.0000000000003,-1.38365268637516E-13,4.99999999999986));
#7208=CARTESIAN_POINT('Origin',(2.8421709430404E-13,-1.42039158212981E-13,
4.99999999999986));
#7209=CARTESIAN_POINT('',(6.95,37.9999999999998,4.99999999999986));
#7210=CARTESIAN_POINT('Origin',(-4.6536329551671E-15,37.9999999999998,4.99999999999986));
#7211=CARTESIAN_POINT('Origin',(32.9089653438085,-18.9999999999999,4.99999999999986));
#7212=CARTESIAN_POINT('',(29.9589653438085,-18.9999999999999,10.9999999999999));
#7213=CARTESIAN_POINT('Origin',(32.9089653438085,-18.9999999999999,10.9999999999999));
#7214=CARTESIAN_POINT('',(29.9589653438085,-18.9999999999999,4.99999999999986));
#7215=CARTESIAN_POINT('Origin',(-32.9089653438085,-18.9999999999999,6.99999999999986));
#7216=CARTESIAN_POINT('',(-29.9589653438085,-18.9999999999999,8.99999999999986));
#7217=CARTESIAN_POINT('',(-27.9589653438085,-18.9999999999999,6.99999999999986));
#7218=CARTESIAN_POINT('',(-35.8589653438085,-18.9999999999999,8.99999999999986));
#7219=CARTESIAN_POINT('Origin',(-32.9089653438085,-18.9999999999999,8.99999999999986));
#7220=CARTESIAN_POINT('Origin',(-32.9089653438085,-18.9999999999999,8.99999999999986));
#7221=CARTESIAN_POINT('Origin',(-32.9089653438085,-18.9999999999999,4.99999999999986));
#7222=CARTESIAN_POINT('',(-35.8589653438085,-18.9999999999999,10.9999999999999));
#7223=CARTESIAN_POINT('Origin',(-32.9089653438085,-18.9999999999999,10.9999999999999));
#7224=CARTESIAN_POINT('',(-35.8589653438085,-18.9999999999999,4.99999999999986));
#7225=CARTESIAN_POINT('Origin',(-4.65358319198145E-15,37.9999999999998,
6.99999999999986));
#7226=CARTESIAN_POINT('',(2.95,37.9999999999998,8.99999999999986));
#7227=CARTESIAN_POINT('',(4.95,37.9999999999998,6.99999999999986));
#7228=CARTESIAN_POINT('',(-2.95,37.9999999999998,8.99999999999986));
#7229=CARTESIAN_POINT('Origin',(-4.6535334287958E-15,37.9999999999998,8.99999999999986));
#7230=CARTESIAN_POINT('Origin',(-4.6535334287958E-15,37.9999999999998,8.99999999999986));
#7231=CARTESIAN_POINT('Origin',(-4.6535334287958E-15,37.9999999999998,4.99999999999986));
#7232=CARTESIAN_POINT('',(-2.95,37.9999999999998,10.9999999999999));
#7233=CARTESIAN_POINT('Origin',(-4.6535334287958E-15,37.9999999999998,10.9999999999999));
#7234=CARTESIAN_POINT('',(-2.95,37.9999999999998,4.99999999999986));
#7235=CARTESIAN_POINT('Origin',(-32.9089653438085,-18.9999999999999,10.9999999999999));
#7236=CARTESIAN_POINT('Origin',(32.9089653438085,-18.9999999999999,10.9999999999999));
#7237=CARTESIAN_POINT('Origin',(-4.44089209850063E-15,37.9999999999998,
10.9999999999999));
#7238=CARTESIAN_POINT('Origin',(-38.0000000000001,-1.4210854715202E-13,
-1.42107601651493E-13));
#7239=CARTESIAN_POINT('',(-33.9000000000001,-1.4160644891004E-13,-1.42107703666023E-13));
#7240=CARTESIAN_POINT('',(-33.9000000000001,-1.4160644891004E-13,-1.42107601651493E-13));
#7241=CARTESIAN_POINT('Origin',(-38.0000000000001,-1.4210854715202E-13,
-1.42107601651493E-13));
#7242=CARTESIAN_POINT('Origin',(-19.0000000000001,32.9089653438086,-1.42564778039772E-13));
#7243=CARTESIAN_POINT('',(-14.9000000000001,32.9089653438086,-1.42564880054303E-13));
#7244=CARTESIAN_POINT('',(-14.9000000000001,32.9089653438086,-1.42564778039772E-13));
#7245=CARTESIAN_POINT('Origin',(-19.0000000000001,32.9089653438086,-1.42564778039772E-13));
#7246=CARTESIAN_POINT('Origin',(-32.9089653438089,18.9999999999999,-1.42371406292893E-13));
#7247=CARTESIAN_POINT('',(-28.8089653438089,18.9999999999999,-1.42371508307423E-13));
#7248=CARTESIAN_POINT('',(-28.8089653438089,18.9999999999999,-1.42371406292893E-13));
#7249=CARTESIAN_POINT('Origin',(-32.9089653438089,18.9999999999999,-1.42371406292893E-13));
#7250=CARTESIAN_POINT('Origin',(18.9999999999998,32.9089653438086,-1.425657235403E-13));
#7251=CARTESIAN_POINT('',(23.0999999999998,32.9089653438086,-1.4256582555483E-13));
#7252=CARTESIAN_POINT('',(23.0999999999998,32.9089653438086,-1.425657235403E-13));
#7253=CARTESIAN_POINT('Origin',(18.9999999999998,32.9089653438086,-1.425657235403E-13));
#7254=CARTESIAN_POINT('Origin',(38.0000000000001,-1.77635683940025E-13,
-1.42109492652547E-13));
#7255=CARTESIAN_POINT('',(42.1000000000001,-1.77133585698045E-13,-1.42109594667078E-13));
#7256=CARTESIAN_POINT('',(42.1000000000001,-1.77133585698045E-13,-1.42109492652547E-13));
#7257=CARTESIAN_POINT('Origin',(38.0000000000001,-1.77635683940025E-13,
-1.42109492652547E-13));
#7258=CARTESIAN_POINT('Origin',(32.9089653438089,18.9999999999999,-1.42373043947844E-13));
#7259=CARTESIAN_POINT('',(37.0089653438089,18.9999999999999,-1.42373145962375E-13));
#7260=CARTESIAN_POINT('',(37.0089653438089,18.9999999999999,-1.42373043947844E-13));
#7261=CARTESIAN_POINT('Origin',(32.9089653438089,18.9999999999999,-1.42373043947844E-13));
#7262=CARTESIAN_POINT('Origin',(18.9999999999998,-32.9089653438088,-1.41652316264268E-13));
#7263=CARTESIAN_POINT('',(23.0999999999998,-32.9089653438088,-1.41652418278798E-13));
#7264=CARTESIAN_POINT('',(23.0999999999998,-32.9089653438088,-1.41652316264268E-13));
#7265=CARTESIAN_POINT('Origin',(18.9999999999998,-32.9089653438088,-1.41652316264268E-13));
#7266=CARTESIAN_POINT('Origin',(-2.8421709430404E-13,-38.0000000000001,
-1.41581191215323E-13));
#7267=CARTESIAN_POINT('',(4.09999999999971,-38.0000000000001,-1.41581293229854E-13));
#7268=CARTESIAN_POINT('',(4.09999999999971,-38.0000000000001,-1.41581191215323E-13));
#7269=CARTESIAN_POINT('Origin',(-2.8421709430404E-13,-38.0000000000001,
-1.41581191215323E-13));
#7270=CARTESIAN_POINT('Origin',(-19.0000000000001,-32.9089653438088,-1.4165137076374E-13));
#7271=CARTESIAN_POINT('',(-14.9000000000001,-32.9089653438088,-1.41651472778271E-13));
#7272=CARTESIAN_POINT('',(-14.9000000000001,-32.9089653438088,-1.4165137076374E-13));
#7273=CARTESIAN_POINT('Origin',(-19.0000000000001,-32.9089653438088,-1.4165137076374E-13));
#7274=CARTESIAN_POINT('Origin',(2.8421709430404E-13,-1.4210854715202E-13,
-1.4210854715202E-13));
#7275=CARTESIAN_POINT('',(30.0000000000003,-1.38434657576555E-13,-1.42109293599805E-13));
#7276=CARTESIAN_POINT('',(30.0000000000003,-1.38434657576555E-13,-1.4210854715202E-13));
#7277=CARTESIAN_POINT('Origin',(2.8421709430404E-13,-1.4210854715202E-13,
-1.4210854715202E-13));
#7278=CARTESIAN_POINT('Origin',(2.8421709430404E-13,-1.4210854715202E-13,
-1.4210854715202E-13));
#7279=CARTESIAN_POINT('',(-44.9999999999997,-1.47619381515218E-13,-1.42109666823697E-13));
#7280=CARTESIAN_POINT('',(-44.9999999999997,-1.47619381515218E-13,-1.4210854715202E-13));
#7281=CARTESIAN_POINT('Origin',(2.8421709430404E-13,-1.4210854715202E-13,
-1.4210854715202E-13));
#7282=CARTESIAN_POINT('Origin',(2.8421709430404E-13,-1.4210854715202E-13,
-1.4210854715202E-13));
#7283=UNCERTAINTY_MEASURE_WITH_UNIT(LENGTH_MEASURE(0.01),#7287,
'DISTANCE_ACCURACY_VALUE',
'Maximum model space distance between geometric entities at asserted c
onnectivities');
#7284=UNCERTAINTY_MEASURE_WITH_UNIT(LENGTH_MEASURE(0.01),#7287,
'DISTANCE_ACCURACY_VALUE',
'Maximum model space distance between geometric entities at asserted c
onnectivities');
#7285=(
GEOMETRIC_REPRESENTATION_CONTEXT(3)
GLOBAL_UNCERTAINTY_ASSIGNED_CONTEXT((#7283))
GLOBAL_UNIT_ASSIGNED_CONTEXT((#7287,#7289,#7290))
REPRESENTATION_CONTEXT('','3D')
);
#7286=(
GEOMETRIC_REPRESENTATION_CONTEXT(3)
GLOBAL_UNCERTAINTY_ASSIGNED_CONTEXT((#7284))
GLOBAL_UNIT_ASSIGNED_CONTEXT((#7287,#7289,#7290))
REPRESENTATION_CONTEXT('','3D')
);
#7287=(
LENGTH_UNIT()
NAMED_UNIT(*)
SI_UNIT(.MILLI.,.METRE.)
);
#7288=(
LENGTH_UNIT()
NAMED_UNIT(*)
SI_UNIT(.CENTI.,.METRE.)
);
#7289=(
NAMED_UNIT(*)
PLANE_ANGLE_UNIT()
SI_UNIT($,.RADIAN.)
);
#7290=(
NAMED_UNIT(*)
SI_UNIT($,.STERADIAN.)
SOLID_ANGLE_UNIT()
);
#7291=SHAPE_DEFINITION_REPRESENTATION(#7292,#7293);
#7292=PRODUCT_DEFINITION_SHAPE('',$,#7295);
#7293=SHAPE_REPRESENTATION('',(#1248),#7285);
#7294=PRODUCT_DEFINITION_CONTEXT('part definition',#7299,'design');
#7295=PRODUCT_DEFINITION('Supporto marker Upright',
'Supporto marker Upright',#7296,#7294);
#7296=PRODUCT_DEFINITION_FORMATION('',$,#7301);
#7297=PRODUCT_RELATED_PRODUCT_CATEGORY('Supporto marker Upright',
'Supporto marker Upright',(#7301));
#7298=APPLICATION_PROTOCOL_DEFINITION('international standard',
'automotive_design',2009,#7299);
#7299=APPLICATION_CONTEXT(
'Core Data for Automotive Mechanical Design Process');
#7300=PRODUCT_CONTEXT('part definition',#7299,'mechanical');
#7301=PRODUCT('Supporto marker Upright','Supporto marker Upright',$,(#7300));
#7302=PRESENTATION_STYLE_ASSIGNMENT((#7303));
#7303=SURFACE_STYLE_USAGE(.BOTH.,#7306);
#7304=SURFACE_STYLE_RENDERING_WITH_PROPERTIES($,#7310,(#7305));
#7305=SURFACE_STYLE_TRANSPARENT(0.);
#7306=SURFACE_SIDE_STYLE('',(#7307,#7304));
#7307=SURFACE_STYLE_FILL_AREA(#7308);
#7308=FILL_AREA_STYLE('',(#7309));
#7309=FILL_AREA_STYLE_COLOUR('',#7310);
#7310=COLOUR_RGB('',0.270588235294118,0.270588235294118,0.270588235294118);
ENDSEC;
END-ISO-10303-21;
